"Time","trans wlxc83a35a4069d "
2024-10-18 20:21:00,0 b/s
2024-10-18 20:21:30,0 b/s
2024-10-18 20:22:00,0 b/s
2024-10-18 20:22:30,0 b/s
2024-10-18 20:23:00,0 b/s
2024-10-18 20:23:30,15.6 Mb/s
2024-10-18 20:24:00,0 b/s
2024-10-18 20:24:30,0 b/s
2024-10-18 20:25:00,3.05 Mb/s
2024-10-18 20:25:30,0 b/s
2024-10-18 20:26:00,0 b/s
2024-10-18 20:26:30,0 b/s
2024-10-18 20:27:00,0 b/s
2024-10-18 20:27:30,8.25 Mb/s
2024-10-18 20:28:00,3.88 Mb/s
2024-10-18 20:28:30,0 b/s
2024-10-18 20:29:00,0 b/s
2024-10-18 20:29:30,0 b/s
2024-10-18 20:30:00,1.69 Mb/s
2024-10-18 20:30:30,1.94 Mb/s
2024-10-18 20:31:00,17.4 kb/s
2024-10-18 20:31:30,5.80 Mb/s
2024-10-18 20:32:00,4.97 Mb/s
2024-10-18 20:32:30,19.1 Mb/s
2024-10-18 20:33:00,16.7 Mb/s
2024-10-18 20:33:30,12.4 Mb/s
2024-10-18 20:34:00,0 b/s
2024-10-18 20:34:30,13.3 Mb/s
2024-10-18 20:35:00,2.49 Mb/s
2024-10-18 20:35:30,0 b/s
2024-10-18 20:36:00,13.4 Mb/s
2024-10-18 20:36:30,4.95 Mb/s
2024-10-18 20:37:00,5.16 Mb/s
2024-10-18 20:37:30,0 b/s
2024-10-18 20:38:00,0 b/s
2024-10-18 20:38:30,0 b/s
2024-10-18 20:39:00,0 b/s
2024-10-18 20:39:30,0 b/s
2024-10-18 20:40:00,4.98 Mb/s
2024-10-18 20:40:30,5.41 Mb/s
2024-10-18 20:41:00,5.77 Mb/s
2024-10-18 20:41:30,0 b/s
2024-10-18 20:42:00,1.93 Mb/s
2024-10-18 20:42:30,2.21 Mb/s
2024-10-18 20:43:00,0 b/s
2024-10-18 20:43:30,0 b/s
2024-10-18 20:44:00,0 b/s
2024-10-18 20:44:30,2.17 kb/s
2024-10-18 20:45:00,1.18 kb/s
2024-10-18 20:45:30,0 b/s
2024-10-18 20:46:00,0 b/s
2024-10-18 20:46:30,0 b/s
2024-10-18 20:47:00,12.3 Mb/s
2024-10-18 20:47:30,0 b/s
2024-10-18 20:48:00,0 b/s
2024-10-18 20:48:30,0 b/s
2024-10-18 20:49:00,0 b/s
2024-10-18 20:49:30,0 b/s
2024-10-18 20:50:00,2.21 Mb/s
2024-10-18 20:50:30,2.22 Mb/s
2024-10-18 20:51:00,11.3 Mb/s
2024-10-18 20:51:30,4.18 Mb/s
2024-10-18 20:52:00,9.77 Mb/s
2024-10-18 20:52:30,0 b/s
2024-10-18 20:53:00,0 b/s
2024-10-18 20:53:30,0 b/s
2024-10-18 20:54:00,0 b/s
2024-10-18 20:54:30,0 b/s
2024-10-18 20:55:00,0 b/s
2024-10-18 20:55:30,0 b/s
2024-10-18 20:56:00,0 b/s
2024-10-18 20:56:30,5.23 Mb/s
2024-10-18 20:57:00,3.64 Mb/s
2024-10-18 20:57:30,4.43 Mb/s
2024-10-18 20:58:00,0 b/s
2024-10-18 20:58:30,0 b/s
2024-10-18 20:59:00,0 b/s
2024-10-18 20:59:30,0 b/s
2024-10-18 21:00:00,0 b/s
2024-10-18 21:00:30,0 b/s
2024-10-18 21:01:00,0 b/s
2024-10-18 21:01:30,0 b/s
2024-10-18 21:02:00,0 b/s
2024-10-18 21:02:30,0 b/s
2024-10-18 21:03:00,0 b/s
2024-10-18 21:03:30,0 b/s
2024-10-18 21:04:00,0 b/s
2024-10-18 21:04:30,0 b/s
2024-10-18 21:05:00,0 b/s
2024-10-18 21:05:30,0 b/s
2024-10-18 21:06:00,577 b/s
2024-10-18 21:06:30,3.23 Mb/s
2024-10-18 21:07:00,8.36 Mb/s
2024-10-18 21:07:30,0 b/s
2024-10-18 21:08:00,0 b/s
2024-10-18 21:08:30,0 b/s
2024-10-18 21:09:00,0 b/s
2024-10-18 21:09:30,0 b/s
2024-10-18 21:10:00,828 kb/s
2024-10-18 21:10:30,829 kb/s
2024-10-18 21:11:00,1.18 kb/s
2024-10-18 21:11:30,0 b/s
2024-10-18 21:12:00,0 b/s
2024-10-18 21:12:30,0 b/s
2024-10-18 21:13:00,11.2 Mb/s
2024-10-18 21:13:30,5.58 Mb/s
2024-10-18 21:14:00,0 b/s
2024-10-18 21:14:30,0 b/s
2024-10-18 21:15:00,0 b/s
2024-10-18 21:15:30,0 b/s
2024-10-18 21:16:00,0 b/s
2024-10-18 21:16:30,0 b/s
2024-10-18 21:17:00,0 b/s
2024-10-18 21:17:30,0 b/s
2024-10-18 21:18:00,0 b/s
2024-10-18 21:18:30,0 b/s
2024-10-18 21:19:00,0 b/s
2024-10-18 21:19:30,0 b/s
2024-10-18 21:20:00,7.79 Mb/s
2024-10-18 21:20:30,0 b/s
2024-10-18 21:21:00,22.3 Mb/s
2024-10-18 21:21:30,23.5 Mb/s
2024-10-18 21:22:00,0 b/s
2024-10-18 21:22:30,0 b/s
2024-10-18 21:23:00,0 b/s
2024-10-18 21:23:30,2.18 kb/s
2024-10-18 21:24:00,9.97 Mb/s
2024-10-18 21:24:30,17.4 Mb/s
2024-10-18 21:25:00,0 b/s
2024-10-18 21:25:30,3.59 Mb/s
2024-10-18 21:26:00,2.49 Mb/s
2024-10-18 21:26:30,2.77 Mb/s
2024-10-18 21:27:00,0 b/s
2024-10-18 21:27:30,18.5 Mb/s
2024-10-18 21:28:00,0 b/s
2024-10-18 21:28:30,0 b/s
2024-10-18 21:29:00,0 b/s
2024-10-18 21:29:30,0 b/s
2024-10-18 21:30:00,0 b/s
2024-10-18 21:30:30,0 b/s
2024-10-18 21:31:00,3.87 Mb/s
2024-10-18 21:31:30,3.86 Mb/s
2024-10-18 21:32:00,0 b/s
2024-10-18 21:32:30,0 b/s
2024-10-18 21:33:00,0 b/s
2024-10-18 21:33:30,15.7 Mb/s
2024-10-18 21:34:00,10.5 Mb/s
2024-10-18 21:34:30,0 b/s
2024-10-18 21:35:00,6.03 Mb/s
2024-10-18 21:35:30,6.54 Mb/s
2024-10-18 21:36:00,11.1 Mb/s
2024-10-18 21:36:30,6.59 Mb/s
2024-10-18 21:37:00,0 b/s
2024-10-18 21:37:30,0 b/s
2024-10-18 21:38:00,0 b/s
2024-10-18 21:38:30,0 b/s
2024-10-18 21:39:00,11.9 Mb/s
2024-10-18 21:39:30,10.8 Mb/s
2024-10-18 21:40:00,2.96 Mb/s
2024-10-18 21:40:30,10.4 Mb/s
2024-10-18 21:41:00,15.7 Mb/s
2024-10-18 21:41:30,0 b/s
2024-10-18 21:42:00,272 b/s
2024-10-18 21:42:30,22.6 Mb/s
2024-10-18 21:43:00,18.2 Mb/s
2024-10-18 21:43:30,18.5 Mb/s
2024-10-18 21:44:00,20.5 Mb/s
2024-10-18 21:44:30,0 b/s
2024-10-18 21:45:00,0 b/s
2024-10-18 21:45:30,11.0 Mb/s
2024-10-18 21:46:00,10.2 Mb/s
2024-10-18 21:46:30,1.19 kb/s
2024-10-18 21:47:00,0 b/s
2024-10-18 21:47:30,0 b/s
2024-10-18 21:48:00,0 b/s
2024-10-18 21:48:30,9.95 Mb/s
2024-10-18 21:49:00,0 b/s
2024-10-18 21:49:30,5.20 Mb/s
2024-10-18 21:50:00,15.4 Mb/s
2024-10-18 21:50:30,0 b/s
2024-10-18 21:51:00,0 b/s
2024-10-18 21:51:30,0 b/s
2024-10-18 21:52:00,0 b/s
2024-10-18 21:52:30,0 b/s
2024-10-18 21:53:00,0 b/s
2024-10-18 21:53:30,0 b/s
2024-10-18 21:54:00,0 b/s
2024-10-18 21:54:30,0 b/s
2024-10-18 21:55:00,0 b/s
2024-10-18 21:55:30,2.09 Mb/s
2024-10-18 21:56:00,10.5 Mb/s
2024-10-18 21:56:30,23.6 Mb/s
2024-10-18 21:57:00,14.5 Mb/s
2024-10-18 21:57:30,6.56 Mb/s
2024-10-18 21:58:00,0 b/s
2024-10-18 21:58:30,0 b/s
2024-10-18 21:59:00,1.38 Mb/s
2024-10-18 21:59:30,0 b/s
2024-10-18 22:00:00,0 b/s
2024-10-18 22:00:30,0 b/s
2024-10-18 22:01:00,0 b/s
2024-10-18 22:01:30,0 b/s
2024-10-18 22:02:00,19.3 Mb/s
2024-10-18 22:02:30,0 b/s
2024-10-18 22:04:00,0 b/s
2024-10-18 22:04:30,1.18 kb/s
2024-10-18 22:05:00,0 b/s
2024-10-18 22:05:30,0 b/s
2024-10-18 22:06:00,0 b/s
2024-10-18 22:06:30,11.3 Mb/s
2024-10-18 22:07:00,13.2 Mb/s
2024-10-18 22:07:30,0 b/s
2024-10-18 22:08:00,2.64 Mb/s
2024-10-18 22:08:30,2.28 Mb/s
2024-10-18 22:09:00,16.2 Mb/s
2024-10-18 22:09:30,0 b/s
2024-10-18 22:10:00,0 b/s
2024-10-18 22:10:30,0 b/s
2024-10-18 22:11:00,0 b/s
2024-10-18 22:11:30,0 b/s
2024-10-18 22:12:00,0 b/s
2024-10-18 22:12:30,0 b/s
2024-10-18 22:13:00,7.73 Mb/s
2024-10-18 22:13:30,2.21 Mb/s
2024-10-18 22:14:00,4.19 Mb/s
2024-10-18 22:14:30,0 b/s
2024-10-18 22:15:00,9.41 Mb/s
2024-10-18 22:15:30,9.15 Mb/s
2024-10-18 22:16:00,9.67 Mb/s
2024-10-18 22:16:30,10.5 Mb/s
2024-10-18 22:17:00,0 b/s
2024-10-18 22:17:30,0 b/s
2024-10-18 22:18:00,0 b/s
2024-10-18 22:18:30,0 b/s
2024-10-18 22:19:00,0 b/s
2024-10-18 22:19:30,12.5 Mb/s
2024-10-18 22:20:00,1.66 Mb/s
2024-10-18 22:20:30,11.9 Mb/s
2024-10-18 22:21:00,0 b/s
2024-10-18 22:21:30,10.8 Mb/s
2024-10-18 22:22:00,0 b/s
2024-10-18 22:22:30,0 b/s
2024-10-18 22:23:00,0 b/s
2024-10-18 22:23:30,0 b/s
2024-10-18 22:24:00,1.18 kb/s
2024-10-18 22:24:30,0 b/s
2024-10-18 22:25:00,0 b/s
2024-10-18 22:25:30,0 b/s
2024-10-18 22:26:00,0 b/s
2024-10-18 22:26:30,0 b/s
2024-10-18 22:27:00,18.0 Mb/s
2024-10-18 22:27:30,6.37 Mb/s
2024-10-18 22:28:00,0 b/s
2024-10-18 22:28:30,9.46 Mb/s
2024-10-18 22:29:00,10.5 Mb/s
2024-10-18 22:29:30,5.12 Mb/s
2024-10-18 22:30:00,0 b/s
2024-10-18 22:30:30,0 b/s
2024-10-18 22:31:00,0 b/s
2024-10-18 22:31:30,0 b/s
2024-10-18 22:32:00,1.11 Mb/s
2024-10-18 22:32:30,1.11 Mb/s
2024-10-18 22:33:00,1.11 Mb/s
2024-10-18 22:33:30,0 b/s
2024-10-18 22:34:00,13.3 Mb/s
2024-10-18 22:34:30,12.1 Mb/s
2024-10-18 22:35:00,11.9 Mb/s
2024-10-18 22:35:30,0 b/s
2024-10-18 22:36:00,0 b/s
2024-10-18 22:36:30,7.88 Mb/s
2024-10-18 22:37:00,2.48 Mb/s
2024-10-18 22:37:30,2.49 kb/s
2024-10-18 22:38:00,3.32 Mb/s
2024-10-18 22:38:30,3.32 Mb/s
2024-10-18 22:39:00,3.05 Mb/s
2024-10-18 22:39:30,0 b/s
2024-10-18 22:40:00,0 b/s
2024-10-18 22:40:30,0 b/s
2024-10-18 22:41:00,8.30 Mb/s
2024-10-18 22:41:30,11.0 Mb/s
2024-10-18 22:42:00,9.38 Mb/s
2024-10-18 22:42:30,0 b/s
2024-10-18 22:43:00,0 b/s
2024-10-18 22:43:30,0 b/s
2024-10-18 22:44:00,0 b/s
2024-10-18 22:44:30,0 b/s
2024-10-18 22:45:00,0 b/s
2024-10-18 22:45:30,0 b/s
2024-10-18 22:46:00,0 b/s
2024-10-18 22:46:30,0 b/s
2024-10-18 22:47:00,2.21 Mb/s
2024-10-18 22:47:30,0 b/s
2024-10-18 22:48:00,0 b/s
2024-10-18 22:48:30,0 b/s
2024-10-18 22:49:00,0 b/s
2024-10-18 22:49:30,0 b/s
2024-10-18 22:50:00,0 b/s
2024-10-18 22:50:30,0 b/s
2024-10-18 22:51:00,0 b/s
2024-10-18 22:51:30,7.22 Mb/s
2024-10-18 22:52:00,9.67 Mb/s
2024-10-18 22:52:30,9.94 Mb/s
2024-10-18 22:53:00,0 b/s
2024-10-18 22:53:30,8.51 Mb/s
2024-10-18 22:54:00,6.16 Mb/s
2024-10-18 22:54:30,1.18 kb/s
2024-10-18 22:55:00,0 b/s
2024-10-18 22:55:30,0 b/s
2024-10-18 22:56:00,2.49 kb/s
2024-10-18 22:56:30,0 b/s
2024-10-18 22:57:00,0 b/s
2024-10-18 22:57:30,0 b/s
2024-10-18 22:58:00,0 b/s
2024-10-18 22:58:30,2.49 kb/s
2024-10-18 22:59:00,0 b/s
2024-10-18 22:59:30,21.1 Mb/s
2024-10-18 23:00:00,0 b/s
2024-10-18 23:00:30,0 b/s
2024-10-18 23:01:00,2.49 kb/s
2024-10-18 23:01:30,0 b/s
2024-10-18 23:02:00,0 b/s
2024-10-18 23:02:30,0 b/s
2024-10-18 23:03:00,0 b/s
2024-10-18 23:03:30,2.49 kb/s
2024-10-18 23:04:00,0 b/s
2024-10-18 23:04:30,0 b/s
2024-10-18 23:05:00,0 b/s
2024-10-18 23:05:30,3.96 Mb/s
2024-10-18 23:06:00,4.77 Mb/s
2024-10-18 23:06:30,11.3 Mb/s
2024-10-18 23:07:00,0 b/s
2024-10-18 23:07:30,0 b/s
2024-10-18 23:08:00,0 b/s
2024-10-18 23:08:30,2.49 kb/s
2024-10-18 23:09:00,0 b/s
2024-10-18 23:09:30,0 b/s
2024-10-18 23:10:00,0 b/s
2024-10-18 23:10:30,0 b/s
2024-10-18 23:11:00,1.94 Mb/s
2024-10-18 23:11:30,1.94 Mb/s
2024-10-18 23:12:00,1.94 Mb/s
2024-10-18 23:12:30,0 b/s
2024-10-18 23:13:00,0 b/s
2024-10-18 23:13:30,2.49 kb/s
2024-10-18 23:14:00,0 b/s
2024-10-18 23:14:30,0 b/s
2024-10-18 23:15:00,0 b/s
2024-10-18 23:15:30,13.0 Mb/s
2024-10-18 23:16:00,2.49 kb/s
2024-10-18 23:16:30,0 b/s
2024-10-18 23:17:00,0 b/s
2024-10-18 23:17:30,0 b/s
2024-10-18 23:18:00,0 b/s
2024-10-18 23:18:30,2.49 kb/s
2024-10-18 23:19:00,8.01 Mb/s
2024-10-18 23:19:30,5.50 Mb/s
2024-10-18 23:20:00,8.66 Mb/s
2024-10-18 23:20:30,8.82 Mb/s
2024-10-18 23:21:00,2.49 kb/s
2024-10-18 23:21:30,2.86 Mb/s
2024-10-18 23:22:00,3.87 Mb/s
2024-10-18 23:22:30,4.14 Mb/s
2024-10-18 23:23:00,4.71 Mb/s
2024-10-18 23:23:30,5.26 Mb/s
2024-10-18 23:24:00,5.67 Mb/s
2024-10-18 23:24:30,0 b/s
2024-10-18 23:25:00,9.93 Mb/s
2024-10-18 23:25:30,15.2 Mb/s
2024-10-18 23:26:00,10.4 Mb/s
2024-10-18 23:26:30,0 b/s
2024-10-18 23:27:00,11.7 Mb/s
2024-10-18 23:27:30,0 b/s
2024-10-18 23:28:00,5.92 Mb/s
2024-10-18 23:28:30,3.70 Mb/s
2024-10-18 23:29:00,7.21 Mb/s
2024-10-18 23:29:30,11.4 Mb/s
2024-10-18 23:30:00,11.1 Mb/s
2024-10-18 23:30:30,9.40 Mb/s
2024-10-18 23:31:00,12.6 Mb/s
2024-10-18 23:31:30,22.9 Mb/s
2024-10-18 23:32:00,3.14 Mb/s
2024-10-18 23:32:30,7.30 Mb/s
2024-10-18 23:33:00,0 b/s
2024-10-18 23:33:30,20.1 Mb/s
2024-10-18 23:34:00,6.89 Mb/s
2024-10-18 23:34:30,0 b/s
2024-10-18 23:35:00,3.92 Mb/s
2024-10-18 23:35:30,12.1 Mb/s
2024-10-18 23:36:00,2.49 kb/s
2024-10-18 23:36:30,10.5 Mb/s
2024-10-18 23:37:00,8.26 Mb/s
2024-10-18 23:37:30,0 b/s
2024-10-18 23:38:00,0 b/s
2024-10-18 23:38:30,2.49 kb/s
2024-10-18 23:39:00,0 b/s
2024-10-18 23:39:30,2.64 Mb/s
2024-10-18 23:40:00,0 b/s
2024-10-18 23:40:30,0 b/s
2024-10-18 23:41:00,2.49 kb/s
2024-10-18 23:41:30,0 b/s
2024-10-18 23:42:00,0 b/s
2024-10-18 23:42:30,0 b/s
2024-10-18 23:43:00,3.07 Mb/s
2024-10-18 23:43:30,21.2 Mb/s
2024-10-18 23:44:00,0 b/s
2024-10-18 23:44:30,7.74 Mb/s
2024-10-18 23:45:00,8.59 Mb/s
2024-10-18 23:45:30,21.6 Mb/s
2024-10-18 23:46:00,2.49 kb/s
2024-10-18 23:46:30,0 b/s
2024-10-18 23:47:00,0 b/s
2024-10-18 23:47:30,0 b/s
2024-10-18 23:48:00,0 b/s
2024-10-18 23:48:30,2.49 kb/s
2024-10-18 23:49:00,0 b/s
2024-10-18 23:49:30,0 b/s
2024-10-18 23:50:00,1.66 Mb/s
2024-10-18 23:50:30,1.66 Mb/s
2024-10-18 23:51:00,1.11 Mb/s
2024-10-18 23:51:30,5.08 Mb/s
2024-10-18 23:52:00,13.9 Mb/s
2024-10-18 23:52:30,14.5 Mb/s
2024-10-18 23:53:00,5.05 Mb/s
2024-10-18 23:53:30,2.49 kb/s
2024-10-18 23:54:00,0 b/s
2024-10-18 23:54:30,0 b/s
2024-10-18 23:55:00,0 b/s
2024-10-18 23:55:30,0 b/s
2024-10-18 23:56:00,2.49 kb/s
2024-10-18 23:56:30,0 b/s
2024-10-18 23:57:00,0 b/s
2024-10-18 23:57:30,3.10 Mb/s
2024-10-18 23:58:00,6.91 Mb/s
2024-10-18 23:58:30,3.45 Mb/s
2024-10-18 23:59:00,22.8 Mb/s
2024-10-18 23:59:30,0 b/s
2024-10-19 00:00:00,0 b/s
2024-10-19 00:00:30,0 b/s
2024-10-19 00:01:00,1.67 Mb/s
2024-10-19 00:01:30,7.17 Mb/s
2024-10-19 00:02:00,5.06 Mb/s
2024-10-19 00:02:30,5.74 Mb/s
2024-10-19 00:03:00,6.11 Mb/s
2024-10-19 00:03:30,2.49 kb/s
2024-10-19 00:04:00,0 b/s
2024-10-19 00:04:30,0 b/s
2024-10-19 00:05:00,0 b/s
2024-10-19 00:05:30,0 b/s
2024-10-19 00:06:00,2.49 kb/s
2024-10-19 00:06:30,0 b/s
2024-10-19 00:07:00,0 b/s
2024-10-19 00:07:30,2.30 kb/s
2024-10-19 00:08:00,6.62 Mb/s
2024-10-19 00:08:30,0 b/s
2024-10-19 00:09:00,0 b/s
2024-10-19 00:09:30,0 b/s
2024-10-19 00:10:00,0 b/s
2024-10-19 00:10:30,0 b/s
2024-10-19 00:11:00,2.49 kb/s
2024-10-19 00:11:30,0 b/s
2024-10-19 00:12:00,0 b/s
2024-10-19 00:12:30,2.18 kb/s
2024-10-19 00:13:00,1.94 Mb/s
2024-10-19 00:13:30,1.66 Mb/s
2024-10-19 00:14:00,224 b/s
2024-10-19 00:14:30,0 b/s
2024-10-19 00:15:00,0 b/s
2024-10-19 00:15:30,0 b/s
2024-10-19 00:16:00,4.32 Mb/s
2024-10-19 00:16:30,6.00 Mb/s
2024-10-19 00:17:00,1.25 Mb/s
2024-10-19 00:17:30,0 b/s
2024-10-19 00:18:00,0 b/s
2024-10-19 00:18:30,0 b/s
2024-10-19 00:19:30,237 b/s
2024-10-19 00:20:00,0 b/s
2024-10-19 00:20:30,0 b/s
2024-10-19 00:21:00,2.49 kb/s
2024-10-19 00:21:30,0 b/s
2024-10-19 00:22:00,10.8 Mb/s
2024-10-19 00:22:30,14.6 Mb/s
2024-10-19 00:23:00,12.8 Mb/s
2024-10-19 00:23:30,12.1 Mb/s
2024-10-19 00:24:00,11.4 Mb/s
2024-10-19 00:24:30,0 b/s
2024-10-19 00:25:00,6.59 Mb/s
2024-10-19 00:25:30,0 b/s
2024-10-19 00:26:00,22.9 Mb/s
2024-10-19 00:26:30,24.3 Mb/s
2024-10-19 00:27:00,12.7 Mb/s
2024-10-19 00:27:30,3.20 Mb/s
2024-10-19 00:28:00,276 kb/s
2024-10-19 00:28:30,2.49 kb/s
2024-10-19 00:29:00,0 b/s
2024-10-19 00:29:30,0 b/s
2024-10-19 00:30:00,0 b/s
2024-10-19 00:30:30,0 b/s
2024-10-19 00:31:00,2.49 kb/s
2024-10-19 00:31:30,3.23 Mb/s
2024-10-19 00:32:00,7.21 Mb/s
2024-10-19 00:32:30,5.48 Mb/s
2024-10-19 00:33:00,18.2 Mb/s
2024-10-19 00:33:30,2.49 kb/s
2024-10-19 00:34:00,0 b/s
2024-10-19 00:34:30,0 b/s
2024-10-19 00:35:00,0 b/s
2024-10-19 00:35:30,0 b/s
2024-10-19 00:36:00,4.41 Mb/s
2024-10-19 00:36:30,0 b/s
2024-10-19 00:37:00,0 b/s
2024-10-19 00:37:30,0 b/s
2024-10-19 00:38:00,0 b/s
2024-10-19 00:38:30,2.49 kb/s
2024-10-19 00:39:00,0 b/s
2024-10-19 00:39:30,0 b/s
2024-10-19 00:40:00,0 b/s
2024-10-19 00:40:30,0 b/s
2024-10-19 00:41:00,2.49 kb/s
2024-10-19 00:41:30,8.80 Mb/s
2024-10-19 00:42:00,14.0 Mb/s
2024-10-19 00:42:30,0 b/s
2024-10-19 00:43:00,0 b/s
2024-10-19 00:43:30,2.49 kb/s
2024-10-19 00:44:00,0 b/s
2024-10-19 00:44:30,0 b/s
2024-10-19 00:45:00,0 b/s
2024-10-19 00:45:30,0 b/s
2024-10-19 00:46:00,2.49 kb/s
2024-10-19 00:46:30,0 b/s
2024-10-19 00:47:00,0 b/s
2024-10-19 00:47:30,0 b/s
2024-10-19 00:48:00,0 b/s
2024-10-19 00:48:30,1.11 Mb/s
2024-10-19 00:49:00,831 kb/s
2024-10-19 00:49:30,1.11 Mb/s
2024-10-19 00:50:00,24.7 Mb/s
2024-10-19 00:50:30,7.46 Mb/s
2024-10-19 00:51:00,45.2 Mb/s
2024-10-19 00:51:30,0 b/s
2024-10-19 00:52:00,6.55 Mb/s
2024-10-19 00:52:30,10.5 Mb/s
2024-10-19 00:53:00,0 b/s
2024-10-19 00:53:30,2.49 kb/s
2024-10-19 00:54:00,0 b/s
2024-10-19 00:54:30,12.5 Mb/s
2024-10-19 00:55:00,13.8 Mb/s
2024-10-19 00:55:30,10.8 Mb/s
2024-10-19 00:56:00,2.49 kb/s
2024-10-19 00:56:30,9.92 Mb/s
2024-10-19 00:57:00,0 b/s
2024-10-19 00:57:30,0 b/s
2024-10-19 00:58:00,0 b/s
2024-10-19 00:58:30,2.49 kb/s
2024-10-19 00:59:00,11.0 Mb/s
2024-10-19 00:59:30,11.9 Mb/s
2024-10-19 01:00:00,0 b/s
2024-10-19 01:00:30,3.32 Mb/s
2024-10-19 01:01:00,2.49 kb/s
2024-10-19 01:01:30,4.03 Mb/s
2024-10-19 01:02:00,11.0 Mb/s
2024-10-19 01:02:30,15.3 Mb/s
2024-10-19 01:03:00,3.87 Mb/s
2024-10-19 01:03:30,10.2 Mb/s
2024-10-19 01:04:00,0 b/s
2024-10-19 01:04:30,3.46 Mb/s
2024-10-19 01:05:00,4.64 Mb/s
2024-10-19 01:05:30,11.0 Mb/s
2024-10-19 01:06:00,2.49 kb/s
2024-10-19 01:06:30,0 b/s
2024-10-19 01:07:00,0 b/s
2024-10-19 01:07:30,0 b/s
2024-10-19 01:08:00,19.3 Mb/s
2024-10-19 01:08:30,15.3 Mb/s
2024-10-19 01:09:00,12.7 Mb/s
2024-10-19 01:09:30,0 b/s
2024-10-19 01:10:00,0 b/s
2024-10-19 01:10:30,0 b/s
2024-10-19 01:11:00,5.78 Mb/s
2024-10-19 01:11:30,3.89 Mb/s
2024-10-19 01:12:00,16.4 Mb/s
2024-10-19 01:12:30,6.70 Mb/s
2024-10-19 01:13:00,0 b/s
2024-10-19 01:13:30,2.49 kb/s
2024-10-19 01:14:00,0 b/s
2024-10-19 01:14:30,0 b/s
2024-10-19 01:15:00,0 b/s
2024-10-19 01:15:30,0 b/s
2024-10-19 01:16:00,2.49 kb/s
2024-10-19 01:16:30,0 b/s
2024-10-19 01:17:00,0 b/s
2024-10-19 01:17:30,0 b/s
2024-10-19 01:18:00,0 b/s
2024-10-19 01:18:30,2.49 kb/s
2024-10-19 01:19:00,0 b/s
2024-10-19 01:19:30,448 b/s
2024-10-19 01:20:00,10.7 Mb/s
2024-10-19 01:20:30,6.53 Mb/s
2024-10-19 01:21:00,2.49 kb/s
2024-10-19 01:21:30,9.95 Mb/s
2024-10-19 01:22:00,8.62 Mb/s
2024-10-19 01:22:30,8.01 Mb/s
2024-10-19 01:23:00,0 b/s
2024-10-19 01:23:30,7.37 Mb/s
2024-10-19 01:24:00,224 b/s
2024-10-19 01:24:30,7.28 Mb/s
2024-10-19 01:25:00,10.5 Mb/s
2024-10-19 01:25:30,8.85 Mb/s
2024-10-19 01:26:00,10.5 Mb/s
2024-10-19 01:26:30,4.53 Mb/s
2024-10-19 01:27:00,0 b/s
2024-10-19 01:27:30,17.1 Mb/s
2024-10-19 01:28:00,4.65 Mb/s
2024-10-19 01:28:30,2.49 kb/s
2024-10-19 01:29:00,0 b/s
2024-10-19 01:29:30,9.22 Mb/s
2024-10-19 01:30:00,3.07 Mb/s
2024-10-19 01:30:30,14.5 Mb/s
2024-10-19 01:31:00,10.2 Mb/s
2024-10-19 01:31:30,4.42 Mb/s
2024-10-19 01:32:00,5.10 Mb/s
2024-10-19 01:32:30,0 b/s
2024-10-19 01:33:00,0 b/s
2024-10-19 01:33:30,2.49 kb/s
2024-10-19 01:34:00,0 b/s
2024-10-19 01:34:30,0 b/s
2024-10-19 01:35:00,0 b/s
2024-10-19 01:35:30,9.08 Mb/s
2024-10-19 01:36:00,3.13 Mb/s
2024-10-19 01:36:30,2.55 Mb/s
2024-10-19 01:37:00,0 b/s
2024-10-19 01:37:30,9.93 Mb/s
2024-10-19 01:38:00,0 b/s
2024-10-19 01:38:30,2.49 kb/s
2024-10-19 01:39:00,0 b/s
2024-10-19 01:39:30,224 b/s
2024-10-19 01:40:00,6.78 Mb/s
2024-10-19 01:40:30,9.87 Mb/s
2024-10-19 01:41:00,3.04 Mb/s
2024-10-19 01:41:30,0 b/s
2024-10-19 01:42:00,0 b/s
2024-10-19 01:42:30,0 b/s
2024-10-19 01:43:00,0 b/s
2024-10-19 01:43:30,16.6 Mb/s
2024-10-19 01:44:00,22.4 Mb/s
2024-10-19 01:44:30,19.3 Mb/s
2024-10-19 01:45:00,14.8 Mb/s
2024-10-19 01:45:30,0 b/s
2024-10-19 01:46:00,9.18 Mb/s
2024-10-19 01:46:30,16.1 Mb/s
2024-10-19 01:47:00,12.7 Mb/s
2024-10-19 01:47:30,0 b/s
2024-10-19 01:48:00,0 b/s
2024-10-19 01:48:30,2.49 kb/s
2024-10-19 01:49:00,0 b/s
2024-10-19 01:49:30,0 b/s
2024-10-19 01:50:00,0 b/s
2024-10-19 01:50:30,2.21 Mb/s
2024-10-19 01:51:00,2.49 kb/s
2024-10-19 01:51:30,0 b/s
2024-10-19 01:52:00,3.87 Mb/s
2024-10-19 01:52:30,4.42 Mb/s
2024-10-19 01:53:00,0 b/s
2024-10-19 01:53:30,2.49 kb/s
2024-10-19 01:54:00,0 b/s
2024-10-19 01:54:30,0 b/s
2024-10-19 01:55:00,0 b/s
2024-10-19 01:55:30,2.70 Mb/s
2024-10-19 01:56:00,5.91 Mb/s
2024-10-19 01:56:30,4.31 Mb/s
2024-10-19 01:57:00,0 b/s
2024-10-19 01:57:30,0 b/s
2024-10-19 01:58:00,0 b/s
2024-10-19 01:58:30,2.49 kb/s
2024-10-19 01:59:00,0 b/s
2024-10-19 01:59:30,0 b/s
2024-10-19 02:00:00,0 b/s
2024-10-19 02:00:30,0 b/s
2024-10-19 02:01:00,2.49 kb/s
2024-10-19 02:01:30,2.77 Mb/s
2024-10-19 02:02:00,4.98 Mb/s
2024-10-19 02:02:30,0 b/s
2024-10-19 02:03:00,10.3 Mb/s
2024-10-19 02:03:30,10.7 Mb/s
2024-10-19 02:04:00,9.64 Mb/s
2024-10-19 02:04:30,0 b/s
2024-10-19 02:05:00,9.32 Mb/s
2024-10-19 02:05:30,2.82 Mb/s
2024-10-19 02:06:00,14.6 Mb/s
2024-10-19 02:06:30,21.1 Mb/s
2024-10-19 02:07:00,14.4 Mb/s
2024-10-19 02:07:30,9.62 Mb/s
2024-10-19 02:08:00,6.58 Mb/s
2024-10-19 02:08:30,12.9 Mb/s
2024-10-19 02:09:00,9.28 Mb/s
2024-10-19 02:09:30,5.81 Mb/s
2024-10-19 02:10:00,0 b/s
2024-10-19 02:10:30,8.86 Mb/s
2024-10-19 02:11:00,9.40 Mb/s
2024-10-19 02:11:30,2.29 Mb/s
2024-10-19 02:12:00,13.5 Mb/s
2024-10-19 02:12:30,15.7 Mb/s
2024-10-19 02:13:00,0 b/s
2024-10-19 02:13:30,12.4 Mb/s
2024-10-19 02:14:00,10.9 Mb/s
2024-10-19 02:14:30,20.9 Mb/s
2024-10-19 02:15:00,6.40 Mb/s
2024-10-19 02:15:30,3.32 Mb/s
2024-10-19 02:16:00,2.49 kb/s
2024-10-19 02:16:30,0 b/s
2024-10-19 02:17:00,0 b/s
2024-10-19 02:17:30,0 b/s
2024-10-19 02:18:00,0 b/s
2024-10-19 02:18:30,4.02 kb/s
2024-10-19 02:19:00,5.33 Mb/s
2024-10-19 02:19:30,4.20 Mb/s
2024-10-19 02:20:00,0 b/s
2024-10-19 02:20:30,224 b/s
2024-10-19 02:21:00,2.49 kb/s
2024-10-19 02:21:30,0 b/s
2024-10-19 02:22:00,0 b/s
2024-10-19 02:22:30,122 kb/s
2024-10-19 02:23:00,0 b/s
2024-10-19 02:23:30,14.1 Mb/s
2024-10-19 02:24:00,7.88 Mb/s
2024-10-19 02:24:30,15.9 Mb/s
2024-10-19 02:25:00,4.55 Mb/s
2024-10-19 02:25:30,13.5 Mb/s
2024-10-19 02:26:00,1.20 Mb/s
2024-10-19 02:26:30,2.96 Mb/s
2024-10-19 02:27:00,19.9 Mb/s
2024-10-19 02:27:30,1.12 Mb/s
2024-10-19 02:28:00,7.99 Mb/s
2024-10-19 02:28:30,7.64 Mb/s
2024-10-19 02:29:00,10.2 Mb/s
2024-10-19 02:29:30,0 b/s
2024-10-19 02:30:00,8.98 Mb/s
2024-10-19 02:30:30,5.09 Mb/s
2024-10-19 02:31:00,8.84 Mb/s
2024-10-19 02:31:30,3.87 Mb/s
2024-10-19 02:32:00,0 b/s
2024-10-19 02:32:30,3.43 Mb/s
2024-10-19 02:33:00,5.47 Mb/s
2024-10-19 02:33:30,32.6 Mb/s
2024-10-19 02:34:00,20.2 Mb/s
2024-10-19 02:34:30,0 b/s
2024-10-19 02:35:00,0 b/s
2024-10-19 02:35:30,0 b/s
2024-10-19 02:36:00,6.29 Mb/s
2024-10-19 02:36:30,0 b/s
2024-10-19 02:37:00,0 b/s
2024-10-19 02:37:30,0 b/s
2024-10-19 02:38:00,0 b/s
2024-10-19 02:38:30,2.49 kb/s
2024-10-19 02:39:00,0 b/s
2024-10-19 02:39:30,0 b/s
2024-10-19 02:40:00,0 b/s
2024-10-19 02:40:30,21.5 Mb/s
2024-10-19 02:41:00,2.49 kb/s
2024-10-19 02:41:30,8.89 Mb/s
2024-10-19 02:42:00,11.3 Mb/s
2024-10-19 02:42:30,11.1 Mb/s
2024-10-19 02:43:00,0 b/s
2024-10-19 02:43:30,2.49 kb/s
2024-10-19 02:44:00,0 b/s
2024-10-19 02:44:30,0 b/s
2024-10-19 02:45:00,0 b/s
2024-10-19 02:45:30,0 b/s
2024-10-19 02:46:00,2.49 kb/s
2024-10-19 02:46:30,0 b/s
2024-10-19 02:47:00,0 b/s
2024-10-19 02:47:30,0 b/s
2024-10-19 02:48:00,0 b/s
2024-10-19 02:48:30,2.21 Mb/s
2024-10-19 02:49:00,2.21 Mb/s
2024-10-19 02:49:30,1.94 Mb/s
2024-10-19 02:50:00,1.94 Mb/s
2024-10-19 02:50:30,0 b/s
2024-10-19 02:51:00,2.49 kb/s
2024-10-19 02:51:30,1.18 kb/s
2024-10-19 02:52:00,0 b/s
2024-10-19 02:52:30,0 b/s
2024-10-19 02:53:00,0 b/s
2024-10-19 02:53:30,2.49 kb/s
2024-10-19 02:54:00,0 b/s
2024-10-19 02:54:30,0 b/s
2024-10-19 02:55:00,5.62 Mb/s
2024-10-19 02:55:30,0 b/s
2024-10-19 02:56:00,12.6 Mb/s
2024-10-19 02:56:30,5.95 Mb/s
2024-10-19 02:57:00,2.97 Mb/s
2024-10-19 02:57:30,0 b/s
2024-10-19 02:58:00,523 kb/s
2024-10-19 02:58:30,2.49 kb/s
2024-10-19 02:59:00,0 b/s
2024-10-19 02:59:30,7.01 Mb/s
2024-10-19 03:00:00,1.38 Mb/s
2024-10-19 03:00:30,11.7 Mb/s
2024-10-19 03:01:00,2.49 kb/s
2024-10-19 03:01:30,12.9 Mb/s
2024-10-19 03:02:00,0 b/s
2024-10-19 03:02:30,0 b/s
2024-10-19 03:03:00,0 b/s
2024-10-19 03:03:30,9.37 Mb/s
2024-10-19 03:04:00,9.61 Mb/s
2024-10-19 03:04:30,5.87 Mb/s
2024-10-19 03:05:00,8.86 Mb/s
2024-10-19 03:05:30,4.98 Mb/s
2024-10-19 03:06:00,4.98 Mb/s
2024-10-19 03:06:30,224 b/s
2024-10-19 03:07:00,0 b/s
2024-10-19 03:07:30,0 b/s
2024-10-19 03:08:00,0 b/s
2024-10-19 03:08:30,2.49 kb/s
2024-10-19 03:09:00,0 b/s
2024-10-19 03:09:30,1.11 Mb/s
2024-10-19 03:10:00,0 b/s
2024-10-19 03:10:30,15.6 Mb/s
2024-10-19 03:11:00,2.49 kb/s
2024-10-19 03:11:30,0 b/s
2024-10-19 03:12:00,0 b/s
2024-10-19 03:12:30,0 b/s
2024-10-19 03:13:00,0 b/s
2024-10-19 03:13:30,183 b/s
2024-10-19 03:14:00,0 b/s
2024-10-19 03:14:30,0 b/s
2024-10-19 03:15:00,0 b/s
2024-10-19 03:15:30,0 b/s
2024-10-19 03:16:00,2.49 kb/s
2024-10-19 03:16:30,0 b/s
2024-10-19 03:17:00,0 b/s
2024-10-19 03:17:30,9.91 Mb/s
2024-10-19 03:18:00,11.5 Mb/s
2024-10-19 03:18:30,17.1 Mb/s
2024-10-19 03:19:00,7.54 Mb/s
2024-10-19 03:19:30,27.6 Mb/s
2024-10-19 03:20:00,39.3 Mb/s
2024-10-19 03:20:30,0 b/s
2024-10-19 03:21:00,3.13 kb/s
2024-10-19 03:21:30,4.98 Mb/s
2024-10-19 03:22:00,10.1 Mb/s
2024-10-19 03:22:30,9.37 Mb/s
2024-10-19 03:23:00,0 b/s
2024-10-19 03:23:30,1.10 Mb/s
2024-10-19 03:24:00,1.19 kb/s
2024-10-19 03:24:30,0 b/s
2024-10-19 03:25:00,0 b/s
2024-10-19 03:25:30,0 b/s
2024-10-19 03:26:00,2.49 kb/s
2024-10-19 03:26:30,224 b/s
2024-10-19 03:27:00,10.7 Mb/s
2024-10-19 03:27:30,0 b/s
2024-10-19 03:28:00,16.0 Mb/s
2024-10-19 03:28:30,26.4 Mb/s
2024-10-19 03:29:00,0 b/s
2024-10-19 03:29:30,25.7 Mb/s
2024-10-19 03:30:00,20.7 Mb/s
2024-10-19 03:30:30,4.45 Mb/s
2024-10-19 03:31:00,1.72 Mb/s
2024-10-19 03:31:30,2.49 Mb/s
2024-10-19 03:32:00,3.70 Mb/s
2024-10-19 03:32:30,3.31 Mb/s
2024-10-19 03:33:00,2.59 kb/s
2024-10-19 03:33:30,2.49 kb/s
2024-10-19 03:34:00,0 b/s
2024-10-19 03:34:30,0 b/s
2024-10-19 03:35:00,0 b/s
2024-10-19 03:35:30,0 b/s
2024-10-19 03:36:00,2.49 kb/s
2024-10-19 03:36:30,0 b/s
2024-10-19 03:37:00,15.3 Mb/s
2024-10-19 03:37:30,7.97 Mb/s
2024-10-19 03:38:00,0 b/s
2024-10-19 03:38:30,2.49 kb/s
2024-10-19 03:39:00,0 b/s
2024-10-19 03:39:30,0 b/s
2024-10-19 03:40:00,0 b/s
2024-10-19 03:40:30,0 b/s
2024-10-19 03:41:00,2.49 kb/s
2024-10-19 03:41:30,0 b/s
2024-10-19 03:42:00,0 b/s
2024-10-19 03:42:30,9.90 Mb/s
2024-10-19 03:43:00,11.0 Mb/s
2024-10-19 03:43:30,11.9 Mb/s
2024-10-19 03:44:00,0 b/s
2024-10-19 03:44:30,12.8 Mb/s
2024-10-19 03:45:00,17.8 Mb/s
2024-10-19 03:45:30,22.4 Mb/s
2024-10-19 03:46:00,2.49 kb/s
2024-10-19 03:46:30,0 b/s
2024-10-19 03:47:00,0 b/s
2024-10-19 03:47:30,0 b/s
2024-10-19 03:48:00,0 b/s
2024-10-19 03:48:30,2.49 kb/s
2024-10-19 03:49:00,0 b/s
2024-10-19 03:49:30,0 b/s
2024-10-19 03:50:00,0 b/s
2024-10-19 03:50:30,1.54 kb/s
2024-10-19 03:51:00,2.49 kb/s
2024-10-19 03:51:30,0 b/s
2024-10-19 03:52:00,2.77 Mb/s
2024-10-19 03:52:30,2.78 Mb/s
2024-10-19 03:53:00,2.77 Mb/s
2024-10-19 03:53:30,2.49 kb/s
2024-10-19 03:54:00,0 b/s
2024-10-19 03:54:30,0 b/s
2024-10-19 03:55:00,0 b/s
2024-10-19 03:55:30,0 b/s
2024-10-19 03:56:00,0 b/s
2024-10-19 03:56:30,0 b/s
2024-10-19 03:57:00,8.11 Mb/s
2024-10-19 03:57:30,14.3 Mb/s
2024-10-19 03:58:00,4.51 Mb/s
2024-10-19 03:58:30,0 b/s
2024-10-19 03:59:00,13.5 Mb/s
2024-10-19 03:59:30,16.4 Mb/s
2024-10-19 04:00:00,5.10 Mb/s
2024-10-19 04:00:30,0 b/s
2024-10-19 04:01:00,0 b/s
2024-10-19 04:01:30,0 b/s
2024-10-19 04:02:00,0 b/s
2024-10-19 04:02:30,0 b/s
2024-10-19 04:03:00,0 b/s
2024-10-19 04:03:30,7.18 Mb/s
2024-10-19 04:04:00,6.67 Mb/s
2024-10-19 04:04:30,6.37 Mb/s
2024-10-19 04:05:00,6.09 Mb/s
2024-10-19 04:05:30,66.8 kb/s
2024-10-19 04:06:00,553 kb/s
2024-10-19 04:06:30,0 b/s
2024-10-19 04:07:00,0 b/s
2024-10-19 04:07:30,0 b/s
2024-10-19 04:08:00,0 b/s
2024-10-19 04:08:30,0 b/s
2024-10-19 04:09:00,0 b/s
2024-10-19 04:09:30,0 b/s
2024-10-19 04:10:00,3.04 Mb/s
2024-10-19 04:10:30,3.05 Mb/s
2024-10-19 04:11:00,1.65 Mb/s
2024-10-19 04:11:30,3.32 Mb/s
2024-10-19 04:12:00,0 b/s
2024-10-19 04:12:30,2.18 kb/s
2024-10-19 04:13:00,0 b/s
2024-10-19 04:13:30,0 b/s
2024-10-19 04:14:00,0 b/s
2024-10-19 04:14:30,0 b/s
2024-10-19 04:15:00,0 b/s
2024-10-19 04:15:30,0 b/s
2024-10-19 04:16:00,0 b/s
2024-10-19 04:16:30,0 b/s
2024-10-19 04:17:00,0 b/s
2024-10-19 04:17:30,0 b/s
2024-10-19 04:18:00,0 b/s
2024-10-19 04:18:30,0 b/s
2024-10-19 04:19:00,1.49 Mb/s
2024-10-19 04:19:30,0 b/s
2024-10-19 04:20:00,0 b/s
2024-10-19 04:20:30,9.56 Mb/s
2024-10-19 04:21:00,15.5 Mb/s
2024-10-19 04:21:30,14.3 Mb/s
2024-10-19 04:22:00,0 b/s
2024-10-19 04:22:30,0 b/s
2024-10-19 04:23:00,0 b/s
2024-10-19 04:23:30,0 b/s
2024-10-19 04:24:00,8.73 Mb/s
2024-10-19 04:24:30,17.4 Mb/s
2024-10-19 04:25:00,26.4 Mb/s
2024-10-19 04:25:30,0 b/s
2024-10-19 04:26:00,9.96 Mb/s
2024-10-19 04:26:30,7.22 Mb/s
2024-10-19 04:27:00,10.2 Mb/s
2024-10-19 04:27:30,0 b/s
2024-10-19 04:28:00,0 b/s
2024-10-19 04:28:30,0 b/s
2024-10-19 04:29:00,0 b/s
2024-10-19 04:29:30,0 b/s
2024-10-19 04:30:00,0 b/s
2024-10-19 04:30:30,9.94 Mb/s
2024-10-19 04:31:00,14.1 Mb/s
2024-10-19 04:31:30,224 b/s
2024-10-19 04:32:00,0 b/s
2024-10-19 04:32:30,0 b/s
2024-10-19 04:33:00,0 b/s
2024-10-19 04:33:30,0 b/s
2024-10-19 04:34:00,0 b/s
2024-10-19 04:34:30,0 b/s
2024-10-19 04:35:00,2.21 Mb/s
2024-10-19 04:35:30,0 b/s
2024-10-19 04:36:00,0 b/s
2024-10-19 04:36:30,0 b/s
2024-10-19 04:37:00,0 b/s
2024-10-19 04:37:30,0 b/s
2024-10-19 04:38:00,0 b/s
2024-10-19 04:38:30,0 b/s
2024-10-19 04:39:00,0 b/s
2024-10-19 04:39:30,0 b/s
2024-10-19 04:40:00,0 b/s
2024-10-19 04:40:30,0 b/s
2024-10-19 04:41:00,0 b/s
2024-10-19 04:41:30,0 b/s
2024-10-19 04:42:00,0 b/s
2024-10-19 04:42:30,0 b/s
2024-10-19 04:43:00,2.21 Mb/s
2024-10-19 04:43:30,1.26 Mb/s
2024-10-19 04:44:00,4.73 Mb/s
2024-10-19 04:44:30,0 b/s
2024-10-19 04:45:00,0 b/s
2024-10-19 04:45:30,0 b/s
2024-10-19 04:46:00,19.5 Mb/s
2024-10-19 04:46:30,0 b/s
2024-10-19 04:47:00,0 b/s
2024-10-19 04:47:30,0 b/s
2024-10-19 04:48:00,13.2 Mb/s
2024-10-19 04:48:30,18.6 Mb/s
2024-10-19 04:49:00,22.7 Mb/s
2024-10-19 04:49:30,10.9 Mb/s
2024-10-19 04:50:00,0 b/s
2024-10-19 04:50:30,6.67 Mb/s
2024-10-19 04:51:00,16.6 Mb/s
2024-10-19 04:51:30,0 b/s
2024-10-19 04:52:00,0 b/s
2024-10-19 04:52:30,0 b/s
2024-10-19 04:53:00,0 b/s
2024-10-19 04:53:30,3.55 Mb/s
2024-10-19 04:54:00,7.27 Mb/s
2024-10-19 04:54:30,8.45 Mb/s
2024-10-19 04:55:00,5.77 Mb/s
2024-10-19 04:55:30,4.54 Mb/s
2024-10-19 04:56:00,3.32 Mb/s
2024-10-19 04:56:30,3.32 Mb/s
2024-10-19 04:57:00,2.20 Mb/s
2024-10-19 04:57:30,0 b/s
2024-10-19 04:58:00,0 b/s
2024-10-19 04:58:30,0 b/s
2024-10-19 04:59:00,5.15 Mb/s
2024-10-19 04:59:30,11.9 Mb/s
2024-10-19 05:00:00,0 b/s
2024-10-19 05:00:30,0 b/s
2024-10-19 05:01:00,0 b/s
2024-10-19 05:01:30,0 b/s
2024-10-19 05:02:00,15.6 Mb/s
2024-10-19 05:02:30,12.9 Mb/s
2024-10-19 05:03:00,13.8 Mb/s
2024-10-19 05:03:30,0 b/s
2024-10-19 05:04:00,0 b/s
2024-10-19 05:04:30,0 b/s
2024-10-19 05:05:00,0 b/s
2024-10-19 05:05:30,448 b/s
2024-10-19 05:06:00,0 b/s
2024-10-19 05:06:30,0 b/s
2024-10-19 05:07:00,0 b/s
2024-10-19 05:07:30,0 b/s
2024-10-19 05:08:00,0 b/s
2024-10-19 05:08:30,0 b/s
2024-10-19 05:09:00,0 b/s
2024-10-19 05:09:30,0 b/s
2024-10-19 05:10:00,0 b/s
2024-10-19 05:10:30,8.82 Mb/s
2024-10-19 05:11:00,8.05 Mb/s
2024-10-19 05:11:30,7.66 Mb/s
2024-10-19 05:12:00,0 b/s
2024-10-19 05:12:30,1.29 kb/s
2024-10-19 05:13:00,0 b/s
2024-10-19 05:13:30,12.3 Mb/s
2024-10-19 05:14:00,10.5 Mb/s
2024-10-19 05:14:30,2.67 Mb/s
2024-10-19 05:15:00,4.43 Mb/s
2024-10-19 05:15:30,20.7 Mb/s
2024-10-19 05:16:00,0 b/s
2024-10-19 05:16:30,0 b/s
2024-10-19 05:17:00,0 b/s
2024-10-19 05:17:30,0 b/s
2024-10-19 05:18:00,0 b/s
2024-10-19 05:18:30,7.65 Mb/s
2024-10-19 05:19:00,5.01 Mb/s
2024-10-19 05:19:30,0 b/s
2024-10-19 05:20:00,0 b/s
2024-10-19 05:20:30,0 b/s
2024-10-19 05:21:00,0 b/s
2024-10-19 05:21:30,0 b/s
2024-10-19 05:22:00,0 b/s
2024-10-19 05:22:30,224 b/s
2024-10-19 05:23:00,3.84 Mb/s
2024-10-19 05:23:30,4.95 Mb/s
2024-10-19 05:24:00,0 b/s
2024-10-19 05:24:30,0 b/s
2024-10-19 05:25:00,14.8 Mb/s
2024-10-19 05:25:30,4.50 Mb/s
2024-10-19 05:26:00,0 b/s
2024-10-19 05:26:30,0 b/s
2024-10-19 05:27:00,0 b/s
2024-10-19 05:27:30,0 b/s
2024-10-19 05:28:00,0 b/s
2024-10-19 05:28:30,0 b/s
2024-10-19 05:29:00,10.5 Mb/s
2024-10-19 05:29:30,11.0 Mb/s
2024-10-19 05:30:00,10.3 Mb/s
2024-10-19 05:30:30,0 b/s
2024-10-19 05:31:00,9.13 Mb/s
2024-10-19 05:31:30,0 b/s
2024-10-19 05:32:00,4.44 Mb/s
2024-10-19 05:32:30,9.49 Mb/s
2024-10-19 05:33:00,0 b/s
2024-10-19 05:33:30,0 b/s
2024-10-19 05:34:00,0 b/s
2024-10-19 05:34:30,0 b/s
2024-10-19 05:35:00,10.2 Mb/s
2024-10-19 05:35:30,16.9 Mb/s
2024-10-19 05:36:00,0 b/s
2024-10-19 05:36:30,0 b/s
2024-10-19 05:37:00,0 b/s
2024-10-19 05:37:30,0 b/s
2024-10-19 05:38:00,0 b/s
2024-10-19 05:39:00,0 b/s
2024-10-19 05:39:30,11.5 Mb/s
2024-10-19 05:40:00,0 b/s
2024-10-19 05:40:30,0 b/s
2024-10-19 05:41:00,0 b/s
2024-10-19 05:41:30,589 kb/s
2024-10-19 05:42:00,7.52 Mb/s
2024-10-19 05:42:30,5.34 Mb/s
2024-10-19 05:43:00,5.17 Mb/s
2024-10-19 05:43:30,12.6 Mb/s
2024-10-19 05:44:00,3.39 Mb/s
2024-10-19 05:44:30,0 b/s
2024-10-19 05:45:00,0 b/s
2024-10-19 05:45:30,7.18 Mb/s
2024-10-19 05:46:00,2.11 Mb/s
2024-10-19 05:46:30,2.24 Mb/s
2024-10-19 05:47:30,4.49 Mb/s
2024-10-19 05:48:00,0 b/s
2024-10-19 05:48:30,1.66 Mb/s
2024-10-19 05:49:00,1.12 Mb/s
2024-10-19 05:49:30,1.66 Mb/s
2024-10-19 05:50:00,1.93 Mb/s
2024-10-19 05:50:30,0 b/s
2024-10-19 05:51:00,0 b/s
2024-10-19 05:51:30,0 b/s
2024-10-19 05:52:00,0 b/s
2024-10-19 05:52:30,0 b/s
2024-10-19 05:53:00,0 b/s
2024-10-19 05:53:30,0 b/s
2024-10-19 05:54:00,2.76 Mb/s
2024-10-19 05:54:30,0 b/s
2024-10-19 05:55:00,0 b/s
2024-10-19 05:55:30,0 b/s
2024-10-19 05:56:00,0 b/s
2024-10-19 05:56:30,0 b/s
2024-10-19 05:57:00,0 b/s
2024-10-19 05:57:30,0 b/s
2024-10-19 05:58:00,0 b/s
2024-10-19 05:58:30,0 b/s
2024-10-19 05:59:00,0 b/s
2024-10-19 05:59:30,1.39 Mb/s
2024-10-19 06:00:00,1.39 Mb/s
2024-10-19 06:00:30,10.6 Mb/s
2024-10-19 06:01:00,4.67 Mb/s
2024-10-19 06:01:30,0 b/s
2024-10-19 06:02:00,0 b/s
2024-10-19 06:02:30,0 b/s
2024-10-19 06:03:00,0 b/s
2024-10-19 06:03:30,11.1 Mb/s
2024-10-19 06:04:00,14.5 Mb/s
2024-10-19 06:04:30,14.9 Mb/s
2024-10-19 06:05:00,0 b/s
2024-10-19 06:05:30,0 b/s
2024-10-19 06:06:00,0 b/s
2024-10-19 06:06:30,0 b/s
2024-10-19 06:07:00,11.0 Mb/s
2024-10-19 06:07:30,7.05 Mb/s
2024-10-19 06:08:00,10.0 Mb/s
2024-10-19 06:08:30,11.2 Mb/s
2024-10-19 06:09:00,11.8 Mb/s
2024-10-19 06:09:30,12.5 Mb/s
2024-10-19 06:10:00,0 b/s
2024-10-19 06:10:30,0 b/s
2024-10-19 06:11:00,0 b/s
2024-10-19 06:11:30,10.2 Mb/s
2024-10-19 06:12:00,8.01 Mb/s
2024-10-19 06:12:30,11.6 Mb/s
2024-10-19 06:13:00,6.37 Mb/s
2024-10-19 06:13:30,10.6 Mb/s
2024-10-19 06:14:00,8.60 Mb/s
2024-10-19 06:14:30,10.5 Mb/s
2024-10-19 06:15:00,10.5 Mb/s
2024-10-19 06:15:30,0 b/s
2024-10-19 06:16:00,12.6 Mb/s
2024-10-19 06:16:30,10.2 Mb/s
2024-10-19 06:17:00,0 b/s
2024-10-19 06:17:30,11.5 Mb/s
2024-10-19 06:18:00,9.10 Mb/s
2024-10-19 06:18:30,8.56 Mb/s
2024-10-19 06:19:00,8.36 Mb/s
2024-10-19 06:19:30,0 b/s
2024-10-19 06:20:00,0 b/s
2024-10-19 06:20:30,0 b/s
2024-10-19 06:21:00,0 b/s
2024-10-19 06:21:30,1.69 kb/s
2024-10-19 06:22:00,0 b/s
2024-10-19 06:22:30,0 b/s
2024-10-19 06:23:00,0 b/s
2024-10-19 06:23:30,0 b/s
2024-10-19 06:24:00,0 b/s
2024-10-19 06:24:30,3.60 Mb/s
2024-10-19 06:25:00,3.60 Mb/s
2024-10-19 06:25:30,3.33 Mb/s
2024-10-19 06:26:00,0 b/s
2024-10-19 06:26:30,11.8 Mb/s
2024-10-19 06:27:00,16.1 Mb/s
2024-10-19 06:27:30,11.6 Mb/s
2024-10-19 06:28:00,10.7 Mb/s
2024-10-19 06:28:30,14.7 Mb/s
2024-10-19 06:29:00,0 b/s
2024-10-19 06:29:30,0 b/s
2024-10-19 06:30:00,0 b/s
2024-10-19 06:30:30,0 b/s
2024-10-19 06:31:00,65.2 b/s
2024-10-19 06:31:30,364 b/s
2024-10-19 06:32:00,0 b/s
2024-10-19 06:32:30,0 b/s
2024-10-19 06:33:00,2.77 Mb/s
2024-10-19 06:33:30,0 b/s
2024-10-19 06:34:00,11.8 Mb/s
2024-10-19 06:34:30,11.8 Mb/s
2024-10-19 06:35:00,0 b/s
2024-10-19 06:35:30,8.04 Mb/s
2024-10-19 06:36:00,12.7 Mb/s
2024-10-19 06:36:30,0 b/s
2024-10-19 06:37:00,0 b/s
2024-10-19 06:37:30,0 b/s
2024-10-19 06:38:00,0 b/s
2024-10-19 06:38:30,17.4 Mb/s
2024-10-19 06:39:00,11.6 Mb/s
2024-10-19 06:39:30,14.1 Mb/s
2024-10-19 06:40:00,0 b/s
2024-10-19 06:40:30,6.35 Mb/s
2024-10-19 06:41:00,0 b/s
2024-10-19 06:41:30,0 b/s
2024-10-19 06:42:00,0 b/s
2024-10-19 06:42:30,0 b/s
2024-10-19 06:43:00,2.49 Mb/s
2024-10-19 06:43:30,0 b/s
2024-10-19 06:44:00,0 b/s
2024-10-19 06:44:30,0 b/s
2024-10-19 06:45:00,0 b/s
2024-10-19 06:45:30,0 b/s
2024-10-19 06:46:00,224 b/s
2024-10-19 06:46:30,6.90 Mb/s
2024-10-19 06:47:00,5.63 Mb/s
2024-10-19 06:47:30,0 b/s
2024-10-19 06:48:00,0 b/s
2024-10-19 06:48:30,14.0 Mb/s
2024-10-19 06:49:00,3.83 Mb/s
2024-10-19 06:49:30,11.6 Mb/s
2024-10-19 06:50:00,0 b/s
2024-10-19 06:50:30,0 b/s
2024-10-19 06:51:00,0 b/s
2024-10-19 06:51:30,0 b/s
2024-10-19 06:52:00,0 b/s
2024-10-19 06:52:30,0 b/s
2024-10-19 06:53:00,0 b/s
2024-10-19 06:53:30,0 b/s
2024-10-19 06:54:00,5.53 Mb/s
2024-10-19 06:54:30,4.70 Mb/s
2024-10-19 06:55:00,0 b/s
2024-10-19 06:55:30,0 b/s
2024-10-19 06:56:00,0 b/s
2024-10-19 06:56:30,2.17 kb/s
2024-10-19 06:57:00,0 b/s
2024-10-19 06:57:30,0 b/s
2024-10-19 06:58:00,8.87 Mb/s
2024-10-19 06:58:30,6.70 Mb/s
2024-10-19 06:59:00,0 b/s
2024-10-19 06:59:30,0 b/s
2024-10-19 07:00:00,0 b/s
2024-10-19 07:00:30,0 b/s
2024-10-19 07:01:00,0 b/s
2024-10-19 07:01:30,17.7 Mb/s
2024-10-19 07:02:00,18.7 Mb/s
2024-10-19 07:02:30,0 b/s
2024-10-19 07:03:00,0 b/s
2024-10-19 07:03:30,0 b/s
2024-10-19 07:04:00,0 b/s
2024-10-19 07:04:30,0 b/s
2024-10-19 07:05:00,0 b/s
2024-10-19 07:05:30,0 b/s
2024-10-19 07:06:00,552 kb/s
2024-10-19 07:06:30,1.89 kb/s
2024-10-19 07:07:00,552 kb/s
2024-10-19 07:07:30,552 kb/s
2024-10-19 07:08:00,0 b/s
2024-10-19 07:08:30,0 b/s
2024-10-19 07:09:00,0 b/s
2024-10-19 07:09:30,0 b/s
2024-10-19 07:10:00,17.4 Mb/s
2024-10-19 07:10:30,0 b/s
2024-10-19 07:11:00,0 b/s
2024-10-19 07:11:30,0 b/s
2024-10-19 07:12:00,0 b/s
2024-10-19 07:12:30,0 b/s
2024-10-19 07:13:00,1.18 kb/s
2024-10-19 07:13:30,0 b/s
2024-10-19 07:14:00,0 b/s
2024-10-19 07:14:30,0 b/s
2024-10-19 07:15:00,0 b/s
2024-10-19 07:15:30,0 b/s
2024-10-19 07:16:00,0 b/s
2024-10-19 07:16:30,2.77 Mb/s
2024-10-19 07:17:00,4.70 Mb/s
2024-10-19 07:17:30,1.11 Mb/s
2024-10-19 07:18:00,2.30 kb/s
2024-10-19 07:18:30,17.0 Mb/s
2024-10-19 07:19:00,14.7 Mb/s
2024-10-19 07:19:30,0 b/s
2024-10-19 07:20:00,0 b/s
2024-10-19 07:20:30,7.19 Mb/s
2024-10-19 07:21:00,0 b/s
2024-10-19 07:21:30,16.3 Mb/s
2024-10-19 07:22:00,7.82 Mb/s
2024-10-19 07:22:30,21.4 Mb/s
2024-10-19 07:23:00,0 b/s
2024-10-19 07:23:30,0 b/s
2024-10-19 07:24:00,0 b/s
2024-10-19 07:24:30,0 b/s
2024-10-19 07:25:00,0 b/s
2024-10-19 07:25:30,0 b/s
2024-10-19 07:26:00,0 b/s
2024-10-19 07:26:30,0 b/s
2024-10-19 07:27:00,448 b/s
2024-10-19 07:27:30,0 b/s
2024-10-19 07:28:00,0 b/s
2024-10-19 07:28:30,0 b/s
2024-10-19 07:29:00,1.29 Mb/s
2024-10-19 07:29:30,3.95 Mb/s
2024-10-19 07:30:00,11.6 Mb/s
2024-10-19 07:30:30,0 b/s
2024-10-19 07:31:00,4.92 Mb/s
2024-10-19 07:31:30,6.09 Mb/s
2024-10-19 07:32:00,4.70 Mb/s
2024-10-19 07:32:30,0 b/s
2024-10-19 07:33:00,21.3 Mb/s
2024-10-19 07:33:30,0 b/s
2024-10-19 07:34:00,0 b/s
2024-10-19 07:34:30,0 b/s
2024-10-19 07:35:00,0 b/s
2024-10-19 07:35:30,0 b/s
2024-10-19 07:36:00,14.4 Mb/s
2024-10-19 07:36:30,0 b/s
2024-10-19 07:37:00,0 b/s
2024-10-19 07:37:30,0 b/s
2024-10-19 07:38:00,0 b/s
2024-10-19 07:38:30,6.53 Mb/s
2024-10-19 07:39:00,9.40 Mb/s
2024-10-19 07:39:30,1.18 kb/s
2024-10-19 07:40:00,0 b/s
2024-10-19 07:40:30,0 b/s
2024-10-19 07:41:00,0 b/s
2024-10-19 07:41:30,0 b/s
2024-10-19 07:42:00,0 b/s
2024-10-19 07:42:30,0 b/s
2024-10-19 07:43:00,8.68 Mb/s
2024-10-19 07:43:30,0 b/s
2024-10-19 07:44:00,0 b/s
2024-10-19 07:44:30,0 b/s
2024-10-19 07:45:00,14.0 Mb/s
2024-10-19 07:45:30,13.2 Mb/s
2024-10-19 07:46:00,3.04 Mb/s
2024-10-19 07:46:30,5.36 Mb/s
2024-10-19 07:47:00,11.2 Mb/s
2024-10-19 07:47:30,9.36 Mb/s
2024-10-19 07:48:00,13.3 Mb/s
2024-10-19 07:48:30,3.32 Mb/s
2024-10-19 07:49:00,8.27 Mb/s
2024-10-19 07:49:30,7.19 Mb/s
2024-10-19 07:50:00,9.35 Mb/s
2024-10-19 07:50:30,0 b/s
2024-10-19 07:51:00,0 b/s
2024-10-19 07:51:30,0 b/s
2024-10-19 07:52:00,0 b/s
2024-10-19 07:52:30,0 b/s
2024-10-19 07:53:00,0 b/s
2024-10-19 07:53:30,224 b/s
2024-10-19 07:54:00,0 b/s
2024-10-19 07:54:30,0 b/s
2024-10-19 07:55:00,21.4 Mb/s
2024-10-19 07:55:30,2.84 Mb/s
2024-10-19 07:56:00,5.38 Mb/s
2024-10-19 07:56:30,5.72 Mb/s
2024-10-19 07:57:00,4.99 Mb/s
2024-10-19 07:57:30,5.81 Mb/s
2024-10-19 07:58:00,3.89 Mb/s
2024-10-19 07:58:30,11.6 kb/s
2024-10-19 07:59:00,6.50 Mb/s
2024-10-19 07:59:30,5.16 Mb/s
2024-10-19 08:00:00,30.6 Mb/s
2024-10-19 08:00:30,12.0 Mb/s
2024-10-19 08:01:00,0 b/s
2024-10-19 08:01:30,0 b/s
2024-10-19 08:02:00,15.3 Mb/s
2024-10-19 08:02:30,11.2 Mb/s
2024-10-19 08:03:00,2.98 Mb/s
2024-10-19 08:03:30,0 b/s
2024-10-19 08:04:00,2.00 Mb/s
2024-10-19 08:04:30,22.4 Mb/s
2024-10-19 08:05:00,0 b/s
2024-10-19 08:05:30,1.88 Mb/s
2024-10-19 08:06:00,0 b/s
2024-10-19 08:06:30,0 b/s
2024-10-19 08:07:00,10.6 Mb/s
2024-10-19 08:07:30,0 b/s
2024-10-19 08:08:00,0 b/s
2024-10-19 08:08:30,0 b/s
2024-10-19 08:09:00,0 b/s
2024-10-19 08:09:30,0 b/s
2024-10-19 08:10:00,0 b/s
2024-10-19 08:10:30,0 b/s
2024-10-19 08:11:00,2.18 kb/s
2024-10-19 08:11:30,0 b/s
2024-10-19 08:12:00,0 b/s
2024-10-19 08:12:30,0 b/s
2024-10-19 08:13:00,0 b/s
2024-10-19 08:13:30,0 b/s
2024-10-19 08:14:00,5.98 Mb/s
2024-10-19 08:14:30,43.5 Mb/s
2024-10-19 08:15:00,19.9 Mb/s
2024-10-19 08:15:30,13.6 Mb/s
2024-10-19 08:16:00,0 b/s
2024-10-19 08:16:30,0 b/s
2024-10-19 08:17:00,0 b/s
2024-10-19 08:17:30,2.18 kb/s
2024-10-19 08:18:00,9.32 Mb/s
2024-10-19 08:18:30,10.2 Mb/s
2024-10-19 08:19:00,11.3 Mb/s
2024-10-19 08:19:30,0 b/s
2024-10-19 08:20:00,0 b/s
2024-10-19 08:20:30,0 b/s
2024-10-19 08:21:00,0 b/s
2024-10-19 08:21:30,0 b/s
2024-10-19 08:22:00,0 b/s
2024-10-19 08:22:30,0 b/s
2024-10-19 08:23:00,0 b/s
2024-10-19 08:23:30,0 b/s
2024-10-19 08:24:00,0 b/s
2024-10-19 08:24:30,0 b/s
2024-10-19 08:25:00,0 b/s
2024-10-19 08:25:30,0 b/s
2024-10-19 08:26:00,0 b/s
2024-10-19 08:26:30,0 b/s
2024-10-19 08:27:00,0 b/s
2024-10-19 08:27:30,0 b/s
2024-10-19 08:28:00,0 b/s
2024-10-19 08:28:30,0 b/s
2024-10-19 08:29:00,0 b/s
2024-10-19 08:29:30,0 b/s
2024-10-19 08:30:00,7.11 Mb/s
2024-10-19 08:30:30,16.0 Mb/s
2024-10-19 08:31:00,0 b/s
2024-10-19 08:31:30,0 b/s
2024-10-19 08:32:00,0 b/s
2024-10-19 08:32:30,0 b/s
2024-10-19 08:33:00,0 b/s
2024-10-19 08:33:30,0 b/s
2024-10-19 08:34:00,0 b/s
2024-10-19 08:34:30,0 b/s
2024-10-19 08:35:00,8.01 Mb/s
2024-10-19 08:35:30,3.83 Mb/s
2024-10-19 08:36:00,0 b/s
2024-10-19 08:36:30,0 b/s
2024-10-19 08:37:00,0 b/s
2024-10-19 08:37:30,0 b/s
2024-10-19 08:38:00,6.22 Mb/s
2024-10-19 08:38:30,4.00 Mb/s
2024-10-19 08:39:00,8.67 Mb/s
2024-10-19 08:39:30,12.6 Mb/s
2024-10-19 08:40:00,0 b/s
2024-10-19 08:40:30,0 b/s
2024-10-19 08:41:00,0 b/s
2024-10-19 08:41:30,10.8 Mb/s
2024-10-19 08:42:00,17.7 Mb/s
2024-10-19 08:42:30,15.3 Mb/s
2024-10-19 08:43:00,11.5 Mb/s
2024-10-19 08:43:30,3.44 Mb/s
2024-10-19 08:44:00,5.84 Mb/s
2024-10-19 08:44:30,8.60 Mb/s
2024-10-19 08:45:00,28.1 Mb/s
2024-10-19 08:45:30,0 b/s
2024-10-19 08:46:00,0 b/s
2024-10-19 08:46:30,0 b/s
2024-10-19 08:47:00,0 b/s
2024-10-19 08:47:30,0 b/s
2024-10-19 08:48:00,0 b/s
2024-10-19 08:48:30,0 b/s
2024-10-19 08:49:00,0 b/s
2024-10-19 08:49:30,0 b/s
2024-10-19 08:50:00,0 b/s
2024-10-19 08:50:30,0 b/s
2024-10-19 08:51:00,12.9 Mb/s
2024-10-19 08:51:30,8.67 Mb/s
2024-10-19 08:52:00,15.1 Mb/s
2024-10-19 08:52:30,0 b/s
2024-10-19 08:53:00,0 b/s
2024-10-19 08:53:30,0 b/s
2024-10-19 08:54:00,0 b/s
2024-10-19 08:54:30,0 b/s
2024-10-19 08:55:00,0 b/s
2024-10-19 08:55:30,448 b/s
2024-10-19 08:56:00,0 b/s
2024-10-19 08:56:30,0 b/s
2024-10-19 08:57:00,0 b/s
2024-10-19 08:57:30,0 b/s
2024-10-19 08:58:00,0 b/s
2024-10-19 08:58:30,0 b/s
2024-10-19 08:59:00,0 b/s
2024-10-19 08:59:30,0 b/s
2024-10-19 09:00:00,9.32 Mb/s
2024-10-19 09:00:30,14.7 Mb/s
2024-10-19 09:01:00,16.4 Mb/s
2024-10-19 09:01:30,0 b/s
2024-10-19 09:02:00,0 b/s
2024-10-19 09:02:30,0 b/s
2024-10-19 09:03:00,0 b/s
2024-10-19 09:03:30,0 b/s
2024-10-19 09:04:00,224 b/s
2024-10-19 09:04:30,0 b/s
2024-10-19 09:05:00,0 b/s
2024-10-19 09:05:30,0 b/s
2024-10-19 09:06:00,11.0 Mb/s
2024-10-19 09:06:30,0 b/s
2024-10-19 09:07:00,9.71 Mb/s
2024-10-19 09:07:30,24.6 Mb/s
2024-10-19 09:08:00,0 b/s
2024-10-19 09:08:30,0 b/s
2024-10-19 09:09:00,0 b/s
2024-10-19 09:09:30,0 b/s
2024-10-19 09:10:00,0 b/s
2024-10-19 09:10:30,3.60 Mb/s
2024-10-19 09:11:00,3.32 Mb/s
2024-10-19 09:11:30,0 b/s
2024-10-19 09:12:00,0 b/s
2024-10-19 09:12:30,0 b/s
2024-10-19 09:13:00,0 b/s
2024-10-19 09:13:30,0 b/s
2024-10-19 09:14:00,14.4 Mb/s
2024-10-19 09:14:30,0 b/s
2024-10-19 09:15:00,7.02 Mb/s
2024-10-19 09:15:30,19.2 Mb/s
2024-10-19 09:16:00,16.6 Mb/s
2024-10-19 09:16:30,0 b/s
2024-10-19 09:17:00,10.8 Mb/s
2024-10-19 09:17:30,9.06 Mb/s
2024-10-19 09:18:00,22.4 Mb/s
2024-10-19 09:18:30,0 b/s
2024-10-19 09:19:00,0 b/s
2024-10-19 09:19:30,0 b/s
2024-10-19 09:20:00,0 b/s
2024-10-19 09:20:30,0 b/s
2024-10-19 09:21:00,0 b/s
2024-10-19 09:21:30,0 b/s
2024-10-19 09:22:00,0 b/s
2024-10-19 09:22:30,4.22 kb/s
2024-10-19 09:23:00,0 b/s
2024-10-19 09:23:30,0 b/s
2024-10-19 09:24:00,0 b/s
2024-10-19 09:24:30,0 b/s
2024-10-19 09:25:00,8.92 Mb/s
2024-10-19 09:25:30,0 b/s
2024-10-19 09:26:00,0 b/s
2024-10-19 09:26:30,0 b/s
2024-10-19 09:27:00,0 b/s
2024-10-19 09:27:30,0 b/s
2024-10-19 09:28:00,0 b/s
2024-10-19 09:28:30,0 b/s
2024-10-19 09:29:00,2.15 Mb/s
2024-10-19 09:29:30,13.1 Mb/s
2024-10-19 09:30:00,0 b/s
2024-10-19 09:30:30,0 b/s
2024-10-19 09:31:00,0 b/s
2024-10-19 09:31:30,9.09 Mb/s
2024-10-19 09:32:00,0 b/s
2024-10-19 09:32:30,0 b/s
2024-10-19 09:33:00,0 b/s
2024-10-19 09:33:30,0 b/s
2024-10-19 09:34:00,0 b/s
2024-10-19 09:34:30,0 b/s
2024-10-19 09:35:00,0 b/s
2024-10-19 09:35:30,0 b/s
2024-10-19 09:36:00,14.7 Mb/s
2024-10-19 09:36:30,5.54 Mb/s
2024-10-19 09:37:00,0 b/s
2024-10-19 09:37:30,0 b/s
2024-10-19 09:38:00,0 b/s
2024-10-19 09:38:30,0 b/s
2024-10-19 09:39:00,0 b/s
2024-10-19 09:39:30,0 b/s
2024-10-19 09:40:00,0 b/s
2024-10-19 09:40:30,0 b/s
2024-10-19 09:41:00,0 b/s
2024-10-19 09:41:30,0 b/s
2024-10-19 09:42:00,0 b/s
2024-10-19 09:42:30,0 b/s
2024-10-19 09:43:00,11.9 Mb/s
2024-10-19 09:43:30,8.53 Mb/s
2024-10-19 09:44:00,0 b/s
2024-10-19 09:44:30,0 b/s
2024-10-19 09:45:00,0 b/s
2024-10-19 09:45:30,0 b/s
2024-10-19 09:46:00,0 b/s
2024-10-19 09:46:30,17.1 Mb/s
2024-10-19 09:47:00,5.92 Mb/s
2024-10-19 09:47:30,5.23 Mb/s
2024-10-19 09:48:00,17.3 Mb/s
2024-10-19 09:48:30,12.7 Mb/s
2024-10-19 09:49:00,9.73 Mb/s
2024-10-19 09:49:30,3.54 Mb/s
2024-10-19 09:50:00,11.1 Mb/s
2024-10-19 09:50:30,0 b/s
2024-10-19 09:51:00,0 b/s
2024-10-19 09:51:30,0 b/s
2024-10-19 09:52:00,4.67 Mb/s
2024-10-19 09:52:30,0 b/s
2024-10-19 09:53:00,6.37 Mb/s
2024-10-19 09:53:30,0 b/s
2024-10-19 09:54:00,0 b/s
2024-10-19 09:54:30,0 b/s
2024-10-19 09:55:00,8.85 Mb/s
2024-10-19 09:55:30,9.66 Mb/s
2024-10-19 09:56:00,0 b/s
2024-10-19 09:56:30,19.0 Mb/s
2024-10-19 09:57:00,0 b/s
2024-10-19 09:57:30,0 b/s
2024-10-19 09:58:00,0 b/s
2024-10-19 09:58:30,0 b/s
2024-10-19 09:59:00,0 b/s
2024-10-19 09:59:30,0 b/s
2024-10-19 10:00:00,0 b/s
2024-10-19 10:00:30,0 b/s
2024-10-19 10:01:00,18.7 Mb/s
2024-10-19 10:01:30,8.39 Mb/s
2024-10-19 10:02:00,10.7 Mb/s
2024-10-19 10:02:30,0 b/s
2024-10-19 10:03:00,1.11 Mb/s
2024-10-19 10:03:30,830 kb/s
2024-10-19 10:04:00,0 b/s
2024-10-19 10:04:30,1.94 Mb/s
2024-10-19 10:05:00,1.66 Mb/s
2024-10-19 10:05:30,0 b/s
2024-10-19 10:06:00,1.66 Mb/s
2024-10-19 10:06:30,4.98 Mb/s
2024-10-19 10:07:00,0 b/s
2024-10-19 10:07:30,0 b/s
2024-10-19 10:08:00,12.9 Mb/s
2024-10-19 10:08:30,8.63 Mb/s
2024-10-19 10:09:00,13.0 Mb/s
2024-10-19 10:09:30,9.74 Mb/s
2024-10-19 10:10:00,1.80 Mb/s
2024-10-19 10:10:30,0 b/s
2024-10-19 10:11:00,0 b/s
2024-10-19 10:11:30,1.94 Mb/s
2024-10-19 10:12:00,1.66 Mb/s
2024-10-19 10:12:30,0 b/s
2024-10-19 10:13:00,0 b/s
2024-10-19 10:13:30,0 b/s
2024-10-19 10:14:00,0 b/s
2024-10-19 10:14:30,0 b/s
2024-10-19 10:15:00,0 b/s
2024-10-19 10:15:30,0 b/s
2024-10-19 10:16:00,0 b/s
2024-10-19 10:16:30,0 b/s
2024-10-19 10:17:00,1.38 Mb/s
2024-10-19 10:17:30,950 kb/s
2024-10-19 10:18:00,0 b/s
2024-10-19 10:18:30,0 b/s
2024-10-19 10:19:00,0 b/s
2024-10-19 10:19:30,0 b/s
2024-10-19 10:20:00,0 b/s
2024-10-19 10:20:30,0 b/s
2024-10-19 10:21:00,0 b/s
2024-10-19 10:21:30,0 b/s
2024-10-19 10:22:00,0 b/s
2024-10-19 10:22:30,0 b/s
2024-10-19 10:23:00,0 b/s
2024-10-19 10:23:30,0 b/s
2024-10-19 10:24:00,0 b/s
2024-10-19 10:24:30,2.66 Mb/s
2024-10-19 10:25:00,1.60 Mb/s
2024-10-19 10:25:30,4.69 Mb/s
2024-10-19 10:26:00,13.5 Mb/s
2024-10-19 10:26:30,0 b/s
2024-10-19 10:27:00,0 b/s
2024-10-19 10:27:30,0 b/s
2024-10-19 10:28:00,0 b/s
2024-10-19 10:28:30,0 b/s
2024-10-19 10:29:00,0 b/s
2024-10-19 10:29:30,0 b/s
2024-10-19 10:30:00,0 b/s
2024-10-19 10:30:30,3.87 Mb/s
2024-10-19 10:31:00,0 b/s
2024-10-19 10:31:30,0 b/s
2024-10-19 10:32:00,1.12 Mb/s
2024-10-19 10:32:30,1.38 Mb/s
2024-10-19 10:33:00,0 b/s
2024-10-19 10:33:30,0 b/s
2024-10-19 10:34:00,0 b/s
2024-10-19 10:34:30,224 b/s
2024-10-19 10:35:00,5.79 Mb/s
2024-10-19 10:35:30,1.97 Mb/s
2024-10-19 10:36:00,2.23 Mb/s
2024-10-19 10:36:30,9.35 Mb/s
2024-10-19 10:37:00,14.3 Mb/s
2024-10-19 10:37:30,24.0 Mb/s
2024-10-19 10:38:00,0 b/s
2024-10-19 10:38:30,0 b/s
2024-10-19 10:39:00,0 b/s
2024-10-19 10:39:30,0 b/s
2024-10-19 10:40:00,0 b/s
2024-10-19 10:40:30,0 b/s
2024-10-19 10:41:00,0 b/s
2024-10-19 10:41:30,0 b/s
2024-10-19 10:42:00,0 b/s
2024-10-19 10:42:30,0 b/s
2024-10-19 10:43:00,0 b/s
2024-10-19 10:43:30,18.6 Mb/s
2024-10-19 10:44:00,13.1 Mb/s
2024-10-19 10:44:30,3.59 Mb/s
2024-10-19 10:45:00,2.49 Mb/s
2024-10-19 10:45:30,2.49 Mb/s
2024-10-19 10:46:00,2.77 Mb/s
2024-10-19 10:46:30,2.77 Mb/s
2024-10-19 10:47:00,0 b/s
2024-10-19 10:47:30,0 b/s
2024-10-19 10:48:00,0 b/s
2024-10-19 10:48:30,0 b/s
2024-10-19 10:49:00,0 b/s
2024-10-19 10:49:30,0 b/s
2024-10-19 10:50:00,0 b/s
2024-10-19 10:50:30,7.04 Mb/s
2024-10-19 10:51:00,9.66 Mb/s
2024-10-19 10:51:30,0 b/s
2024-10-19 10:52:00,0 b/s
2024-10-19 10:52:30,0 b/s
2024-10-19 10:53:00,0 b/s
2024-10-19 10:53:30,0 b/s
2024-10-19 10:54:00,0 b/s
2024-10-19 10:54:30,0 b/s
2024-10-19 10:55:00,2.84 Mb/s
2024-10-19 10:55:30,2.46 Mb/s
2024-10-19 10:56:00,7.81 Mb/s
2024-10-19 10:56:30,0 b/s
2024-10-19 10:57:00,1.74 Mb/s
2024-10-19 10:57:30,0 b/s
2024-10-19 10:58:00,0 b/s
2024-10-19 10:58:30,0 b/s
2024-10-19 10:59:00,0 b/s
2024-10-19 11:00:00,3.58 Mb/s
2024-10-19 11:00:30,2.10 Mb/s
2024-10-19 11:01:00,5.80 Mb/s
2024-10-19 11:01:30,5.50 Mb/s
2024-10-19 11:02:00,9.39 Mb/s
2024-10-19 11:02:30,0 b/s
2024-10-19 11:03:00,9.62 Mb/s
2024-10-19 11:03:30,12.1 Mb/s
2024-10-19 11:04:00,0 b/s
2024-10-19 11:04:30,4.71 Mb/s
2024-10-19 11:05:00,4.70 Mb/s
2024-10-19 11:05:30,5.52 Mb/s
2024-10-19 11:06:00,994 kb/s
2024-10-19 11:06:30,21.8 Mb/s
2024-10-19 11:07:00,9.97 Mb/s
2024-10-19 11:07:30,9.68 Mb/s
2024-10-19 11:08:00,0 b/s
2024-10-19 11:08:30,14.6 Mb/s
2024-10-19 11:09:00,9.92 Mb/s
2024-10-19 11:09:30,6.28 Mb/s
2024-10-19 11:10:00,1.90 Mb/s
2024-10-19 11:10:30,0 b/s
2024-10-19 11:11:00,17.4 Mb/s
2024-10-19 11:11:30,12.9 Mb/s
2024-10-19 11:12:00,0 b/s
2024-10-19 11:12:30,1.39 Mb/s
2024-10-19 11:13:00,1.38 Mb/s
2024-10-19 11:13:30,2.48 Mb/s
2024-10-19 11:14:00,2.93 Mb/s
2024-10-19 11:14:30,4.34 Mb/s
2024-10-19 11:15:00,8.53 Mb/s
2024-10-19 11:15:30,6.66 Mb/s
2024-10-19 11:16:00,0 b/s
2024-10-19 11:16:30,0 b/s
2024-10-19 11:17:00,7.72 Mb/s
2024-10-19 11:17:30,8.50 Mb/s
2024-10-19 11:18:00,6.08 Mb/s
2024-10-19 11:18:30,6.30 Mb/s
2024-10-19 11:19:00,714 kb/s
2024-10-19 11:19:30,7.80 Mb/s
2024-10-19 11:20:00,7.03 Mb/s
2024-10-19 11:20:30,5.46 Mb/s
2024-10-19 11:21:00,0 b/s
2024-10-19 11:21:30,0 b/s
2024-10-19 11:22:00,0 b/s
2024-10-19 11:22:30,0 b/s
2024-10-19 11:23:00,0 b/s
2024-10-19 11:23:30,4.70 Mb/s
2024-10-19 11:24:00,13.5 Mb/s
2024-10-19 11:24:30,0 b/s
2024-10-19 11:25:00,0 b/s
2024-10-19 11:25:30,0 b/s
2024-10-19 11:26:00,4.48 Mb/s
2024-10-19 11:26:30,4.98 Mb/s
2024-10-19 11:27:00,3.32 Mb/s
2024-10-19 11:27:30,0 b/s
2024-10-19 11:28:00,10.7 Mb/s
2024-10-19 11:28:30,0 b/s
2024-10-19 11:29:00,0 b/s
2024-10-19 11:29:30,0 b/s
2024-10-19 11:30:00,0 b/s
2024-10-19 11:30:30,1.99 Mb/s
2024-10-19 11:31:00,3.62 Mb/s
2024-10-19 11:31:30,3.04 Mb/s
2024-10-19 11:32:00,1.66 Mb/s
2024-10-19 11:32:30,0 b/s
2024-10-19 11:33:00,0 b/s
2024-10-19 11:33:30,0 b/s
2024-10-19 11:34:00,0 b/s
2024-10-19 11:34:30,0 b/s
2024-10-19 11:35:00,0 b/s
2024-10-19 11:35:30,7.09 Mb/s
2024-10-19 11:36:00,12.6 Mb/s
2024-10-19 11:36:30,0 b/s
2024-10-19 11:37:00,2.95 Mb/s
2024-10-19 11:37:30,7.28 Mb/s
2024-10-19 11:38:00,0 b/s
2024-10-19 11:38:30,9.40 Mb/s
2024-10-19 11:39:00,14.6 Mb/s
2024-10-19 11:39:30,0 b/s
2024-10-19 11:40:00,0 b/s
2024-10-19 11:40:30,0 b/s
2024-10-19 11:41:00,0 b/s
2024-10-19 11:41:30,0 b/s
2024-10-19 11:42:00,0 b/s
2024-10-19 11:42:30,4.83 kb/s
2024-10-19 11:43:00,2.77 Mb/s
2024-10-19 11:43:30,2.77 Mb/s
2024-10-19 11:44:00,1.67 Mb/s
2024-10-19 11:44:30,0 b/s
2024-10-19 11:45:00,0 b/s
2024-10-19 11:45:30,0 b/s
2024-10-19 11:46:00,448 b/s
2024-10-19 11:46:30,11.7 Mb/s
2024-10-19 11:47:00,5.14 Mb/s
2024-10-19 11:47:30,4.38 Mb/s
2024-10-19 11:48:00,8.97 Mb/s
2024-10-19 11:48:30,0 b/s
2024-10-19 11:49:00,0 b/s
2024-10-19 11:49:30,0 b/s
2024-10-19 11:50:00,448 b/s
2024-10-19 11:50:30,224 b/s
2024-10-19 11:51:00,14.3 Mb/s
2024-10-19 11:51:30,2.52 Mb/s
2024-10-19 11:52:00,0 b/s
2024-10-19 11:52:30,3.17 Mb/s
2024-10-19 11:53:00,17.9 Mb/s
2024-10-19 11:53:30,9.92 Mb/s
2024-10-19 11:54:00,0 b/s
2024-10-19 11:54:30,0 b/s
2024-10-19 11:55:00,448 b/s
2024-10-19 11:55:30,4.45 Mb/s
2024-10-19 11:56:00,5.81 Mb/s
2024-10-19 11:56:30,4.15 Mb/s
2024-10-19 11:57:00,7.22 Mb/s
2024-10-19 11:57:30,0 b/s
2024-10-19 11:58:00,0 b/s
2024-10-19 11:58:30,0 b/s
2024-10-19 11:59:00,4.88 Mb/s
2024-10-19 11:59:30,0 b/s
2024-10-19 12:00:00,0 b/s
2024-10-19 12:00:30,0 b/s
2024-10-19 12:01:00,0 b/s
2024-10-19 12:01:30,0 b/s
2024-10-19 12:02:00,0 b/s
2024-10-19 12:02:30,0 b/s
2024-10-19 12:03:00,0 b/s
2024-10-19 12:03:30,0 b/s
2024-10-19 12:04:00,17.0 Mb/s
2024-10-19 12:04:30,16.5 Mb/s
2024-10-19 12:05:00,1.18 kb/s
2024-10-19 12:05:30,0 b/s
2024-10-19 12:06:00,0 b/s
2024-10-19 12:06:30,5.25 Mb/s
2024-10-19 12:07:00,3.29 Mb/s
2024-10-19 12:07:30,5.53 Mb/s
2024-10-19 12:08:00,0 b/s
2024-10-19 12:08:30,0 b/s
2024-10-19 12:09:00,0 b/s
2024-10-19 12:09:30,0 b/s
2024-10-19 12:10:00,0 b/s
2024-10-19 12:10:30,0 b/s
2024-10-19 12:11:00,0 b/s
2024-10-19 12:11:30,554 kb/s
2024-10-19 12:12:00,553 kb/s
2024-10-19 12:12:30,491 kb/s
2024-10-19 12:13:00,0 b/s
2024-10-19 12:13:30,15.8 Mb/s
2024-10-19 12:14:00,15.1 Mb/s
2024-10-19 12:14:30,17.5 Mb/s
2024-10-19 12:15:00,0 b/s
2024-10-19 12:15:30,2.49 Mb/s
2024-10-19 12:16:00,2.21 Mb/s
2024-10-19 12:16:30,4.48 Mb/s
2024-10-19 12:17:00,13.7 Mb/s
2024-10-19 12:17:30,17.2 Mb/s
2024-10-19 12:18:00,0 b/s
2024-10-19 12:18:30,0 b/s
2024-10-19 12:19:00,0 b/s
2024-10-19 12:19:30,0 b/s
2024-10-19 12:20:00,0 b/s
2024-10-19 12:20:30,0 b/s
2024-10-19 12:21:00,0 b/s
2024-10-19 12:21:30,20.4 Mb/s
2024-10-19 12:22:00,6.30 Mb/s
2024-10-19 12:22:30,10.4 Mb/s
2024-10-19 12:23:00,0 b/s
2024-10-19 12:23:30,0 b/s
2024-10-19 12:24:00,0 b/s
2024-10-19 12:24:30,0 b/s
2024-10-19 12:25:00,0 b/s
2024-10-19 12:25:30,0 b/s
2024-10-19 12:26:00,0 b/s
2024-10-19 12:26:30,0 b/s
2024-10-19 12:27:00,10.2 Mb/s
2024-10-19 12:27:30,0 b/s
2024-10-19 12:28:00,3.87 Mb/s
2024-10-19 12:28:30,3.87 Mb/s
2024-10-19 12:29:00,0 b/s
2024-10-19 12:29:30,4.43 Mb/s
2024-10-19 12:30:00,4.71 Mb/s
2024-10-19 12:30:30,0 b/s
2024-10-19 12:31:00,7.75 Mb/s
2024-10-19 12:31:30,0 b/s
2024-10-19 12:32:00,0 b/s
2024-10-19 12:32:30,0 b/s
2024-10-19 12:33:00,0 b/s
2024-10-19 12:33:30,0 b/s
2024-10-19 12:34:00,0 b/s
2024-10-19 12:34:30,0 b/s
2024-10-19 12:35:00,448 b/s
2024-10-19 12:35:30,0 b/s
2024-10-19 12:36:00,0 b/s
2024-10-19 12:36:30,0 b/s
2024-10-19 12:37:00,0 b/s
2024-10-19 12:37:30,0 b/s
2024-10-19 12:38:00,0 b/s
2024-10-19 12:38:30,0 b/s
2024-10-19 12:39:00,15.9 Mb/s
2024-10-19 12:39:30,6.33 Mb/s
2024-10-19 12:40:00,13.8 Mb/s
2024-10-19 12:40:30,0 b/s
2024-10-19 12:41:00,4.16 Mb/s
2024-10-19 12:41:30,835 kb/s
2024-10-19 12:42:00,0 b/s
2024-10-19 12:42:30,0 b/s
2024-10-19 12:43:00,0 b/s
2024-10-19 12:43:30,4.97 Mb/s
2024-10-19 12:44:00,4.71 Mb/s
2024-10-19 12:44:30,4.97 Mb/s
2024-10-19 12:45:00,0 b/s
2024-10-19 12:45:30,6.15 Mb/s
2024-10-19 12:46:00,8.66 Mb/s
2024-10-19 12:46:30,14.8 Mb/s
2024-10-19 12:47:00,11.7 Mb/s
2024-10-19 12:47:30,10.9 Mb/s
2024-10-19 12:48:00,8.45 Mb/s
2024-10-19 12:48:30,2.56 Mb/s
2024-10-19 12:49:00,0 b/s
2024-10-19 12:49:30,0 b/s
2024-10-19 12:50:00,0 b/s
2024-10-19 12:50:30,0 b/s
2024-10-19 12:51:00,6.14 Mb/s
2024-10-19 12:51:30,8.85 Mb/s
2024-10-19 12:52:00,5.33 Mb/s
2024-10-19 12:52:30,6.80 Mb/s
2024-10-19 12:53:00,0 b/s
2024-10-19 12:53:30,120 kb/s
2024-10-19 12:54:00,832 kb/s
2024-10-19 12:54:30,1.11 Mb/s
2024-10-19 12:55:00,1.11 Mb/s
2024-10-19 12:55:30,3.82 Mb/s
2024-10-19 12:56:00,18.3 Mb/s
2024-10-19 12:56:30,16.7 Mb/s
2024-10-19 12:57:00,0 b/s
2024-10-19 12:57:30,0 b/s
2024-10-19 12:58:00,5.99 Mb/s
2024-10-19 12:58:30,6.07 Mb/s
2024-10-19 12:59:00,4.98 Mb/s
2024-10-19 12:59:30,4.77 Mb/s
2024-10-19 13:00:00,0 b/s
2024-10-19 13:00:30,830 kb/s
2024-10-19 13:01:00,831 kb/s
2024-10-19 13:01:30,782 kb/s
2024-10-19 13:02:00,224 b/s
2024-10-19 13:02:30,0 b/s
2024-10-19 13:03:00,0 b/s
2024-10-19 13:03:30,1.18 kb/s
2024-10-19 13:04:00,0 b/s
2024-10-19 13:04:30,0 b/s
2024-10-19 13:05:00,448 b/s
2024-10-19 13:05:30,0 b/s
2024-10-19 13:06:00,5.26 Mb/s
2024-10-19 13:06:30,4.98 Mb/s
2024-10-19 13:07:00,6.11 Mb/s
2024-10-19 13:07:30,554 kb/s
2024-10-19 13:08:00,0 b/s
2024-10-19 13:08:30,0 b/s
2024-10-19 13:09:00,0 b/s
2024-10-19 13:09:30,18.1 Mb/s
2024-10-19 13:10:00,2.06 Mb/s
2024-10-19 13:10:30,0 b/s
2024-10-19 13:11:00,0 b/s
2024-10-19 13:11:30,0 b/s
2024-10-19 13:12:00,0 b/s
2024-10-19 13:12:30,0 b/s
2024-10-19 13:13:00,0 b/s
2024-10-19 13:13:30,0 b/s
2024-10-19 13:14:00,0 b/s
2024-10-19 13:14:30,12.5 Mb/s
2024-10-19 13:15:00,0 b/s
2024-10-19 13:15:30,2.18 kb/s
2024-10-19 13:16:00,5.15 Mb/s
2024-10-19 13:16:30,2.22 Mb/s
2024-10-19 13:17:00,0 b/s
2024-10-19 13:17:30,0 b/s
2024-10-19 13:18:00,0 b/s
2024-10-19 13:18:30,0 b/s
2024-10-19 13:19:00,0 b/s
2024-10-19 13:19:30,5.24 Mb/s
2024-10-19 13:20:00,5.81 Mb/s
2024-10-19 13:20:30,5.54 Mb/s
2024-10-19 13:21:00,0 b/s
2024-10-19 13:21:30,9.89 Mb/s
2024-10-19 13:22:00,0 b/s
2024-10-19 13:22:30,0 b/s
2024-10-19 13:23:00,0 b/s
2024-10-19 13:23:30,0 b/s
2024-10-19 13:24:00,2.76 Mb/s
2024-10-19 13:24:30,2.22 Mb/s
2024-10-19 13:25:00,2.31 Mb/s
2024-10-19 13:25:30,1.95 Mb/s
2024-10-19 13:26:00,4.45 Mb/s
2024-10-19 13:26:30,8.87 Mb/s
2024-10-19 13:27:00,13.1 kb/s
2024-10-19 13:27:30,0 b/s
2024-10-19 13:28:00,0 b/s
2024-10-19 13:28:30,10.0 Mb/s
2024-10-19 13:29:00,5.12 Mb/s
2024-10-19 13:29:30,12.9 Mb/s
2024-10-19 13:30:00,0 b/s
2024-10-19 13:30:30,0 b/s
2024-10-19 13:31:00,0 b/s
2024-10-19 13:31:30,0 b/s
2024-10-19 13:32:30,376 kb/s
2024-10-19 13:33:00,7.76 Mb/s
2024-10-19 13:33:30,2.49 Mb/s
2024-10-19 13:34:00,0 b/s
2024-10-19 13:34:30,20.1 Mb/s
2024-10-19 13:35:00,21.9 Mb/s
2024-10-19 13:35:30,13.7 Mb/s
2024-10-19 13:36:00,0 b/s
2024-10-19 13:36:30,0 b/s
2024-10-19 13:37:00,0 b/s
2024-10-19 13:37:30,0 b/s
2024-10-19 13:38:00,0 b/s
2024-10-19 13:38:30,0 b/s
2024-10-19 13:39:00,0 b/s
2024-10-19 13:39:30,0 b/s
2024-10-19 13:40:00,0 b/s
2024-10-19 13:40:30,0 b/s
2024-10-19 13:41:00,0 b/s
2024-10-19 13:41:30,0 b/s
2024-10-19 13:42:00,0 b/s
2024-10-19 13:42:30,0 b/s
2024-10-19 13:43:00,0 b/s
2024-10-19 13:43:30,1.65 Mb/s
2024-10-19 13:44:00,1.37 Mb/s
2024-10-19 13:44:30,0 b/s
2024-10-19 13:45:00,13.7 Mb/s
2024-10-19 13:45:30,3.01 Mb/s
2024-10-19 13:46:00,0 b/s
2024-10-19 13:46:30,0 b/s
2024-10-19 13:47:00,0 b/s
2024-10-19 13:47:30,0 b/s
2024-10-19 13:48:00,0 b/s
2024-10-19 13:48:30,6.87 Mb/s
2024-10-19 13:49:00,14.8 Mb/s
2024-10-19 13:49:30,18.1 Mb/s
2024-10-19 13:50:00,11.4 Mb/s
2024-10-19 13:50:30,2.56 Mb/s
2024-10-19 13:51:00,5.62 Mb/s
2024-10-19 13:51:30,12.6 Mb/s
2024-10-19 13:52:00,2.95 Mb/s
2024-10-19 13:52:30,0 b/s
2024-10-19 13:53:00,0 b/s
2024-10-19 13:53:30,0 b/s
2024-10-19 13:54:00,17.7 Mb/s
2024-10-19 13:54:30,13.5 Mb/s
2024-10-19 13:55:00,12.1 Mb/s
2024-10-19 13:55:30,0 b/s
2024-10-19 13:56:00,278 kb/s
2024-10-19 13:56:30,288 kb/s
2024-10-19 13:57:00,0 b/s
2024-10-19 13:57:30,0 b/s
2024-10-19 13:58:00,0 b/s
2024-10-19 13:58:30,0 b/s
2024-10-19 13:59:00,6.09 Mb/s
2024-10-19 13:59:30,6.55 Mb/s
2024-10-19 14:00:00,0 b/s
2024-10-19 14:00:30,0 b/s
2024-10-19 14:01:00,0 b/s
2024-10-19 14:01:30,0 b/s
2024-10-19 14:02:00,0 b/s
2024-10-19 14:02:30,0 b/s
2024-10-19 14:03:00,2.30 kb/s
2024-10-19 14:03:30,13.8 Mb/s
2024-10-19 14:04:00,15.1 Mb/s
2024-10-19 14:04:30,0 b/s
2024-10-19 14:05:00,1.18 kb/s
2024-10-19 14:05:30,1.11 Mb/s
2024-10-19 14:06:00,1.66 Mb/s
2024-10-19 14:06:30,1.66 Mb/s
2024-10-19 14:07:00,0 b/s
2024-10-19 14:07:30,0 b/s
2024-10-19 14:08:00,0 b/s
2024-10-19 14:08:30,0 b/s
2024-10-19 14:09:00,0 b/s
2024-10-19 14:09:30,0 b/s
2024-10-19 14:10:00,0 b/s
2024-10-19 14:10:30,0 b/s
2024-10-19 14:11:00,0 b/s
2024-10-19 14:11:30,5.81 Mb/s
2024-10-19 14:12:00,0 b/s
2024-10-19 14:12:30,3.30 Mb/s
2024-10-19 14:13:00,2.77 Mb/s
2024-10-19 14:13:30,3.32 Mb/s
2024-10-19 14:14:00,0 b/s
2024-10-19 14:14:30,2.18 kb/s
2024-10-19 14:15:00,0 b/s
2024-10-19 14:15:30,0 b/s
2024-10-19 14:16:00,0 b/s
2024-10-19 14:16:30,0 b/s
2024-10-19 14:17:00,0 b/s
2024-10-19 14:17:30,0 b/s
2024-10-19 14:18:00,2.22 Mb/s
2024-10-19 14:18:30,0 b/s
2024-10-19 14:19:00,4.43 Mb/s
2024-10-19 14:19:30,4.43 Mb/s
2024-10-19 14:20:00,4.70 Mb/s
2024-10-19 14:20:30,0 b/s
2024-10-19 14:21:00,0 b/s
2024-10-19 14:21:30,0 b/s
2024-10-19 14:22:00,0 b/s
2024-10-19 14:22:30,0 b/s
2024-10-19 14:23:00,0 b/s
2024-10-19 14:23:30,0 b/s
2024-10-19 14:24:00,0 b/s
2024-10-19 14:24:30,0 b/s
2024-10-19 14:25:00,0 b/s
2024-10-19 14:25:30,0 b/s
2024-10-19 14:26:00,0 b/s
2024-10-19 14:26:30,0 b/s
2024-10-19 14:27:00,0 b/s
2024-10-19 14:27:30,0 b/s
2024-10-19 14:28:00,0 b/s
2024-10-19 14:28:30,224 b/s
2024-10-19 14:29:00,4.98 Mb/s
2024-10-19 14:29:30,4.97 Mb/s
2024-10-19 14:30:00,6.34 Mb/s
2024-10-19 14:30:30,4.70 Mb/s
2024-10-19 14:31:00,11.6 Mb/s
2024-10-19 14:31:30,4.43 Mb/s
2024-10-19 14:32:00,5.52 Mb/s
2024-10-19 14:32:30,0 b/s
2024-10-19 14:33:00,276 kb/s
2024-10-19 14:33:30,276 kb/s
2024-10-19 14:34:00,278 kb/s
2024-10-19 14:34:30,0 b/s
2024-10-19 14:35:00,0 b/s
2024-10-19 14:35:30,0 b/s
2024-10-19 14:36:00,0 b/s
2024-10-19 14:36:30,6.91 Mb/s
2024-10-19 14:37:00,6.07 Mb/s
2024-10-19 14:37:30,8.13 Mb/s
2024-10-19 14:38:00,0 b/s
2024-10-19 14:38:30,0 b/s
2024-10-19 14:39:00,0 b/s
2024-10-19 14:39:30,0 b/s
2024-10-19 14:40:00,0 b/s
2024-10-19 14:40:30,0 b/s
2024-10-19 14:41:00,554 kb/s
2024-10-19 14:41:30,558 kb/s
2024-10-19 14:42:00,830 kb/s
2024-10-19 14:42:30,3.70 Mb/s
2024-10-19 14:43:00,5.63 Mb/s
2024-10-19 14:43:30,9.38 Mb/s
2024-10-19 14:44:00,9.27 Mb/s
2024-10-19 14:44:30,1.66 Mb/s
2024-10-19 14:45:00,0 b/s
2024-10-19 14:45:30,0 b/s
2024-10-19 14:46:00,224 b/s
2024-10-19 14:46:30,0 b/s
2024-10-19 14:47:00,0 b/s
2024-10-19 14:47:30,0 b/s
2024-10-19 14:48:00,0 b/s
2024-10-19 14:48:30,0 b/s
2024-10-19 14:49:00,0 b/s
2024-10-19 14:49:30,0 b/s
2024-10-19 14:50:00,0 b/s
2024-10-19 14:50:30,0 b/s
2024-10-19 14:51:00,0 b/s
2024-10-19 14:51:30,15.5 Mb/s
2024-10-19 14:52:00,15.5 Mb/s
2024-10-19 14:52:30,0 b/s
2024-10-19 14:53:00,0 b/s
2024-10-19 14:53:30,0 b/s
2024-10-19 14:54:00,0 b/s
2024-10-19 14:54:30,0 b/s
2024-10-19 14:55:00,7.87 Mb/s
2024-10-19 14:55:30,0 b/s
2024-10-19 14:56:00,0 b/s
2024-10-19 14:57:00,0 b/s
2024-10-19 14:57:30,30.4 Mb/s
2024-10-19 14:58:00,24.0 Mb/s
2024-10-19 14:58:30,13.2 Mb/s
2024-10-19 14:59:00,4.41 Mb/s
2024-10-19 14:59:30,0 b/s
2024-10-19 15:00:00,0 b/s
2024-10-19 15:00:30,0 b/s
2024-10-19 15:01:00,0 b/s
2024-10-19 15:01:30,0 b/s
2024-10-19 15:02:00,0 b/s
2024-10-19 15:02:30,0 b/s
2024-10-19 15:03:00,0 b/s
2024-10-19 15:03:30,0 b/s
2024-10-19 15:04:00,3.60 Mb/s
2024-10-19 15:04:30,0 b/s
2024-10-19 15:05:00,7.63 Mb/s
2024-10-19 15:05:30,0 b/s
2024-10-19 15:06:00,2.30 kb/s
2024-10-19 15:06:30,6.35 Mb/s
2024-10-19 15:07:00,6.36 Mb/s
2024-10-19 15:07:30,6.71 Mb/s
2024-10-19 15:08:00,0 b/s
2024-10-19 15:08:30,0 b/s
2024-10-19 15:09:00,11.3 Mb/s
2024-10-19 15:09:30,14.1 Mb/s
2024-10-19 15:10:00,16.3 Mb/s
2024-10-19 15:10:30,13.0 Mb/s
2024-10-19 15:11:00,8.11 Mb/s
2024-10-19 15:11:30,4.16 Mb/s
2024-10-19 15:12:00,5.46 Mb/s
2024-10-19 15:12:30,0 b/s
2024-10-19 15:13:00,2.59 Mb/s
2024-10-19 15:13:30,2.50 Mb/s
2024-10-19 15:14:00,34.6 Mb/s
2024-10-19 15:14:30,14.1 Mb/s
2024-10-19 15:15:00,14.4 Mb/s
2024-10-19 15:15:30,14.1 Mb/s
2024-10-19 15:16:00,0 b/s
2024-10-19 15:16:30,0 b/s
2024-10-19 15:17:00,0 b/s
2024-10-19 15:17:30,0 b/s
2024-10-19 15:18:00,0 b/s
2024-10-19 15:18:30,0 b/s
2024-10-19 15:19:00,15.2 Mb/s
2024-10-19 15:19:30,8.44 Mb/s
2024-10-19 15:20:00,0 b/s
2024-10-19 15:20:30,0 b/s
2024-10-19 15:21:00,0 b/s
2024-10-19 15:21:30,0 b/s
2024-10-19 15:22:00,0 b/s
2024-10-19 15:22:30,0 b/s
2024-10-19 15:23:00,1.11 Mb/s
2024-10-19 15:23:30,0 b/s
2024-10-19 15:24:00,0 b/s
2024-10-19 15:24:30,0 b/s
2024-10-19 15:25:00,0 b/s
2024-10-19 15:25:30,0 b/s
2024-10-19 15:26:00,0 b/s
2024-10-19 15:26:30,0 b/s
2024-10-19 15:27:00,0 b/s
2024-10-19 15:27:30,0 b/s
2024-10-19 15:28:00,0 b/s
2024-10-19 15:28:30,0 b/s
2024-10-19 15:29:00,0 b/s
2024-10-19 15:29:30,7.96 Mb/s
2024-10-19 15:30:00,14.1 Mb/s
2024-10-19 15:30:30,9.19 Mb/s
2024-10-19 15:31:00,0 b/s
2024-10-19 15:31:30,0 b/s
2024-10-19 15:32:00,0 b/s
2024-10-19 15:32:30,0 b/s
2024-10-19 15:33:00,0 b/s
2024-10-19 15:33:30,0 b/s
2024-10-19 15:34:00,0 b/s
2024-10-19 15:34:30,0 b/s
2024-10-19 15:35:00,0 b/s
2024-10-19 15:35:30,0 b/s
2024-10-19 15:36:00,0 b/s
2024-10-19 15:36:30,0 b/s
2024-10-19 15:37:00,0 b/s
2024-10-19 15:37:30,1.18 kb/s
2024-10-19 15:38:00,0 b/s
2024-10-19 15:38:30,0 b/s
2024-10-19 15:39:00,9.39 Mb/s
2024-10-19 15:39:30,4.49 Mb/s
2024-10-19 15:40:00,11.2 Mb/s
2024-10-19 15:40:30,7.43 Mb/s
2024-10-19 15:41:00,7.92 Mb/s
2024-10-19 15:41:30,8.68 Mb/s
2024-10-19 15:42:00,7.65 Mb/s
2024-10-19 15:42:30,0 b/s
2024-10-19 15:43:00,7.40 Mb/s
2024-10-19 15:43:30,25.8 Mb/s
2024-10-19 15:44:00,0 b/s
2024-10-19 15:44:30,0 b/s
2024-10-19 15:45:00,0 b/s
2024-10-19 15:45:30,0 b/s
2024-10-19 15:46:00,0 b/s
2024-10-19 15:46:30,11.0 Mb/s
2024-10-19 15:47:00,13.1 Mb/s
2024-10-19 15:47:30,0 b/s
2024-10-19 15:48:00,0 b/s
2024-10-19 15:48:30,0 b/s
2024-10-19 15:49:00,0 b/s
2024-10-19 15:49:30,2.49 Mb/s
2024-10-19 15:50:00,2.49 Mb/s
2024-10-19 15:50:30,0 b/s
2024-10-19 15:51:00,0 b/s
2024-10-19 15:51:30,0 b/s
2024-10-19 15:52:00,1.66 Mb/s
2024-10-19 15:52:30,1.66 Mb/s
2024-10-19 15:53:00,1.66 Mb/s
2024-10-19 15:53:30,1.66 Mb/s
2024-10-19 15:54:00,20.2 Mb/s
2024-10-19 15:54:30,8.83 Mb/s
2024-10-19 15:55:00,0 b/s
2024-10-19 15:55:30,0 b/s
2024-10-19 15:56:00,0 b/s
2024-10-19 15:56:30,0 b/s
2024-10-19 15:57:00,0 b/s
2024-10-19 15:57:30,0 b/s
2024-10-19 15:58:00,0 b/s
2024-10-19 15:58:30,0 b/s
2024-10-19 15:59:00,0 b/s
2024-10-19 15:59:30,0 b/s
2024-10-19 16:00:00,9.77 Mb/s
2024-10-19 16:00:30,16.9 Mb/s
2024-10-19 16:01:00,0 b/s
2024-10-19 16:01:30,0 b/s
2024-10-19 16:02:00,0 b/s
2024-10-19 16:02:30,0 b/s
2024-10-19 16:03:00,0 b/s
2024-10-19 16:03:30,0 b/s
2024-10-19 16:04:00,0 b/s
2024-10-19 16:04:30,0 b/s
2024-10-19 16:05:00,0 b/s
2024-10-19 16:05:30,0 b/s
2024-10-19 16:06:00,0 b/s
2024-10-19 16:06:30,0 b/s
2024-10-19 16:07:00,0 b/s
2024-10-19 16:07:30,0 b/s
2024-10-19 16:08:00,0 b/s
2024-10-19 16:08:30,0 b/s
2024-10-19 16:09:00,0 b/s
2024-10-19 16:09:30,0 b/s
2024-10-19 16:10:00,0 b/s
2024-10-19 16:10:30,0 b/s
2024-10-19 16:11:00,0 b/s
2024-10-19 16:11:30,5.30 Mb/s
2024-10-19 16:12:00,10.5 Mb/s
2024-10-19 16:12:30,10.8 Mb/s
2024-10-19 16:13:00,0 b/s
2024-10-19 16:13:30,0 b/s
2024-10-19 16:14:00,0 b/s
2024-10-19 16:14:30,0 b/s
2024-10-19 16:15:00,0 b/s
2024-10-19 16:15:30,18.9 Mb/s
2024-10-19 16:16:00,0 b/s
2024-10-19 16:16:30,11.4 Mb/s
2024-10-19 16:17:00,10.5 Mb/s
2024-10-19 16:17:30,13.8 Mb/s
2024-10-19 16:18:00,9.23 Mb/s
2024-10-19 16:18:30,0 b/s
2024-10-19 16:19:00,12.0 Mb/s
2024-10-19 16:19:30,0 b/s
2024-10-19 16:20:00,0 b/s
2024-10-19 16:20:30,0 b/s
2024-10-19 16:21:00,0 b/s
2024-10-19 16:21:30,0 b/s
2024-10-19 16:22:00,11.6 Mb/s
2024-10-19 16:22:30,0 b/s
2024-10-19 16:23:00,0 b/s
2024-10-19 16:23:30,0 b/s
2024-10-19 16:24:00,0 b/s
2024-10-19 16:24:30,0 b/s
2024-10-19 16:25:00,0 b/s
2024-10-19 16:25:30,0 b/s
2024-10-19 16:26:00,0 b/s
2024-10-19 16:26:30,0 b/s
2024-10-19 16:27:00,0 b/s
2024-10-19 16:27:30,0 b/s
2024-10-19 16:28:00,20.7 Mb/s
2024-10-19 16:28:30,7.64 Mb/s
2024-10-19 16:29:00,27.2 Mb/s
2024-10-19 16:29:30,8.96 Mb/s
2024-10-19 16:30:00,0 b/s
2024-10-19 16:30:30,0 b/s
2024-10-19 16:31:00,0 b/s
2024-10-19 16:31:30,0 b/s
2024-10-19 16:32:00,0 b/s
2024-10-19 16:32:30,5.63 Mb/s
2024-10-19 16:33:00,6.36 Mb/s
2024-10-19 16:33:30,1.22 Mb/s
2024-10-19 16:34:00,1.93 Mb/s
2024-10-19 16:34:30,13.0 Mb/s
2024-10-19 16:35:00,0 b/s
2024-10-19 16:35:30,0 b/s
2024-10-19 16:36:00,3.09 Mb/s
2024-10-19 16:37:00,0 b/s
2024-10-19 16:37:30,0 b/s
2024-10-19 16:38:00,0 b/s
2024-10-19 16:38:30,0 b/s
2024-10-19 16:39:00,12.0 Mb/s
2024-10-19 16:39:30,21.3 Mb/s
2024-10-19 16:40:00,7.03 Mb/s
2024-10-19 16:40:30,5.52 Mb/s
2024-10-19 16:41:00,0 b/s
2024-10-19 16:41:30,0 b/s
2024-10-19 16:42:00,0 b/s
2024-10-19 16:42:30,5.10 Mb/s
2024-10-19 16:43:00,4.77 Mb/s
2024-10-19 16:43:30,5.48 kb/s
2024-10-19 16:44:00,0 b/s
2024-10-19 16:44:30,0 b/s
2024-10-19 16:45:00,0 b/s
2024-10-19 16:45:30,0 b/s
2024-10-19 16:46:00,7.71 Mb/s
2024-10-19 16:46:30,12.4 Mb/s
2024-10-19 16:47:00,4.59 Mb/s
2024-10-19 16:47:30,21.3 Mb/s
2024-10-19 16:48:00,4.89 Mb/s
2024-10-19 16:48:30,22.3 Mb/s
2024-10-19 16:49:00,0 b/s
2024-10-19 16:49:30,0 b/s
2024-10-19 16:50:00,0 b/s
2024-10-19 16:50:30,0 b/s
2024-10-19 16:51:00,224 b/s
2024-10-19 16:51:30,6.92 Mb/s
2024-10-19 16:52:00,5.82 Mb/s
2024-10-19 16:52:30,10.7 Mb/s
2024-10-19 16:53:00,0 b/s
2024-10-19 16:53:30,0 b/s
2024-10-19 16:54:00,14.7 Mb/s
2024-10-19 16:54:30,8.77 Mb/s
2024-10-19 16:55:00,15.5 Mb/s
2024-10-19 16:55:30,0 b/s
2024-10-19 16:56:00,9.17 Mb/s
2024-10-19 16:56:30,8.91 Mb/s
2024-10-19 16:57:00,3.01 Mb/s
2024-10-19 16:57:30,9.76 Mb/s
2024-10-19 16:58:00,0 b/s
2024-10-19 16:58:30,0 b/s
2024-10-19 16:59:00,0 b/s
2024-10-19 16:59:30,0 b/s
2024-10-19 17:00:00,0 b/s
2024-10-19 17:00:30,0 b/s
2024-10-19 17:01:00,0 b/s
2024-10-19 17:01:30,0 b/s
2024-10-19 17:02:00,0 b/s
2024-10-19 17:02:30,9.07 Mb/s
2024-10-19 17:03:00,0 b/s
2024-10-19 17:03:30,0 b/s
2024-10-19 17:04:00,0 b/s
2024-10-19 17:04:30,0 b/s
2024-10-19 17:05:00,224 b/s
2024-10-19 17:05:30,0 b/s
2024-10-19 17:06:00,0 b/s
2024-10-19 17:06:30,0 b/s
2024-10-19 17:07:00,0 b/s
2024-10-19 17:07:30,0 b/s
2024-10-19 17:08:00,0 b/s
2024-10-19 17:08:30,0 b/s
2024-10-19 17:09:00,2.18 kb/s
2024-10-19 17:09:30,0 b/s
2024-10-19 17:10:00,7.54 Mb/s
2024-10-19 17:10:30,6.23 Mb/s
2024-10-19 17:11:00,5.24 Mb/s
2024-10-19 17:11:30,1.95 Mb/s
2024-10-19 17:12:00,0 b/s
2024-10-19 17:12:30,557 kb/s
2024-10-19 17:13:00,0 b/s
2024-10-19 17:13:30,0 b/s
2024-10-19 17:14:00,0 b/s
2024-10-19 17:14:30,0 b/s
2024-10-19 17:15:00,0 b/s
2024-10-19 17:15:30,0 b/s
2024-10-19 17:16:00,0 b/s
2024-10-19 17:16:30,0 b/s
2024-10-19 17:17:00,0 b/s
2024-10-19 17:17:30,0 b/s
2024-10-19 17:18:00,2.17 kb/s
2024-10-19 17:18:30,10.6 Mb/s
2024-10-19 17:19:00,0 b/s
2024-10-19 17:19:30,9.37 Mb/s
2024-10-19 17:20:00,7.25 Mb/s
2024-10-19 17:20:30,9.57 Mb/s
2024-10-19 17:21:00,9.04 Mb/s
2024-10-19 17:21:30,1.30 Mb/s
2024-10-19 17:22:00,0 b/s
2024-10-19 17:22:30,0 b/s
2024-10-19 17:23:00,0 b/s
2024-10-19 17:23:30,0 b/s
2024-10-19 17:24:00,8.28 Mb/s
2024-10-19 17:24:30,7.19 Mb/s
2024-10-19 17:25:00,9.64 Mb/s
2024-10-19 17:25:30,0 b/s
2024-10-19 17:26:00,13.3 Mb/s
2024-10-19 17:26:30,10.8 Mb/s
2024-10-19 17:27:00,11.6 Mb/s
2024-10-19 17:27:30,0 b/s
2024-10-19 17:28:00,0 b/s
2024-10-19 17:28:30,0 b/s
2024-10-19 17:29:00,12.8 Mb/s
2024-10-19 17:29:30,10.4 Mb/s
2024-10-19 17:30:00,13.7 Mb/s
2024-10-19 17:30:30,0 b/s
2024-10-19 17:31:00,2.77 Mb/s
2024-10-19 17:31:30,2.77 Mb/s
2024-10-19 17:32:00,2.77 Mb/s
2024-10-19 17:32:30,0 b/s
2024-10-19 17:33:00,17.7 Mb/s
2024-10-19 17:33:30,5.67 Mb/s
2024-10-19 17:34:00,9.72 Mb/s
2024-10-19 17:34:30,2.91 Mb/s
2024-10-19 17:35:00,0 b/s
2024-10-19 17:35:30,0 b/s
2024-10-19 17:36:00,0 b/s
2024-10-19 17:36:30,0 b/s
2024-10-19 17:37:00,0 b/s
2024-10-19 17:37:30,0 b/s
2024-10-19 17:38:00,448 b/s
2024-10-19 17:38:30,6.36 Mb/s
2024-10-19 17:39:00,8.86 Mb/s
2024-10-19 17:39:30,0 b/s
2024-10-19 17:40:00,0 b/s
2024-10-19 17:40:30,0 b/s
2024-10-19 17:41:00,3.50 Mb/s
2024-10-19 17:41:30,6.13 Mb/s
2024-10-19 17:42:00,21.8 Mb/s
2024-10-19 17:42:30,1.38 Mb/s
2024-10-19 17:43:00,0 b/s
2024-10-19 17:43:30,8.27 Mb/s
2024-10-19 17:44:00,0 b/s
2024-10-19 17:44:30,0 b/s
2024-10-19 17:45:00,0 b/s
2024-10-19 17:45:30,0 b/s
2024-10-19 17:46:00,0 b/s
2024-10-19 17:46:30,0 b/s
2024-10-19 17:47:00,3.60 Mb/s
2024-10-19 17:47:30,3.60 Mb/s
2024-10-19 17:48:00,0 b/s
2024-10-19 17:48:30,0 b/s
2024-10-19 17:49:00,0 b/s
2024-10-19 17:49:30,6.39 Mb/s
2024-10-19 17:50:00,3.62 Mb/s
2024-10-19 17:50:30,224 b/s
2024-10-19 17:51:00,0 b/s
2024-10-19 17:51:30,0 b/s
2024-10-19 17:52:00,0 b/s
2024-10-19 17:52:30,0 b/s
2024-10-19 17:53:00,1.66 kb/s
2024-10-19 17:53:30,4.14 Mb/s
2024-10-19 17:54:00,3.87 Mb/s
2024-10-19 17:54:30,4.43 Mb/s
2024-10-19 17:55:00,0 b/s
2024-10-19 17:55:30,0 b/s
2024-10-19 17:56:00,0 b/s
2024-10-19 17:56:30,0 b/s
2024-10-19 17:57:00,0 b/s
2024-10-19 17:57:30,0 b/s
2024-10-19 17:58:00,0 b/s
2024-10-19 17:58:30,0 b/s
2024-10-19 17:59:00,5.65 Mb/s
2024-10-19 17:59:30,5.61 Mb/s
2024-10-19 18:00:00,224 b/s
2024-10-19 18:00:30,0 b/s
2024-10-19 18:01:00,0 b/s
2024-10-19 18:01:30,0 b/s
2024-10-19 18:02:00,5.08 Mb/s
2024-10-19 18:02:30,10.0 Mb/s
2024-10-19 18:03:00,0 b/s
2024-10-19 18:03:30,0 b/s
2024-10-19 18:04:00,5.46 Mb/s
2024-10-19 18:04:30,12.0 Mb/s
2024-10-19 18:05:00,3.87 Mb/s
2024-10-19 18:05:30,4.32 Mb/s
2024-10-19 18:06:00,33.3 Mb/s
2024-10-19 18:06:30,0 b/s
2024-10-19 18:07:00,0 b/s
2024-10-19 18:07:30,0 b/s
2024-10-19 18:08:00,15.8 Mb/s
2024-10-19 18:08:30,3.06 Mb/s
2024-10-19 18:09:00,3.95 Mb/s
2024-10-19 18:09:30,4.62 Mb/s
2024-10-19 18:10:00,9.85 Mb/s
2024-10-19 18:10:30,0 b/s
2024-10-19 18:11:00,0 b/s
2024-10-19 18:11:30,0 b/s
2024-10-19 18:12:00,0 b/s
2024-10-19 18:12:30,0 b/s
2024-10-19 18:13:00,0 b/s
2024-10-19 18:13:30,22.5 Mb/s
2024-10-19 18:14:00,9.14 Mb/s
2024-10-19 18:14:30,43.9 Mb/s
2024-10-19 18:15:00,0 b/s
2024-10-19 18:15:30,16.4 Mb/s
2024-10-19 18:16:00,448 b/s
2024-10-19 18:16:30,0 b/s
2024-10-19 18:17:00,0 b/s
2024-10-19 18:17:30,0 b/s
2024-10-19 18:18:00,8.43 Mb/s
2024-10-19 18:18:30,0 b/s
2024-10-19 18:19:00,0 b/s
2024-10-19 18:19:30,0 b/s
2024-10-19 18:20:00,0 b/s
2024-10-19 18:20:30,2.18 kb/s
2024-10-19 18:21:00,0 b/s
2024-10-19 18:21:30,0 b/s
2024-10-19 18:22:00,0 b/s
2024-10-19 18:22:30,0 b/s
2024-10-19 18:23:00,0 b/s
2024-10-19 18:23:30,0 b/s
2024-10-19 18:24:00,0 b/s
2024-10-19 18:24:30,0 b/s
2024-10-19 18:25:00,12.5 Mb/s
2024-10-19 18:25:30,3.22 Mb/s
2024-10-19 18:26:00,0 b/s
2024-10-19 18:26:30,0 b/s
2024-10-19 18:27:00,0 b/s
2024-10-19 18:27:30,0 b/s
2024-10-19 18:28:00,0 b/s
2024-10-19 18:28:30,0 b/s
2024-10-19 18:29:00,0 b/s
2024-10-19 18:29:30,0 b/s
2024-10-19 18:30:00,0 b/s
2024-10-19 18:30:30,555 kb/s
2024-10-19 18:31:00,555 kb/s
2024-10-19 18:31:30,555 kb/s
2024-10-19 18:32:00,0 b/s
2024-10-19 18:32:30,4.72 Mb/s
2024-10-19 18:33:00,7.43 Mb/s
2024-10-19 18:33:30,8.22 Mb/s
2024-10-19 18:34:00,4.16 Mb/s
2024-10-19 18:34:30,0 b/s
2024-10-19 18:35:00,18.9 Mb/s
2024-10-19 18:35:30,0 b/s
2024-10-19 18:36:00,9.41 Mb/s
2024-10-19 18:36:30,1.74 Mb/s
2024-10-19 18:37:00,5.53 Mb/s
2024-10-19 18:37:30,0 b/s
2024-10-19 18:38:00,0 b/s
2024-10-19 18:38:30,0 b/s
2024-10-19 18:39:00,0 b/s
2024-10-19 18:39:30,0 b/s
2024-10-19 18:40:00,0 b/s
2024-10-19 18:40:30,0 b/s
2024-10-19 18:41:00,2.77 Mb/s
2024-10-19 18:41:30,2.49 Mb/s
2024-10-19 18:42:00,2.49 Mb/s
2024-10-19 18:42:30,0 b/s
2024-10-19 18:43:00,0 b/s
2024-10-19 18:43:30,0 b/s
2024-10-19 18:44:00,0 b/s
2024-10-19 18:44:30,16.6 Mb/s
2024-10-19 18:45:00,9.66 Mb/s
2024-10-19 18:45:30,0 b/s
2024-10-19 18:46:00,11.9 Mb/s
2024-10-19 18:46:30,11.2 Mb/s
2024-10-19 18:47:00,0 b/s
2024-10-19 18:47:30,0 b/s
2024-10-19 18:48:00,0 b/s
2024-10-19 18:48:30,0 b/s
2024-10-19 18:49:00,0 b/s
2024-10-19 18:49:30,10.8 Mb/s
2024-10-19 18:50:00,9.38 Mb/s
2024-10-19 18:50:30,0 b/s
2024-10-19 18:51:00,0 b/s
2024-10-19 18:51:30,5.46 Mb/s
2024-10-19 18:52:00,8.74 Mb/s
2024-10-19 18:52:30,0 b/s
2024-10-19 18:53:00,2.37 Mb/s
2024-10-19 18:53:30,1.98 Mb/s
2024-10-19 18:54:00,2.25 Mb/s
2024-10-19 18:54:30,0 b/s
2024-10-19 18:55:00,1.93 Mb/s
2024-10-19 18:55:30,1.73 Mb/s
2024-10-19 18:56:00,1.66 Mb/s
2024-10-19 18:56:30,0 b/s
2024-10-19 18:57:00,0 b/s
2024-10-19 18:57:30,0 b/s
2024-10-19 18:58:00,0 b/s
2024-10-19 18:58:30,4.43 Mb/s
2024-10-19 18:59:00,0 b/s
2024-10-19 18:59:30,0 b/s
2024-10-19 19:00:00,0 b/s
2024-10-19 19:00:30,0 b/s
2024-10-19 19:01:00,0 b/s
2024-10-19 19:01:30,15.5 Mb/s
2024-10-19 19:02:00,5.03 Mb/s
2024-10-19 19:02:30,0 b/s
2024-10-19 19:03:00,0 b/s
2024-10-19 19:03:30,0 b/s
2024-10-19 19:04:00,0 b/s
2024-10-19 19:04:30,0 b/s
2024-10-19 19:05:00,0 b/s
2024-10-19 19:05:30,0 b/s
2024-10-19 19:06:00,13.0 Mb/s
2024-10-19 19:06:30,8.90 Mb/s
2024-10-19 19:07:00,13.8 Mb/s
2024-10-19 19:07:30,10.5 Mb/s
2024-10-19 19:08:00,0 b/s
2024-10-19 19:08:30,0 b/s
2024-10-19 19:09:00,0 b/s
2024-10-19 19:09:30,0 b/s
2024-10-19 19:10:00,0 b/s
2024-10-19 19:10:30,0 b/s
2024-10-19 19:11:00,0 b/s
2024-10-19 19:11:30,7.54 Mb/s
2024-10-19 19:12:00,0 b/s
2024-10-19 19:12:30,0 b/s
2024-10-19 19:13:00,0 b/s
2024-10-19 19:13:30,0 b/s
2024-10-19 19:14:00,0 b/s
2024-10-19 19:14:30,0 b/s
2024-10-19 19:15:00,0 b/s
2024-10-19 19:15:30,0 b/s
2024-10-19 19:16:00,0 b/s
2024-10-19 19:16:30,0 b/s
2024-10-19 19:17:00,13.8 Mb/s
2024-10-19 19:17:30,5.28 Mb/s
2024-10-19 19:18:00,6.31 Mb/s
2024-10-19 19:18:30,1.18 kb/s
2024-10-19 19:19:00,0 b/s
2024-10-19 19:19:30,0 b/s
2024-10-19 19:20:00,0 b/s
2024-10-19 19:20:30,0 b/s
2024-10-19 19:21:00,0 b/s
2024-10-19 19:21:30,1.40 Mb/s
2024-10-19 19:22:00,13.2 Mb/s
2024-10-19 19:22:30,6.88 Mb/s
2024-10-19 19:23:00,4.27 Mb/s
2024-10-19 19:23:30,4.38 Mb/s
2024-10-19 19:24:00,0 b/s
2024-10-19 19:24:30,440 kb/s
2024-10-19 19:25:00,0 b/s
2024-10-19 19:25:30,12.0 Mb/s
2024-10-19 19:26:00,12.2 Mb/s
2024-10-19 19:26:30,15.2 Mb/s
2024-10-19 19:27:00,0 b/s
2024-10-19 19:27:30,0 b/s
2024-10-19 19:28:00,0 b/s
2024-10-19 19:28:30,0 b/s
2024-10-19 19:30:00,13.6 Mb/s
2024-10-19 19:30:30,16.6 Mb/s
2024-10-19 19:31:00,14.6 Mb/s
2024-10-19 19:31:30,6.40 Mb/s
2024-10-19 19:32:00,0 b/s
2024-10-19 19:32:30,0 b/s
2024-10-19 19:33:00,0 b/s
2024-10-19 19:33:30,448 b/s
2024-10-19 19:34:00,0 b/s
2024-10-19 19:34:30,0 b/s
2024-10-19 19:35:00,0 b/s
2024-10-19 19:35:30,4.71 Mb/s
2024-10-19 19:36:00,11.1 Mb/s
2024-10-19 19:36:30,276 kb/s
2024-10-19 19:37:00,278 kb/s
2024-10-19 19:37:30,276 kb/s
2024-10-19 19:38:00,276 kb/s
2024-10-19 19:38:30,0 b/s
2024-10-19 19:39:00,0 b/s
2024-10-19 19:39:30,0 b/s
2024-10-19 19:40:00,0 b/s
2024-10-19 19:40:30,0 b/s
2024-10-19 19:41:00,2.37 kb/s
2024-10-19 19:41:30,4.69 Mb/s
2024-10-19 19:42:00,9.68 Mb/s
2024-10-19 19:42:30,8.57 Mb/s
2024-10-19 19:43:00,7.19 Mb/s
2024-10-19 19:43:30,10.7 Mb/s
2024-10-19 19:44:00,13.2 Mb/s
2024-10-19 19:44:30,11.0 Mb/s
2024-10-19 19:45:00,9.10 Mb/s
2024-10-19 19:45:30,10.9 Mb/s
2024-10-19 19:46:00,11.3 Mb/s
2024-10-19 19:46:30,8.58 Mb/s
2024-10-19 19:47:00,1.69 Mb/s
2024-10-19 19:47:30,4.31 Mb/s
2024-10-19 19:48:00,11.6 Mb/s
2024-10-19 19:48:30,11.3 Mb/s
2024-10-19 19:49:00,0 b/s
2024-10-19 19:49:30,0 b/s
2024-10-19 19:50:00,0 b/s
2024-10-19 19:50:30,0 b/s
2024-10-19 19:51:00,0 b/s
2024-10-19 19:51:30,2.46 Mb/s
2024-10-19 19:52:00,0 b/s
2024-10-19 19:52:30,3.87 Mb/s
2024-10-19 19:53:00,4.70 Mb/s
2024-10-19 19:53:30,0 b/s
2024-10-19 19:54:00,0 b/s
2024-10-19 19:54:30,12.9 Mb/s
2024-10-19 19:55:00,12.8 Mb/s
2024-10-19 19:55:30,5.41 Mb/s
2024-10-19 19:56:00,0 b/s
2024-10-19 19:56:30,0 b/s
2024-10-19 19:57:00,0 b/s
2024-10-19 19:57:30,0 b/s
2024-10-19 19:58:00,0 b/s
2024-10-19 19:58:30,0 b/s
2024-10-19 19:59:00,0 b/s
2024-10-19 19:59:30,0 b/s
2024-10-19 20:00:00,0 b/s
2024-10-19 20:00:30,0 b/s
2024-10-19 20:01:00,0 b/s
2024-10-19 20:01:30,0 b/s
2024-10-19 20:02:00,0 b/s
2024-10-19 20:02:30,1.66 Mb/s
2024-10-19 20:03:00,2.48 Mb/s
2024-10-19 20:03:30,4.70 Mb/s
2024-10-19 20:04:00,0 b/s
2024-10-19 20:04:30,0 b/s
2024-10-19 20:05:00,0 b/s
2024-10-19 20:05:30,0 b/s
2024-10-19 20:06:00,0 b/s
2024-10-19 20:06:30,0 b/s
2024-10-19 20:07:00,0 b/s
2024-10-19 20:07:30,0 b/s
2024-10-19 20:08:00,23.7 Mb/s
2024-10-19 20:08:30,13.9 Mb/s
2024-10-19 20:09:00,552 kb/s
2024-10-19 20:09:30,7.45 Mb/s
2024-10-19 20:10:00,0 b/s
2024-10-19 20:10:30,0 b/s
2024-10-19 20:11:00,10.0 Mb/s
2024-10-19 20:11:30,12.4 Mb/s
2024-10-19 20:12:00,0 b/s
2024-10-19 20:12:30,0 b/s
2024-10-19 20:13:00,0 b/s
2024-10-19 20:13:30,8.84 Mb/s
2024-10-19 20:14:00,11.9 Mb/s
2024-10-19 20:14:30,0 b/s
2024-10-19 20:15:00,0 b/s
2024-10-19 20:15:30,0 b/s
2024-10-19 20:16:00,0 b/s
2024-10-19 20:16:30,565 kb/s
2024-10-19 20:17:00,554 kb/s
2024-10-19 20:17:30,482 kb/s
2024-10-19 20:18:00,9.88 Mb/s
2024-10-19 20:18:30,0 b/s
2024-10-19 20:19:00,0 b/s
2024-10-19 20:19:30,0 b/s
2024-10-19 20:20:00,0 b/s
2024-10-19 20:20:30,0 b/s
2024-10-19 20:21:00,8.27 Mb/s