"Time","payload_data_details_txBytes {Aptech=""lifi"", mac_address=""00:c0:ca:b5:c6:77""}"
2024-10-18 20:21:30,8.75 kb/s
2024-10-18 20:22:00,8.29 kb/s
2024-10-18 20:22:30,8.93 kb/s
2024-10-18 20:23:00,9.53 kb/s
2024-10-18 20:23:30,214 kb/s
2024-10-18 20:24:00,189 kb/s
2024-10-18 20:24:30,73.0 kb/s
2024-10-18 20:25:30,726 kb/s
2024-10-18 20:26:00,207 kb/s
2024-10-18 20:26:30,8.11 kb/s
2024-10-18 20:27:00,6.97 kb/s
2024-10-18 20:27:30,77.9 kb/s
2024-10-18 20:28:00,136 kb/s
2024-10-18 20:28:30,10.9 kb/s
2024-10-18 20:29:00,7.58 kb/s
2024-10-18 20:29:30,7.71 kb/s
2024-10-18 20:30:00,345 kb/s
2024-10-18 20:30:30,326 kb/s
2024-10-18 20:31:00,411 kb/s
2024-10-18 20:31:30,58.4 kb/s
2024-10-18 20:32:00,81.8 kb/s
2024-10-18 20:32:30,248 kb/s
2024-10-18 20:33:00,381 kb/s
2024-10-18 20:33:30,368 kb/s
2024-10-18 20:34:00,306 kb/s
2024-10-18 20:34:30,155 kb/s
2024-10-18 20:35:00,184 kb/s
2024-10-18 20:35:30,156 kb/s
2024-10-18 20:36:00,77.0 kb/s
2024-10-18 20:36:30,334 kb/s
2024-10-18 20:37:30,2.17 Mb/s
2024-10-18 20:38:00,10.4 kb/s
2024-10-18 20:38:30,10.8 kb/s
2024-10-18 20:39:00,8.59 kb/s
2024-10-18 20:39:30,9.15 kb/s
2024-10-18 20:40:00,61.3 kb/s
2024-10-18 20:40:30,89.4 kb/s
2024-10-18 20:41:00,86.5 kb/s
2024-10-18 20:41:30,66.2 kb/s
2024-10-18 20:42:00,34.7 kb/s
2024-10-18 20:42:30,38.8 kb/s
2024-10-18 20:43:00,28.9 kb/s
2024-10-18 20:43:30,6.37 kb/s
2024-10-18 20:44:00,7.35 kb/s
2024-10-18 20:44:30,8.02 kb/s
2024-10-18 20:45:00,6.36 kb/s
2024-10-18 20:45:30,9.07 kb/s
2024-10-18 20:46:00,5.70 kb/s
2024-10-18 20:46:30,13.2 kb/s
2024-10-18 20:47:00,146 kb/s
2024-10-18 20:47:30,116 kb/s
2024-10-18 20:48:00,5.83 kb/s
2024-10-18 20:48:30,4.20 kb/s
2024-10-18 20:49:30,62.9 kb/s
2024-10-18 20:50:00,20.4 kb/s
2024-10-18 20:50:30,40.8 kb/s
2024-10-18 20:51:00,26.2 kb/s
2024-10-18 20:51:30,285 kb/s
2024-10-18 20:52:00,284 kb/s
2024-10-18 20:52:30,57.3 kb/s
2024-10-18 20:53:00,8.21 kb/s
2024-10-18 20:53:30,10.2 kb/s
2024-10-18 20:54:00,7.93 kb/s
2024-10-18 20:54:30,10.6 kb/s
2024-10-18 20:55:00,7.88 kb/s
2024-10-18 20:55:30,7.66 kb/s
2024-10-18 20:56:00,7.60 kb/s
2024-10-18 20:56:30,20.0 kb/s
2024-10-18 20:57:00,99.7 kb/s
2024-10-18 20:57:30,92.9 kb/s
2024-10-18 20:58:00,22.2 kb/s
2024-10-18 20:58:30,6.54 kb/s
2024-10-18 20:59:00,8.04 kb/s
2024-10-18 20:59:30,8.33 kb/s
2024-10-18 21:00:00,8.25 kb/s
2024-10-18 21:00:30,8.05 kb/s
2024-10-18 21:01:00,9.44 kb/s
2024-10-18 21:01:30,13.1 kb/s
2024-10-18 21:02:00,8.44 kb/s
2024-10-18 21:02:30,8.77 kb/s
2024-10-18 21:03:00,8.00 kb/s
2024-10-18 21:03:30,7.38 kb/s
2024-10-18 21:04:00,8.18 kb/s
2024-10-18 21:04:30,7.48 kb/s
2024-10-18 21:05:00,9.83 kb/s
2024-10-18 21:05:30,7.27 kb/s
2024-10-18 21:06:00,7.56 kb/s
2024-10-18 21:06:30,252 kb/s
2024-10-18 21:07:00,280 kb/s
2024-10-18 21:07:30,156 kb/s
2024-10-18 21:08:00,6.75 kb/s
2024-10-18 21:08:30,7.88 kb/s
2024-10-18 21:09:00,8.20 kb/s
2024-10-18 21:09:30,7.15 kb/s
2024-10-18 21:10:00,14.7 kb/s
2024-10-18 21:10:30,28.7 kb/s
2024-10-18 21:11:00,21.4 kb/s
2024-10-18 21:11:30,8.10 kb/s
2024-10-18 21:12:00,7.83 kb/s
2024-10-18 21:12:30,8.46 kb/s
2024-10-18 21:13:30,2.14 Mb/s
2024-10-18 21:14:00,47.9 kb/s
2024-10-18 21:14:30,8.01 kb/s
2024-10-18 21:15:00,7.81 kb/s
2024-10-18 21:15:30,8.41 kb/s
2024-10-18 21:16:00,8.86 kb/s
2024-10-18 21:16:30,21.9 kb/s
2024-10-18 21:17:30,61.8 kb/s
2024-10-18 21:18:00,9.22 kb/s
2024-10-18 21:18:30,7.90 kb/s
2024-10-18 21:19:00,9.30 kb/s
2024-10-18 21:19:30,7.86 kb/s
2024-10-18 21:20:00,125 kb/s
2024-10-18 21:20:30,138 kb/s
2024-10-18 21:21:30,1.53 Mb/s
2024-10-18 21:22:00,141 kb/s
2024-10-18 21:22:30,7.46 kb/s
2024-10-18 21:23:00,7.68 kb/s
2024-10-18 21:23:30,9.50 kb/s
2024-10-18 21:24:00,53.6 kb/s
2024-10-18 21:24:30,469 kb/s
2024-10-18 21:25:30,1.12 Mb/s
2024-10-18 21:26:00,45.7 kb/s
2024-10-18 21:26:30,46.5 kb/s
2024-10-18 21:27:00,36.0 kb/s
2024-10-18 21:27:30,250 kb/s
2024-10-18 21:28:00,307 kb/s
2024-10-18 21:28:30,9.52 kb/s
2024-10-18 21:29:00,11.2 kb/s
2024-10-18 21:29:30,7.70 kb/s
2024-10-18 21:30:00,7.32 kb/s
2024-10-18 21:30:30,7.35 kb/s
2024-10-18 21:31:00,58.2 kb/s
2024-10-18 21:31:30,67.6 kb/s
2024-10-18 21:32:00,23.7 kb/s
2024-10-18 21:32:30,4.82 kb/s
2024-10-18 21:33:30,702 kb/s
2024-10-18 21:34:00,321 kb/s
2024-10-18 21:34:30,275 kb/s
2024-10-18 21:35:00,186 kb/s
2024-10-18 21:35:30,297 kb/s
2024-10-18 21:36:00,267 kb/s
2024-10-18 21:36:30,262 kb/s
2024-10-18 21:37:30,628 kb/s
2024-10-18 21:38:00,7.15 kb/s
2024-10-18 21:38:30,8.32 kb/s
2024-10-18 21:39:00,102 kb/s
2024-10-18 21:39:30,256 kb/s
2024-10-18 21:40:00,191 kb/s
2024-10-18 21:40:30,419 kb/s
2024-10-18 21:41:00,1.31 Mb/s
2024-10-18 21:41:30,177 kb/s
2024-10-18 21:42:00,6.92 kb/s
2024-10-18 21:42:30,50.9 kb/s
2024-10-18 21:43:00,499 kb/s
2024-10-18 21:43:30,512 kb/s
2024-10-18 21:44:00,507 kb/s
2024-10-18 21:44:30,18.0 kb/s
2024-10-18 21:45:00,7.69 kb/s
2024-10-18 21:45:30,28.7 kb/s
2024-10-18 21:46:00,118 kb/s
2024-10-18 21:46:30,21.2 kb/s
2024-10-18 21:47:00,7.12 kb/s
2024-10-18 21:47:30,9.03 kb/s
2024-10-18 21:48:00,7.62 kb/s
2024-10-18 21:48:30,8.35 kb/s
2024-10-18 21:49:30,1.25 Mb/s
2024-10-18 21:50:00,370 kb/s
2024-10-18 21:50:30,315 kb/s
2024-10-18 21:51:00,7.52 kb/s
2024-10-18 21:51:30,8.27 kb/s
2024-10-18 21:52:00,7.56 kb/s
2024-10-18 21:52:30,8.77 kb/s
2024-10-18 21:53:30,53.5 kb/s
2024-10-18 21:54:00,7.39 kb/s
2024-10-18 21:54:30,8.18 kb/s
2024-10-18 21:55:00,7.28 kb/s
2024-10-18 21:55:30,187 kb/s
2024-10-18 21:56:00,366 kb/s
2024-10-18 21:56:30,440 kb/s
2024-10-18 21:57:30,1.66 Mb/s
2024-10-18 21:58:00,213 kb/s
2024-10-18 21:58:30,18.8 kb/s
2024-10-18 21:59:00,24.5 kb/s
2024-10-18 21:59:30,12.1 kb/s
2024-10-18 22:00:00,8.74 kb/s
2024-10-18 22:00:30,5.33 kb/s
2024-10-18 22:01:00,7.50 kb/s
2024-10-18 22:01:30,15.3 kb/s
2024-10-18 22:02:00,56.5 kb/s
2024-10-18 22:02:30,97.2 kb/s
2024-10-18 22:03:00,8.14 kb/s
2024-10-18 22:03:30,8.82 kb/s
2024-10-18 22:04:00,9.04 kb/s
2024-10-18 22:04:30,9.06 kb/s
2024-10-18 22:05:30,56.7 kb/s
2024-10-18 22:06:00,6.93 kb/s
2024-10-18 22:06:30,21.8 kb/s
2024-10-18 22:07:00,191 kb/s
2024-10-18 22:07:30,114 kb/s
2024-10-18 22:08:00,285 kb/s
2024-10-18 22:08:30,391 kb/s
2024-10-18 22:09:00,376 kb/s
2024-10-18 22:09:30,94.4 kb/s
2024-10-18 22:10:00,8.33 kb/s
2024-10-18 22:10:30,8.65 kb/s
2024-10-18 22:11:00,9.37 kb/s
2024-10-18 22:11:30,8.88 kb/s
2024-10-18 22:12:00,6.37 kb/s
2024-10-18 22:12:30,7.00 kb/s
2024-10-18 22:13:30,540 kb/s
2024-10-18 22:14:00,168 kb/s
2024-10-18 22:14:30,45.0 kb/s
2024-10-18 22:15:00,9.57 kb/s
2024-10-18 22:15:30,169 kb/s
2024-10-18 22:16:00,118 kb/s
2024-10-18 22:16:30,126 kb/s
2024-10-18 22:17:00,44.1 kb/s
2024-10-18 22:17:30,5.95 kb/s
2024-10-18 22:18:00,7.51 kb/s
2024-10-18 22:18:30,7.10 kb/s
2024-10-18 22:19:00,10.5 kb/s
2024-10-18 22:19:30,48.4 kb/s
2024-10-18 22:20:00,256 kb/s
2024-10-18 22:20:30,293 kb/s
2024-10-18 22:21:30,1.03 Mb/s
2024-10-18 22:22:00,28.8 kb/s
2024-10-18 22:22:30,7.21 kb/s
2024-10-18 22:23:00,8.54 kb/s
2024-10-18 22:23:30,7.54 kb/s
2024-10-18 22:24:00,7.34 kb/s
2024-10-18 22:24:30,9.09 kb/s
2024-10-18 22:25:00,35.3 kb/s
2024-10-18 22:25:30,9.30 kb/s
2024-10-18 22:26:00,8.07 kb/s
2024-10-18 22:26:30,5.70 kb/s
2024-10-18 22:27:00,102 kb/s
2024-10-18 22:27:30,205 kb/s
2024-10-18 22:28:00,28.6 kb/s
2024-10-18 22:28:30,188 kb/s
2024-10-18 22:29:30,1.93 Mb/s
2024-10-18 22:30:00,249 kb/s
2024-10-18 22:30:30,7.86 kb/s
2024-10-18 22:31:00,7.75 kb/s
2024-10-18 22:31:30,13.1 kb/s
2024-10-18 22:32:00,20.7 kb/s
2024-10-18 22:32:30,38.7 kb/s
2024-10-18 22:33:00,150 kb/s
2024-10-18 22:33:30,39.0 kb/s
2024-10-18 22:34:00,261 kb/s
2024-10-18 22:34:30,347 kb/s
2024-10-18 22:35:00,356 kb/s
2024-10-18 22:35:30,321 kb/s
2024-10-18 22:36:00,8.16 kb/s
2024-10-18 22:36:30,47.8 kb/s
2024-10-18 22:37:00,204 kb/s
2024-10-18 22:37:30,249 kb/s
2024-10-18 22:38:00,25.4 kb/s
2024-10-18 22:38:30,57.0 kb/s
2024-10-18 22:39:00,52.3 kb/s
2024-10-18 22:39:30,17.5 kb/s
2024-10-18 22:40:00,6.66 kb/s
2024-10-18 22:40:30,8.78 kb/s
2024-10-18 22:41:00,82.3 kb/s
2024-10-18 22:41:30,136 kb/s
2024-10-18 22:42:00,120 kb/s
2024-10-18 22:42:30,86.7 kb/s
2024-10-18 22:43:00,9.30 kb/s
2024-10-18 22:43:30,6.78 kb/s
2024-10-18 22:44:00,8.20 kb/s
2024-10-18 22:44:30,6.56 kb/s
2024-10-18 22:45:30,52.1 kb/s
2024-10-18 22:46:00,8.38 kb/s
2024-10-18 22:46:30,13.7 kb/s
2024-10-18 22:47:00,111 kb/s
2024-10-18 22:47:30,38.1 kb/s
2024-10-18 22:48:00,8.24 kb/s
2024-10-18 22:48:30,5.96 kb/s
2024-10-18 22:49:30,64.5 kb/s
2024-10-18 22:50:00,6.96 kb/s
2024-10-18 22:50:30,6.33 kb/s
2024-10-18 22:51:00,7.87 kb/s
2024-10-18 22:51:30,76.0 kb/s
2024-10-18 22:52:00,120 kb/s
2024-10-18 22:52:30,131 kb/s
2024-10-18 22:53:30,570 kb/s
2024-10-18 22:54:00,210 kb/s
2024-10-18 22:54:30,135 kb/s
2024-10-18 22:55:00,9.34 kb/s
2024-10-18 22:55:30,8.19 kb/s
2024-10-18 22:56:00,8.02 kb/s
2024-10-18 22:56:30,6.46 kb/s
2024-10-18 22:57:30,52.3 kb/s
2024-10-18 22:58:00,7.84 kb/s
2024-10-18 22:58:30,5.78 kb/s
2024-10-18 22:59:00,9.44 kb/s
2024-10-18 22:59:30,315 kb/s
2024-10-18 23:00:00,156 kb/s
2024-10-18 23:00:30,7.21 kb/s
2024-10-18 23:01:30,72.8 kb/s
2024-10-18 23:02:00,8.35 kb/s
2024-10-18 23:02:30,7.75 kb/s
2024-10-18 23:03:00,9.79 kb/s
2024-10-18 23:03:30,8.56 kb/s
2024-10-18 23:04:00,7.74 kb/s
2024-10-18 23:04:30,5.74 kb/s
2024-10-18 23:05:00,11.4 kb/s
2024-10-18 23:05:30,109 kb/s
2024-10-18 23:06:00,335 kb/s
2024-10-18 23:06:30,653 kb/s
2024-10-18 23:07:00,263 kb/s
2024-10-18 23:07:30,8.97 kb/s
2024-10-18 23:08:00,10.0 kb/s
2024-10-18 23:08:30,8.30 kb/s
2024-10-18 23:09:00,9.80 kb/s
2024-10-18 23:09:30,6.41 kb/s
2024-10-18 23:10:00,7.03 kb/s
2024-10-18 23:10:30,7.40 kb/s
2024-10-18 23:11:00,25.5 kb/s
2024-10-18 23:11:30,39.8 kb/s
2024-10-18 23:12:00,39.1 kb/s
2024-10-18 23:12:30,11.5 kb/s
2024-10-18 23:13:00,9.78 kb/s
2024-10-18 23:13:30,7.70 kb/s
2024-10-18 23:14:00,8.07 kb/s
2024-10-18 23:14:30,7.29 kb/s
2024-10-18 23:15:00,9.55 kb/s
2024-10-18 23:15:30,11.1 kb/s
2024-10-18 23:16:00,130 kb/s
2024-10-18 23:16:30,13.8 kb/s
2024-10-18 23:17:00,8.87 kb/s
2024-10-18 23:17:30,8.51 kb/s
2024-10-18 23:18:00,8.97 kb/s
2024-10-18 23:18:30,8.38 kb/s
2024-10-18 23:19:00,35.6 kb/s
2024-10-18 23:19:30,168 kb/s
2024-10-18 23:20:00,165 kb/s
2024-10-18 23:20:30,135 kb/s
2024-10-18 23:21:00,300 kb/s
2024-10-18 23:21:30,68.6 kb/s
2024-10-18 23:22:00,72.3 kb/s
2024-10-18 23:22:30,75.0 kb/s
2024-10-18 23:23:00,46.5 kb/s
2024-10-18 23:23:30,91.9 kb/s
2024-10-18 23:24:00,118 kb/s
2024-10-18 23:24:30,101 kb/s
2024-10-18 23:25:00,113 kb/s
2024-10-18 23:25:30,155 kb/s
2024-10-18 23:26:00,158 kb/s
2024-10-18 23:26:30,155 kb/s
2024-10-18 23:27:00,205 kb/s
2024-10-18 23:27:30,257 kb/s
2024-10-18 23:28:00,64.3 kb/s
2024-10-18 23:28:30,221 kb/s
2024-10-18 23:29:00,256 kb/s
2024-10-18 23:29:30,230 kb/s
2024-10-18 23:30:00,144 kb/s
2024-10-18 23:30:30,219 kb/s
2024-10-18 23:31:00,210 kb/s
2024-10-18 23:31:30,37.2 kb/s
2024-10-18 23:32:00,280 kb/s
2024-10-18 23:32:30,298 kb/s
2024-10-18 23:33:00,181 kb/s
2024-10-18 23:33:30,258 kb/s
2024-10-18 23:34:00,286 kb/s
2024-10-18 23:34:30,142 kb/s
2024-10-18 23:35:00,127 kb/s
2024-10-18 23:35:30,397 kb/s
2024-10-18 23:36:00,123 kb/s
2024-10-18 23:36:30,140 kb/s
2024-10-18 23:37:30,835 kb/s
2024-10-18 23:38:00,5.22 kb/s
2024-10-18 23:38:30,7.72 kb/s
2024-10-18 23:39:00,6.68 kb/s
2024-10-18 23:39:30,9.53 kb/s
2024-10-18 23:40:00,128 kb/s
2024-10-18 23:40:30,6.54 kb/s
2024-10-18 23:41:00,25.1 kb/s
2024-10-18 23:41:30,8.22 kb/s
2024-10-18 23:42:00,7.60 kb/s
2024-10-18 23:42:30,8.43 kb/s
2024-10-18 23:43:00,18.5 kb/s
2024-10-18 23:43:30,190 kb/s
2024-10-18 23:44:00,185 kb/s
2024-10-18 23:44:30,120 kb/s
2024-10-18 23:45:00,153 kb/s
2024-10-18 23:45:30,123 kb/s
2024-10-18 23:46:00,136 kb/s
2024-10-18 23:46:30,12.8 kb/s
2024-10-18 23:47:00,6.61 kb/s
2024-10-18 23:47:30,9.82 kb/s
2024-10-18 23:48:00,159 kb/s
2024-10-18 23:48:30,12.1 kb/s
2024-10-18 23:49:30,62.3 kb/s
2024-10-18 23:50:00,33.6 kb/s
2024-10-18 23:50:30,37.3 kb/s
2024-10-18 23:51:00,33.4 kb/s
2024-10-18 23:51:30,35.3 kb/s
2024-10-18 23:52:00,374 kb/s
2024-10-18 23:52:30,418 kb/s
2024-10-18 23:53:00,419 kb/s
2024-10-18 23:53:30,306 kb/s
2024-10-18 23:54:00,10.6 kb/s
2024-10-18 23:54:30,10.2 kb/s
2024-10-18 23:55:00,8.67 kb/s
2024-10-18 23:55:30,9.25 kb/s
2024-10-18 23:56:00,7.51 kb/s
2024-10-18 23:56:30,8.05 kb/s
2024-10-18 23:57:00,29.5 kb/s
2024-10-18 23:57:30,219 kb/s
2024-10-18 23:58:00,352 kb/s
2024-10-18 23:58:30,379 kb/s
2024-10-18 23:59:00,363 kb/s
2024-10-18 23:59:30,36.8 kb/s
2024-10-19 00:00:00,7.21 kb/s
2024-10-19 00:00:30,7.69 kb/s
2024-10-19 00:01:30,486 kb/s
2024-10-19 00:02:00,160 kb/s
2024-10-19 00:02:30,192 kb/s
2024-10-19 00:03:00,171 kb/s
2024-10-19 00:03:30,324 kb/s
2024-10-19 00:04:00,10.6 kb/s
2024-10-19 00:04:30,10.3 kb/s
2024-10-19 00:05:30,63.0 kb/s
2024-10-19 00:06:00,6.63 kb/s
2024-10-19 00:06:30,9.13 kb/s
2024-10-19 00:07:00,8.95 kb/s
2024-10-19 00:07:30,7.07 kb/s
2024-10-19 00:08:00,52.8 kb/s
2024-10-19 00:08:30,31.2 kb/s
2024-10-19 00:09:00,9.61 kb/s
2024-10-19 00:09:30,7.53 kb/s
2024-10-19 00:10:00,6.96 kb/s
2024-10-19 00:10:30,8.07 kb/s
2024-10-19 00:11:00,9.55 kb/s
2024-10-19 00:11:30,7.94 kb/s
2024-10-19 00:12:00,6.22 kb/s
2024-10-19 00:12:30,7.45 kb/s
2024-10-19 00:13:00,65.5 kb/s
2024-10-19 00:13:30,37.3 kb/s
2024-10-19 00:14:00,24.5 kb/s
2024-10-19 00:14:30,7.77 kb/s
2024-10-19 00:15:00,8.94 kb/s
2024-10-19 00:15:30,8.91 kb/s
2024-10-19 00:16:00,146 kb/s
2024-10-19 00:16:30,257 kb/s
2024-10-19 00:17:30,1.84 Mb/s
2024-10-19 00:18:00,78.6 kb/s
2024-10-19 00:18:30,9.57 kb/s
2024-10-19 00:19:00,7.69 kb/s
2024-10-19 00:19:30,8.24 kb/s
2024-10-19 00:20:00,44.2 kb/s
2024-10-19 00:20:30,94.1 kb/s
2024-10-19 00:21:00,96.7 kb/s
2024-10-19 00:21:30,98.6 kb/s
2024-10-19 00:22:00,377 kb/s
2024-10-19 00:22:30,382 kb/s
2024-10-19 00:23:00,328 kb/s
2024-10-19 00:23:30,211 kb/s
2024-10-19 00:24:00,324 kb/s
2024-10-19 00:24:30,284 kb/s
2024-10-19 00:25:00,322 kb/s
2024-10-19 00:25:30,267 kb/s
2024-10-19 00:26:00,391 kb/s
2024-10-19 00:26:30,379 kb/s
2024-10-19 00:27:00,570 kb/s
2024-10-19 00:27:30,407 kb/s
2024-10-19 00:28:00,170 kb/s
2024-10-19 00:28:30,85.3 kb/s
2024-10-19 00:29:00,90.7 kb/s
2024-10-19 00:29:30,92.5 kb/s
2024-10-19 00:30:00,95.4 kb/s
2024-10-19 00:30:30,96.8 kb/s
2024-10-19 00:31:00,93.9 kb/s
2024-10-19 00:31:30,144 kb/s
2024-10-19 00:32:00,322 kb/s
2024-10-19 00:32:30,350 kb/s
2024-10-19 00:33:00,337 kb/s
2024-10-19 00:33:30,192 kb/s
2024-10-19 00:34:00,96.3 kb/s
2024-10-19 00:34:30,91.6 kb/s
2024-10-19 00:35:00,97.6 kb/s
2024-10-19 00:35:30,97.3 kb/s
2024-10-19 00:36:00,104 kb/s
2024-10-19 00:36:30,140 kb/s
2024-10-19 00:37:30,690 kb/s
2024-10-19 00:38:00,96.6 kb/s
2024-10-19 00:38:30,94.7 kb/s
2024-10-19 00:39:00,95.8 kb/s
2024-10-19 00:39:30,96.3 kb/s
2024-10-19 00:40:00,98.9 kb/s
2024-10-19 00:40:30,98.4 kb/s
2024-10-19 00:41:00,98.3 kb/s
2024-10-19 00:41:30,188 kb/s
2024-10-19 00:42:00,542 kb/s
2024-10-19 00:42:30,513 kb/s
2024-10-19 00:43:00,93.8 kb/s
2024-10-19 00:43:30,94.2 kb/s
2024-10-19 00:44:00,94.1 kb/s
2024-10-19 00:44:30,98.1 kb/s
2024-10-19 00:45:00,95.6 kb/s
2024-10-19 00:45:30,93.7 kb/s
2024-10-19 00:46:00,94.4 kb/s
2024-10-19 00:46:30,105 kb/s
2024-10-19 00:47:00,95.5 kb/s
2024-10-19 00:47:30,97.7 kb/s
2024-10-19 00:48:00,96.3 kb/s
2024-10-19 00:48:30,99.0 kb/s
2024-10-19 00:49:00,425 kb/s
2024-10-19 00:49:30,122 kb/s
2024-10-19 00:50:00,183 kb/s
2024-10-19 00:50:30,466 kb/s
2024-10-19 00:51:00,548 kb/s
2024-10-19 00:51:30,507 kb/s
2024-10-19 00:52:00,286 kb/s
2024-10-19 00:52:30,337 kb/s
2024-10-19 00:53:00,251 kb/s
2024-10-19 00:53:30,95.9 kb/s
2024-10-19 00:54:00,98.1 kb/s
2024-10-19 00:54:30,263 kb/s
2024-10-19 00:55:00,314 kb/s
2024-10-19 00:55:30,299 kb/s
2024-10-19 00:56:00,228 kb/s
2024-10-19 00:56:30,194 kb/s
2024-10-19 00:57:30,885 kb/s
2024-10-19 00:58:00,93.2 kb/s
2024-10-19 00:58:30,91.1 kb/s
2024-10-19 00:59:00,142 kb/s
2024-10-19 00:59:30,483 kb/s
2024-10-19 01:00:00,343 kb/s
2024-10-19 01:00:30,115 kb/s
2024-10-19 01:01:00,541 kb/s
2024-10-19 01:01:30,210 kb/s
2024-10-19 01:02:00,282 kb/s
2024-10-19 01:02:30,357 kb/s
2024-10-19 01:03:00,476 kb/s
2024-10-19 01:03:30,473 kb/s
2024-10-19 01:04:00,345 kb/s
2024-10-19 01:04:30,272 kb/s
2024-10-19 01:05:30,2.72 Mb/s
2024-10-19 01:06:00,312 kb/s
2024-10-19 01:06:30,97.5 kb/s
2024-10-19 01:07:00,96.6 kb/s
2024-10-19 01:07:30,95.7 kb/s
2024-10-19 01:08:00,346 kb/s
2024-10-19 01:08:30,259 kb/s
2024-10-19 01:09:00,278 kb/s
2024-10-19 01:09:30,183 kb/s
2024-10-19 01:10:00,98.5 kb/s
2024-10-19 01:10:30,101 kb/s
2024-10-19 01:11:00,120 kb/s
2024-10-19 01:11:30,342 kb/s
2024-10-19 01:12:00,199 kb/s
2024-10-19 01:12:30,222 kb/s
2024-10-19 01:13:00,655 kb/s
2024-10-19 01:13:30,100 kb/s
2024-10-19 01:14:00,98.2 kb/s
2024-10-19 01:14:30,97.9 kb/s
2024-10-19 01:15:00,101 kb/s
2024-10-19 01:15:30,98.1 kb/s
2024-10-19 01:16:00,98.3 kb/s
2024-10-19 01:16:30,104 kb/s
2024-10-19 01:17:30,723 kb/s
2024-10-19 01:18:00,97.0 kb/s
2024-10-19 01:18:30,100.0 kb/s
2024-10-19 01:19:00,96.0 kb/s
2024-10-19 01:19:30,98.0 kb/s
2024-10-19 01:20:00,175 kb/s
2024-10-19 01:20:30,280 kb/s
2024-10-19 01:21:30,1.47 Mb/s
2024-10-19 01:22:00,217 kb/s
2024-10-19 01:22:30,221 kb/s
2024-10-19 01:23:00,192 kb/s
2024-10-19 01:23:30,210 kb/s
2024-10-19 01:24:00,315 kb/s
2024-10-19 01:24:30,102 kb/s
2024-10-19 01:25:30,1.70 Mb/s
2024-10-19 01:26:00,233 kb/s
2024-10-19 01:26:30,384 kb/s
2024-10-19 01:27:00,171 kb/s
2024-10-19 01:27:30,503 kb/s
2024-10-19 01:28:00,382 kb/s
2024-10-19 01:28:30,269 kb/s
2024-10-19 01:29:00,148 kb/s
2024-10-19 01:29:30,236 kb/s
2024-10-19 01:30:00,431 kb/s
2024-10-19 01:30:30,465 kb/s
2024-10-19 01:31:00,269 kb/s
2024-10-19 01:31:30,297 kb/s
2024-10-19 01:32:00,288 kb/s
2024-10-19 01:32:30,292 kb/s
2024-10-19 01:33:30,900 kb/s
2024-10-19 01:34:00,97.7 kb/s
2024-10-19 01:34:30,98.7 kb/s
2024-10-19 01:35:00,90.8 kb/s
2024-10-19 01:35:30,205 kb/s
2024-10-19 01:36:00,257 kb/s
2024-10-19 01:36:30,329 kb/s
2024-10-19 01:37:00,196 kb/s
2024-10-19 01:37:30,207 kb/s
2024-10-19 01:38:00,161 kb/s
2024-10-19 01:38:30,97.2 kb/s
2024-10-19 01:39:00,97.2 kb/s
2024-10-19 01:39:30,102 kb/s
2024-10-19 01:40:00,246 kb/s
2024-10-19 01:40:30,576 kb/s
2024-10-19 01:41:00,459 kb/s
2024-10-19 01:41:30,308 kb/s
2024-10-19 01:42:00,102 kb/s
2024-10-19 01:42:30,97.4 kb/s
2024-10-19 01:43:00,98.8 kb/s
2024-10-19 01:43:30,199 kb/s
2024-10-19 01:44:00,469 kb/s
2024-10-19 01:44:30,466 kb/s
2024-10-19 01:45:30,2.81 Mb/s
2024-10-19 01:46:00,446 kb/s
2024-10-19 01:46:30,508 kb/s
2024-10-19 01:47:00,495 kb/s
2024-10-19 01:47:30,249 kb/s
2024-10-19 01:48:00,96.2 kb/s
2024-10-19 01:48:30,95.0 kb/s
2024-10-19 01:49:30,686 kb/s
2024-10-19 01:50:00,99.6 kb/s
2024-10-19 01:50:30,166 kb/s
2024-10-19 01:51:00,127 kb/s
2024-10-19 01:51:30,97.7 kb/s
2024-10-19 01:52:00,136 kb/s
2024-10-19 01:52:30,153 kb/s
2024-10-19 01:53:00,445 kb/s
2024-10-19 01:53:30,94.9 kb/s
2024-10-19 01:54:00,96.0 kb/s
2024-10-19 01:54:30,98.4 kb/s
2024-10-19 01:55:00,98.1 kb/s
2024-10-19 01:55:30,368 kb/s
2024-10-19 01:56:00,395 kb/s
2024-10-19 01:56:30,389 kb/s
2024-10-19 01:57:30,1.22 Mb/s
2024-10-19 01:58:00,99.0 kb/s
2024-10-19 01:58:30,99.0 kb/s
2024-10-19 01:59:00,96.3 kb/s
2024-10-19 01:59:30,212 kb/s
2024-10-19 02:00:00,178 kb/s
2024-10-19 02:00:30,233 kb/s
2024-10-19 02:01:30,853 kb/s
2024-10-19 02:02:00,175 kb/s
2024-10-19 02:02:30,130 kb/s
2024-10-19 02:03:00,191 kb/s
2024-10-19 02:03:30,247 kb/s
2024-10-19 02:04:00,248 kb/s
2024-10-19 02:04:30,251 kb/s
2024-10-19 02:05:30,2.61 Mb/s
2024-10-19 02:06:00,512 kb/s
2024-10-19 02:06:30,444 kb/s
2024-10-19 02:07:00,201 kb/s
2024-10-19 02:07:30,341 kb/s
2024-10-19 02:08:00,345 kb/s
2024-10-19 02:08:30,188 kb/s
2024-10-19 02:09:00,521 kb/s
2024-10-19 02:09:30,531 kb/s
2024-10-19 02:10:00,580 kb/s
2024-10-19 02:10:30,225 kb/s
2024-10-19 02:11:00,230 kb/s
2024-10-19 02:11:30,282 kb/s
2024-10-19 02:12:00,376 kb/s
2024-10-19 02:12:30,377 kb/s
2024-10-19 02:13:00,329 kb/s
2024-10-19 02:13:30,305 kb/s
2024-10-19 02:14:00,378 kb/s
2024-10-19 02:14:30,381 kb/s
2024-10-19 02:15:00,400 kb/s
2024-10-19 02:15:30,156 kb/s
2024-10-19 02:16:00,130 kb/s
2024-10-19 02:16:30,209 kb/s
2024-10-19 02:17:00,99.7 kb/s
2024-10-19 02:17:30,94.4 kb/s
2024-10-19 02:18:00,98.1 kb/s
2024-10-19 02:18:30,97.3 kb/s
2024-10-19 02:19:00,117 kb/s
2024-10-19 02:19:30,173 kb/s
2024-10-19 02:20:00,154 kb/s
2024-10-19 02:20:30,98.9 kb/s
2024-10-19 02:21:30,696 kb/s
2024-10-19 02:22:00,97.0 kb/s
2024-10-19 02:22:30,98.0 kb/s
2024-10-19 02:23:00,258 kb/s
2024-10-19 02:23:30,386 kb/s
2024-10-19 02:24:00,465 kb/s
2024-10-19 02:24:30,446 kb/s
2024-10-19 02:25:30,2.99 Mb/s
2024-10-19 02:26:00,322 kb/s
2024-10-19 02:26:30,229 kb/s
2024-10-19 02:27:00,422 kb/s
2024-10-19 02:27:30,269 kb/s
2024-10-19 02:28:00,105 kb/s
2024-10-19 02:28:30,232 kb/s
2024-10-19 02:29:30,1.66 Mb/s
2024-10-19 02:30:00,209 kb/s
2024-10-19 02:30:30,196 kb/s
2024-10-19 02:31:00,204 kb/s
2024-10-19 02:31:30,134 kb/s
2024-10-19 02:32:00,140 kb/s
2024-10-19 02:32:30,98.8 kb/s
2024-10-19 02:33:00,1.15 Mb/s
2024-10-19 02:33:30,368 kb/s
2024-10-19 02:34:00,453 kb/s
2024-10-19 02:34:30,287 kb/s
2024-10-19 02:35:00,98.2 kb/s
2024-10-19 02:35:30,99.1 kb/s
2024-10-19 02:36:00,436 kb/s
2024-10-19 02:36:30,289 kb/s
2024-10-19 02:37:30,680 kb/s
2024-10-19 02:38:00,95.4 kb/s
2024-10-19 02:38:30,95.9 kb/s
2024-10-19 02:39:00,100.0 kb/s
2024-10-19 02:39:30,97.3 kb/s
2024-10-19 02:40:00,99.5 kb/s
2024-10-19 02:40:30,371 kb/s
2024-10-19 02:41:00,382 kb/s
2024-10-19 02:41:30,140 kb/s
2024-10-19 02:42:00,219 kb/s
2024-10-19 02:42:30,218 kb/s
2024-10-19 02:43:00,138 kb/s
2024-10-19 02:43:30,100 kb/s
2024-10-19 02:44:00,99.5 kb/s
2024-10-19 02:44:30,98.0 kb/s
2024-10-19 02:45:00,96.3 kb/s
2024-10-19 02:45:30,101 kb/s
2024-10-19 02:46:00,95.8 kb/s
2024-10-19 02:46:30,98.2 kb/s
2024-10-19 02:47:00,96.1 kb/s
2024-10-19 02:47:30,97.2 kb/s
2024-10-19 02:48:00,328 kb/s
2024-10-19 02:48:30,99.1 kb/s
2024-10-19 02:49:30,956 kb/s
2024-10-19 02:50:00,130 kb/s
2024-10-19 02:50:30,109 kb/s
2024-10-19 02:51:00,99.4 kb/s
2024-10-19 02:51:30,96.9 kb/s
2024-10-19 02:52:00,94.1 kb/s
2024-10-19 02:52:30,101 kb/s
2024-10-19 02:53:00,97.3 kb/s
2024-10-19 02:53:30,99.0 kb/s
2024-10-19 02:54:00,99.4 kb/s
2024-10-19 02:54:30,100 kb/s
2024-10-19 02:55:00,188 kb/s
2024-10-19 02:55:30,147 kb/s
2024-10-19 02:56:00,652 kb/s
2024-10-19 02:56:30,458 kb/s
2024-10-19 02:57:30,2.12 Mb/s
2024-10-19 02:58:00,99.8 kb/s
2024-10-19 02:58:30,95.4 kb/s
2024-10-19 02:59:00,97.4 kb/s
2024-10-19 02:59:30,325 kb/s
2024-10-19 03:00:00,449 kb/s
2024-10-19 03:00:30,273 kb/s
2024-10-19 03:01:00,355 kb/s
2024-10-19 03:01:30,178 kb/s
2024-10-19 03:02:00,158 kb/s
2024-10-19 03:02:30,99.5 kb/s
2024-10-19 03:03:00,101 kb/s
2024-10-19 03:03:30,207 kb/s
2024-10-19 03:04:00,245 kb/s
2024-10-19 03:04:30,250 kb/s
2024-10-19 03:05:30,1.63 Mb/s
2024-10-19 03:06:00,168 kb/s
2024-10-19 03:06:30,155 kb/s
2024-10-19 03:07:00,95.6 kb/s
2024-10-19 03:07:30,95.2 kb/s
2024-10-19 03:08:00,98.6 kb/s
2024-10-19 03:08:30,98.8 kb/s
2024-10-19 03:09:30,700 kb/s
2024-10-19 03:10:00,105 kb/s
2024-10-19 03:10:30,122 kb/s
2024-10-19 03:11:00,369 kb/s
2024-10-19 03:11:30,96.0 kb/s
2024-10-19 03:12:00,95.5 kb/s
2024-10-19 03:12:30,95.9 kb/s
2024-10-19 03:13:30,721 kb/s
2024-10-19 03:14:00,92.9 kb/s
2024-10-19 03:14:30,98.6 kb/s
2024-10-19 03:15:00,101 kb/s
2024-10-19 03:15:30,100 kb/s
2024-10-19 03:16:00,99.9 kb/s
2024-10-19 03:16:30,105 kb/s
2024-10-19 03:17:00,98.8 kb/s
2024-10-19 03:17:30,325 kb/s
2024-10-19 03:18:00,453 kb/s
2024-10-19 03:18:30,406 kb/s
2024-10-19 03:19:00,363 kb/s
2024-10-19 03:19:30,580 kb/s
2024-10-19 03:20:00,592 kb/s
2024-10-19 03:20:30,282 kb/s
2024-10-19 03:21:00,94.1 kb/s
2024-10-19 03:21:30,192 kb/s
2024-10-19 03:22:00,149 kb/s
2024-10-19 03:22:30,533 kb/s
2024-10-19 03:23:00,273 kb/s
2024-10-19 03:23:30,102 kb/s
2024-10-19 03:24:00,99.1 kb/s
2024-10-19 03:24:30,89.6 kb/s
2024-10-19 03:25:00,343 kb/s
2024-10-19 03:25:30,98.6 kb/s
2024-10-19 03:26:00,97.9 kb/s
2024-10-19 03:26:30,98.2 kb/s
2024-10-19 03:27:00,429 kb/s
2024-10-19 03:27:30,392 kb/s
2024-10-19 03:28:00,256 kb/s
2024-10-19 03:28:30,497 kb/s
2024-10-19 03:29:00,1.51 Mb/s
2024-10-19 03:29:30,335 kb/s
2024-10-19 03:30:00,599 kb/s
2024-10-19 03:30:30,507 kb/s
2024-10-19 03:31:00,351 kb/s
2024-10-19 03:31:30,113 kb/s
2024-10-19 03:32:00,152 kb/s
2024-10-19 03:32:30,152 kb/s
2024-10-19 03:33:30,848 kb/s
2024-10-19 03:34:00,100 kb/s
2024-10-19 03:34:30,98.9 kb/s
2024-10-19 03:35:00,98.3 kb/s
2024-10-19 03:35:30,100 kb/s
2024-10-19 03:36:00,95.6 kb/s
2024-10-19 03:36:30,96.5 kb/s
2024-10-19 03:37:00,253 kb/s
2024-10-19 03:37:30,436 kb/s
2024-10-19 03:38:00,257 kb/s
2024-10-19 03:38:30,95.7 kb/s
2024-10-19 03:39:00,100 kb/s
2024-10-19 03:39:30,101 kb/s
2024-10-19 03:40:00,98.9 kb/s
2024-10-19 03:40:30,99.0 kb/s
2024-10-19 03:41:30,695 kb/s
2024-10-19 03:42:00,98.9 kb/s
2024-10-19 03:42:30,173 kb/s
2024-10-19 03:43:00,280 kb/s
2024-10-19 03:43:30,270 kb/s
2024-10-19 03:44:00,276 kb/s
2024-10-19 03:44:30,388 kb/s
2024-10-19 03:45:00,2.24 Mb/s
2024-10-19 03:45:30,571 kb/s
2024-10-19 03:46:00,243 kb/s
2024-10-19 03:46:30,101 kb/s
2024-10-19 03:47:00,99.6 kb/s
2024-10-19 03:47:30,98.4 kb/s
2024-10-19 03:48:00,97.5 kb/s
2024-10-19 03:48:30,101 kb/s
2024-10-19 03:49:00,367 kb/s
2024-10-19 03:49:30,97.3 kb/s
2024-10-19 03:50:00,98.2 kb/s
2024-10-19 03:50:30,97.1 kb/s
2024-10-19 03:51:00,103 kb/s
2024-10-19 03:51:30,98.7 kb/s
2024-10-19 03:52:00,147 kb/s
2024-10-19 03:52:30,151 kb/s
2024-10-19 03:53:30,1.02 Mb/s
2024-10-19 03:54:00,96.9 kb/s
2024-10-19 03:54:30,99.1 kb/s
2024-10-19 03:55:00,98.2 kb/s
2024-10-19 03:55:30,101 kb/s
2024-10-19 03:56:00,100 kb/s
2024-10-19 03:56:30,101 kb/s
2024-10-19 03:57:00,521 kb/s
2024-10-19 03:57:30,332 kb/s
2024-10-19 03:58:00,322 kb/s
2024-10-19 03:58:30,226 kb/s
2024-10-19 03:59:00,302 kb/s
2024-10-19 03:59:30,412 kb/s
2024-10-19 04:00:00,478 kb/s
2024-10-19 04:00:30,379 kb/s
2024-10-19 04:01:00,358 kb/s
2024-10-19 04:01:30,107 kb/s
2024-10-19 04:02:00,98.5 kb/s
2024-10-19 04:02:30,100 kb/s
2024-10-19 04:03:00,102 kb/s
2024-10-19 04:03:30,164 kb/s
2024-10-19 04:04:00,190 kb/s
2024-10-19 04:04:30,191 kb/s
2024-10-19 04:05:30,1.10 Mb/s
2024-10-19 04:06:00,116 kb/s
2024-10-19 04:06:30,114 kb/s
2024-10-19 04:07:00,97.8 kb/s
2024-10-19 04:07:30,97.6 kb/s
2024-10-19 04:08:00,96.1 kb/s
2024-10-19 04:08:30,101 kb/s
2024-10-19 04:09:00,99.5 kb/s
2024-10-19 04:09:30,96.1 kb/s
2024-10-19 04:10:00,104 kb/s
2024-10-19 04:10:30,145 kb/s
2024-10-19 04:11:00,144 kb/s
2024-10-19 04:11:30,145 kb/s
2024-10-19 04:12:00,114 kb/s
2024-10-19 04:12:30,98.1 kb/s
2024-10-19 04:13:30,730 kb/s
2024-10-19 04:14:00,101 kb/s
2024-10-19 04:14:30,99.0 kb/s
2024-10-19 04:15:00,91.3 kb/s
2024-10-19 04:15:30,92.7 kb/s
2024-10-19 04:16:00,100 kb/s
2024-10-19 04:16:30,102 kb/s
2024-10-19 04:17:00,97.8 kb/s
2024-10-19 04:17:30,96.0 kb/s
2024-10-19 04:18:00,91.2 kb/s
2024-10-19 04:18:30,95.4 kb/s
2024-10-19 04:19:00,312 kb/s
2024-10-19 04:19:30,183 kb/s
2024-10-19 04:20:00,98.4 kb/s
2024-10-19 04:20:30,160 kb/s
2024-10-19 04:21:30,2.32 Mb/s
2024-10-19 04:22:00,203 kb/s
2024-10-19 04:22:30,92.9 kb/s
2024-10-19 04:23:00,96.9 kb/s
2024-10-19 04:23:30,99.6 kb/s
2024-10-19 04:24:00,201 kb/s
2024-10-19 04:24:30,433 kb/s
2024-10-19 04:25:00,462 kb/s
2024-10-19 04:25:30,247 kb/s
2024-10-19 04:26:00,201 kb/s
2024-10-19 04:26:30,242 kb/s
2024-10-19 04:27:00,225 kb/s
2024-10-19 04:27:30,137 kb/s
2024-10-19 04:28:00,98.5 kb/s
2024-10-19 04:28:30,96.6 kb/s
2024-10-19 04:29:30,679 kb/s
2024-10-19 04:30:00,101 kb/s
2024-10-19 04:30:30,232 kb/s
2024-10-19 04:31:00,358 kb/s
2024-10-19 04:31:30,196 kb/s
2024-10-19 04:32:00,97.5 kb/s
2024-10-19 04:32:30,96.3 kb/s
2024-10-19 04:33:00,356 kb/s
2024-10-19 04:33:30,99.3 kb/s
2024-10-19 04:34:00,97.1 kb/s
2024-10-19 04:34:30,97.5 kb/s
2024-10-19 04:35:00,123 kb/s
2024-10-19 04:35:30,122 kb/s
2024-10-19 04:36:00,94.6 kb/s
2024-10-19 04:36:30,98.9 kb/s
2024-10-19 04:37:30,676 kb/s
2024-10-19 04:38:00,97.3 kb/s
2024-10-19 04:38:30,100 kb/s
2024-10-19 04:39:00,96.6 kb/s
2024-10-19 04:39:30,94.8 kb/s
2024-10-19 04:40:00,98.0 kb/s
2024-10-19 04:40:30,97.7 kb/s
2024-10-19 04:41:30,672 kb/s
2024-10-19 04:42:00,91.8 kb/s
2024-10-19 04:42:30,96.9 kb/s
2024-10-19 04:43:00,162 kb/s
2024-10-19 04:43:30,205 kb/s
2024-10-19 04:44:00,196 kb/s
2024-10-19 04:44:30,177 kb/s
2024-10-19 04:45:30,755 kb/s
2024-10-19 04:46:00,368 kb/s
2024-10-19 04:46:30,343 kb/s
2024-10-19 04:47:00,98.1 kb/s
2024-10-19 04:47:30,101 kb/s
2024-10-19 04:48:00,148 kb/s
2024-10-19 04:48:30,532 kb/s
2024-10-19 04:49:30,3.85 Mb/s
2024-10-19 04:50:00,262 kb/s
2024-10-19 04:50:30,335 kb/s
2024-10-19 04:51:00,488 kb/s
2024-10-19 04:51:30,371 kb/s
2024-10-19 04:52:00,99.2 kb/s
2024-10-19 04:52:30,99.2 kb/s
2024-10-19 04:53:30,1.27 Mb/s
2024-10-19 04:54:00,275 kb/s
2024-10-19 04:54:30,290 kb/s
2024-10-19 04:55:00,171 kb/s
2024-10-19 04:55:30,301 kb/s
2024-10-19 04:56:00,135 kb/s
2024-10-19 04:56:30,147 kb/s
2024-10-19 04:57:00,144 kb/s
2024-10-19 04:57:30,114 kb/s
2024-10-19 04:58:00,94.3 kb/s
2024-10-19 04:58:30,101 kb/s
2024-10-19 04:59:00,226 kb/s
2024-10-19 04:59:30,372 kb/s
2024-10-19 05:00:00,254 kb/s
2024-10-19 05:00:30,98.1 kb/s
2024-10-19 05:01:00,97.4 kb/s
2024-10-19 05:01:30,104 kb/s
2024-10-19 05:02:00,324 kb/s
2024-10-19 05:02:30,489 kb/s
2024-10-19 05:03:00,496 kb/s
2024-10-19 05:03:30,268 kb/s
2024-10-19 05:04:00,97.4 kb/s
2024-10-19 05:04:30,97.0 kb/s
2024-10-19 05:05:00,92.6 kb/s
2024-10-19 05:05:30,99.3 kb/s
2024-10-19 05:06:00,101 kb/s
2024-10-19 05:06:30,97.7 kb/s
2024-10-19 05:07:00,95.4 kb/s
2024-10-19 05:07:30,102 kb/s
2024-10-19 05:08:00,95.8 kb/s
2024-10-19 05:08:30,98.6 kb/s
2024-10-19 05:09:30,742 kb/s
2024-10-19 05:10:00,100 kb/s
2024-10-19 05:10:30,137 kb/s
2024-10-19 05:11:00,290 kb/s
2024-10-19 05:11:30,359 kb/s
2024-10-19 05:12:00,159 kb/s
2024-10-19 05:12:30,99.0 kb/s
2024-10-19 05:13:30,1.75 Mb/s
2024-10-19 05:14:00,490 kb/s
2024-10-19 05:14:30,268 kb/s
2024-10-19 05:15:00,163 kb/s
2024-10-19 05:15:30,227 kb/s
2024-10-19 05:16:00,352 kb/s
2024-10-19 05:16:30,109 kb/s
2024-10-19 05:17:30,712 kb/s
2024-10-19 05:18:00,93.7 kb/s
2024-10-19 05:18:30,219 kb/s
2024-10-19 05:19:00,412 kb/s
2024-10-19 05:19:30,264 kb/s
2024-10-19 05:20:00,97.5 kb/s
2024-10-19 05:20:30,93.7 kb/s
2024-10-19 05:21:30,676 kb/s
2024-10-19 05:22:00,97.2 kb/s
2024-10-19 05:22:30,90.0 kb/s
2024-10-19 05:23:00,222 kb/s
2024-10-19 05:23:30,261 kb/s
2024-10-19 05:24:00,152 kb/s
2024-10-19 05:24:30,89.2 kb/s
2024-10-19 05:25:30,1.76 Mb/s
2024-10-19 05:26:00,218 kb/s
2024-10-19 05:26:30,91.0 kb/s
2024-10-19 05:27:00,95.8 kb/s
2024-10-19 05:27:30,95.4 kb/s
2024-10-19 05:28:00,93.9 kb/s
2024-10-19 05:28:30,97.5 kb/s
2024-10-19 05:29:30,1.61 Mb/s
2024-10-19 05:30:00,294 kb/s
2024-10-19 05:30:30,225 kb/s
2024-10-19 05:31:00,153 kb/s
2024-10-19 05:31:30,216 kb/s
2024-10-19 05:32:00,166 kb/s
2024-10-19 05:32:30,425 kb/s
2024-10-19 05:33:30,1.12 Mb/s
2024-10-19 05:34:00,98.9 kb/s
2024-10-19 05:34:30,97.1 kb/s
2024-10-19 05:35:00,369 kb/s
2024-10-19 05:35:30,432 kb/s
2024-10-19 05:36:00,126 kb/s
2024-10-19 05:36:30,96.2 kb/s
2024-10-19 05:37:00,341 kb/s
2024-10-19 05:37:30,98.4 kb/s
2024-10-19 05:38:00,71.1 kb/s
2024-10-19 05:38:30,7.93 kb/s
2024-10-19 05:39:00,74.6 kb/s
2024-10-19 05:39:30,130 kb/s
2024-10-19 05:40:00,296 kb/s
2024-10-19 05:40:30,103 kb/s
2024-10-19 05:41:00,377 kb/s
2024-10-19 05:41:30,232 kb/s
2024-10-19 05:42:00,231 kb/s
2024-10-19 05:42:30,196 kb/s
2024-10-19 05:43:00,424 kb/s
2024-10-19 05:43:30,415 kb/s
2024-10-19 05:44:00,392 kb/s
2024-10-19 05:44:30,470 kb/s
2024-10-19 05:45:00,960 kb/s
2024-10-19 05:45:30,156 kb/s
2024-10-19 05:46:00,192 kb/s
2024-10-19 05:46:30,198 kb/s
2024-10-19 05:47:00,160 kb/s
2024-10-19 05:47:30,275 kb/s
2024-10-19 05:48:00,396 kb/s
2024-10-19 05:48:30,113 kb/s
2024-10-19 05:49:00,123 kb/s
2024-10-19 05:49:30,122 kb/s
2024-10-19 05:50:00,125 kb/s
2024-10-19 05:50:30,107 kb/s
2024-10-19 05:51:00,97.6 kb/s
2024-10-19 05:51:30,98.6 kb/s
2024-10-19 05:52:00,99.8 kb/s
2024-10-19 05:52:30,99.2 kb/s
2024-10-19 05:53:00,95.7 kb/s
2024-10-19 05:53:30,96.6 kb/s
2024-10-19 05:54:00,105 kb/s
2024-10-19 05:54:30,113 kb/s
2024-10-19 05:55:00,98.7 kb/s
2024-10-19 05:55:30,95.3 kb/s
2024-10-19 05:56:00,96.0 kb/s
2024-10-19 05:56:30,94.5 kb/s
2024-10-19 05:57:00,329 kb/s
2024-10-19 05:57:30,97.8 kb/s
2024-10-19 05:58:00,95.3 kb/s
2024-10-19 05:58:30,96.1 kb/s
2024-10-19 05:59:00,98.7 kb/s
2024-10-19 05:59:30,111 kb/s
2024-10-19 06:00:00,120 kb/s
2024-10-19 06:00:30,118 kb/s
2024-10-19 06:01:30,2.36 Mb/s
2024-10-19 06:02:00,101 kb/s
2024-10-19 06:02:30,96.6 kb/s
2024-10-19 06:03:00,99.3 kb/s
2024-10-19 06:03:30,466 kb/s
2024-10-19 06:04:00,486 kb/s
2024-10-19 06:04:30,466 kb/s
2024-10-19 06:05:00,279 kb/s
2024-10-19 06:05:30,101 kb/s
2024-10-19 06:06:00,93.1 kb/s
2024-10-19 06:06:30,96.4 kb/s
2024-10-19 06:07:00,1.72 Mb/s
2024-10-19 06:07:30,546 kb/s
2024-10-19 06:08:00,343 kb/s
2024-10-19 06:08:30,396 kb/s
2024-10-19 06:09:30,3.03 Mb/s
2024-10-19 06:10:00,137 kb/s
2024-10-19 06:10:30,92.9 kb/s
2024-10-19 06:11:00,95.7 kb/s
2024-10-19 06:11:30,156 kb/s
2024-10-19 06:12:00,216 kb/s
2024-10-19 06:12:30,213 kb/s
2024-10-19 06:13:30,1.28 Mb/s
2024-10-19 06:14:00,258 kb/s
2024-10-19 06:14:30,256 kb/s
2024-10-19 06:15:00,261 kb/s
2024-10-19 06:15:30,238 kb/s
2024-10-19 06:16:00,253 kb/s
2024-10-19 06:16:30,459 kb/s
2024-10-19 06:17:00,1.54 Mb/s
2024-10-19 06:17:30,161 kb/s
2024-10-19 06:18:00,193 kb/s
2024-10-19 06:18:30,200 kb/s
2024-10-19 06:19:00,197 kb/s
2024-10-19 06:19:30,123 kb/s
2024-10-19 06:20:00,94.3 kb/s
2024-10-19 06:20:30,93.3 kb/s
2024-10-19 06:21:30,714 kb/s
2024-10-19 06:22:00,95.9 kb/s
2024-10-19 06:22:30,97.8 kb/s
2024-10-19 06:23:00,98.8 kb/s
2024-10-19 06:23:30,94.2 kb/s
2024-10-19 06:24:00,96.4 kb/s
2024-10-19 06:24:30,112 kb/s
2024-10-19 06:25:30,1.04 Mb/s
2024-10-19 06:26:00,141 kb/s
2024-10-19 06:26:30,394 kb/s
2024-10-19 06:27:00,470 kb/s
2024-10-19 06:27:30,219 kb/s
2024-10-19 06:28:00,273 kb/s
2024-10-19 06:28:30,270 kb/s
2024-10-19 06:29:30,1.01 Mb/s
2024-10-19 06:30:00,95.2 kb/s
2024-10-19 06:30:30,98.3 kb/s
2024-10-19 06:31:00,27.6 kb/s
2024-10-19 06:31:30,6.89 kb/s
2024-10-19 06:32:00,1.13 Mb/s
2024-10-19 06:32:30,22.0 Mb/s
2024-10-19 06:33:30,39.6 Mb/s
2024-10-19 06:34:00,2.83 Mb/s
2024-10-19 06:34:30,406 kb/s
2024-10-19 06:35:00,332 kb/s
2024-10-19 06:35:30,277 kb/s
2024-10-19 06:36:00,324 kb/s
2024-10-19 06:36:30,422 kb/s
2024-10-19 06:37:00,970 kb/s
2024-10-19 06:37:30,98.8 kb/s
2024-10-19 06:38:00,94.4 kb/s
2024-10-19 06:38:30,132 kb/s
2024-10-19 06:39:00,343 kb/s
2024-10-19 06:39:30,336 kb/s
2024-10-19 06:40:00,237 kb/s
2024-10-19 06:40:30,434 kb/s
2024-10-19 06:41:30,1.41 Mb/s
2024-10-19 06:42:00,97.4 kb/s
2024-10-19 06:42:30,95.5 kb/s
2024-10-19 06:43:00,101 kb/s
2024-10-19 06:43:30,128 kb/s
2024-10-19 06:44:00,95.0 kb/s
2024-10-19 06:44:30,97.6 kb/s
2024-10-19 06:45:30,681 kb/s
2024-10-19 06:46:00,97.2 kb/s
2024-10-19 06:46:30,152 kb/s
2024-10-19 06:47:00,221 kb/s
2024-10-19 06:47:30,141 kb/s
2024-10-19 06:48:00,98.6 kb/s
2024-10-19 06:48:30,158 kb/s
2024-10-19 06:49:30,3.29 Mb/s
2024-10-19 06:50:00,156 kb/s
2024-10-19 06:50:30,98.3 kb/s
2024-10-19 06:51:00,98.7 kb/s
2024-10-19 06:51:30,95.6 kb/s
2024-10-19 06:52:00,96.3 kb/s
2024-10-19 06:52:30,94.8 kb/s
2024-10-19 06:53:30,753 kb/s
2024-10-19 06:54:00,132 kb/s
2024-10-19 06:54:30,169 kb/s
2024-10-19 06:55:00,123 kb/s
2024-10-19 06:55:30,95.6 kb/s
2024-10-19 06:56:00,94.5 kb/s
2024-10-19 06:56:30,97.0 kb/s
2024-10-19 06:57:00,323 kb/s
2024-10-19 06:57:30,98.6 kb/s
2024-10-19 06:58:00,197 kb/s
2024-10-19 06:58:30,232 kb/s
2024-10-19 06:59:00,197 kb/s
2024-10-19 06:59:30,98.7 kb/s
2024-10-19 07:00:00,93.9 kb/s
2024-10-19 07:00:30,98.9 kb/s
2024-10-19 07:01:00,335 kb/s
2024-10-19 07:01:30,380 kb/s
2024-10-19 07:02:00,465 kb/s
2024-10-19 07:02:30,497 kb/s
2024-10-19 07:03:00,97.9 kb/s
2024-10-19 07:03:30,94.1 kb/s
2024-10-19 07:04:00,101 kb/s
2024-10-19 07:04:30,98.0 kb/s
2024-10-19 07:05:30,680 kb/s
2024-10-19 07:06:00,102 kb/s
2024-10-19 07:06:30,106 kb/s
2024-10-19 07:07:00,110 kb/s
2024-10-19 07:07:30,108 kb/s
2024-10-19 07:08:00,98.7 kb/s
2024-10-19 07:08:30,88.7 kb/s
2024-10-19 07:09:00,323 kb/s
2024-10-19 07:09:30,97.0 kb/s
2024-10-19 07:10:00,157 kb/s
2024-10-19 07:10:30,329 kb/s
2024-10-19 07:11:00,97.2 kb/s
2024-10-19 07:11:30,98.9 kb/s
2024-10-19 07:12:00,97.4 kb/s
2024-10-19 07:12:30,93.9 kb/s
2024-10-19 07:13:30,314 kb/s
2024-10-19 07:14:00,101 kb/s
2024-10-19 07:14:30,98.0 kb/s
2024-10-19 07:15:00,96.3 kb/s
2024-10-19 07:15:30,95.7 kb/s
2024-10-19 07:16:00,100.0 kb/s
2024-10-19 07:16:30,141 kb/s
2024-10-19 07:17:30,1.04 Mb/s
2024-10-19 07:18:00,105 kb/s
2024-10-19 07:18:30,264 kb/s
2024-10-19 07:19:00,423 kb/s
2024-10-19 07:19:30,388 kb/s
2024-10-19 07:20:00,100 kb/s
2024-10-19 07:20:30,102 kb/s
2024-10-19 07:21:30,1.23 Mb/s
2024-10-19 07:22:00,572 kb/s
2024-10-19 07:22:30,422 kb/s
2024-10-19 07:23:00,394 kb/s
2024-10-19 07:23:30,99.1 kb/s
2024-10-19 07:24:00,97.6 kb/s
2024-10-19 07:24:30,98.3 kb/s
2024-10-19 07:25:00,98.8 kb/s
2024-10-19 07:25:30,136 kb/s
2024-10-19 07:26:00,94.0 kb/s
2024-10-19 07:26:30,96.9 kb/s
2024-10-19 07:27:00,96.4 kb/s
2024-10-19 07:27:30,96.3 kb/s
2024-10-19 07:28:00,97.8 kb/s
2024-10-19 07:28:30,100 kb/s
2024-10-19 07:29:30,1.85 Mb/s
2024-10-19 07:30:00,518 kb/s
2024-10-19 07:30:30,165 kb/s
2024-10-19 07:31:00,279 kb/s
2024-10-19 07:31:30,425 kb/s
2024-10-19 07:32:00,445 kb/s
2024-10-19 07:32:30,441 kb/s
2024-10-19 07:33:00,1.31 Mb/s
2024-10-19 07:33:30,299 kb/s
2024-10-19 07:34:00,94.0 kb/s
2024-10-19 07:34:30,100 kb/s
2024-10-19 07:35:00,97.2 kb/s
2024-10-19 07:35:30,98.9 kb/s
2024-10-19 07:36:00,268 kb/s
2024-10-19 07:36:30,212 kb/s
2024-10-19 07:37:30,751 kb/s
2024-10-19 07:38:00,91.6 kb/s
2024-10-19 07:38:30,336 kb/s
2024-10-19 07:39:00,566 kb/s
2024-10-19 07:39:30,300 kb/s
2024-10-19 07:40:00,99.8 kb/s
2024-10-19 07:40:30,101 kb/s
2024-10-19 07:41:30,679 kb/s
2024-10-19 07:42:00,96.7 kb/s
2024-10-19 07:42:30,98.7 kb/s
2024-10-19 07:43:00,186 kb/s
2024-10-19 07:43:30,238 kb/s
2024-10-19 07:44:00,96.4 kb/s
2024-10-19 07:44:30,95.7 kb/s
2024-10-19 07:45:00,283 kb/s
2024-10-19 07:45:30,396 kb/s
2024-10-19 07:46:00,395 kb/s
2024-10-19 07:46:30,565 kb/s
2024-10-19 07:47:00,307 kb/s
2024-10-19 07:47:30,336 kb/s
2024-10-19 07:48:00,338 kb/s
2024-10-19 07:48:30,144 kb/s
2024-10-19 07:49:00,144 kb/s
2024-10-19 07:49:30,186 kb/s
2024-10-19 07:50:00,161 kb/s
2024-10-19 07:50:30,134 kb/s
2024-10-19 07:51:00,94.5 kb/s
2024-10-19 07:51:30,93.6 kb/s
2024-10-19 07:52:00,95.1 kb/s
2024-10-19 07:52:30,98.2 kb/s
2024-10-19 07:53:00,94.1 kb/s
2024-10-19 07:53:30,96.5 kb/s
2024-10-19 07:54:00,97.3 kb/s
2024-10-19 07:54:30,99.5 kb/s
2024-10-19 07:55:00,114 kb/s
2024-10-19 07:55:30,450 kb/s
2024-10-19 07:56:00,322 kb/s
2024-10-19 07:56:30,334 kb/s
2024-10-19 07:57:30,1.64 Mb/s
2024-10-19 07:58:00,179 kb/s
2024-10-19 07:58:30,231 kb/s
2024-10-19 07:59:00,118 kb/s
2024-10-19 07:59:30,402 kb/s
2024-10-19 08:00:00,504 kb/s
2024-10-19 08:00:30,470 kb/s
2024-10-19 08:01:00,210 kb/s
2024-10-19 08:01:30,103 kb/s
2024-10-19 08:02:00,140 kb/s
2024-10-19 08:02:30,487 kb/s
2024-10-19 08:03:00,458 kb/s
2024-10-19 08:03:30,415 kb/s
2024-10-19 08:04:00,410 kb/s
2024-10-19 08:04:30,295 kb/s
2024-10-19 08:05:00,403 kb/s
2024-10-19 08:05:30,385 kb/s
2024-10-19 08:06:00,104 kb/s
2024-10-19 08:06:30,98.9 kb/s
2024-10-19 08:07:00,138 kb/s
2024-10-19 08:07:30,172 kb/s
2024-10-19 08:08:00,96.4 kb/s
2024-10-19 08:08:30,99.2 kb/s
2024-10-19 08:09:00,100 kb/s
2024-10-19 08:09:30,93.8 kb/s
2024-10-19 08:10:00,94.9 kb/s
2024-10-19 08:10:30,96.1 kb/s
2024-10-19 08:11:00,96.8 kb/s
2024-10-19 08:11:30,99.5 kb/s
2024-10-19 08:12:00,96.2 kb/s
2024-10-19 08:12:30,96.1 kb/s
2024-10-19 08:13:00,99.0 kb/s
2024-10-19 08:13:30,99.0 kb/s
2024-10-19 08:14:00,301 kb/s
2024-10-19 08:14:30,440 kb/s
2024-10-19 08:15:00,698 kb/s
2024-10-19 08:15:30,590 kb/s
2024-10-19 08:16:00,109 kb/s
2024-10-19 08:16:30,107 kb/s
2024-10-19 08:17:00,342 kb/s
2024-10-19 08:17:30,95.4 kb/s
2024-10-19 08:18:00,193 kb/s
2024-10-19 08:18:30,220 kb/s
2024-10-19 08:19:00,222 kb/s
2024-10-19 08:19:30,144 kb/s
2024-10-19 08:20:00,98.8 kb/s
2024-10-19 08:20:30,94.9 kb/s
2024-10-19 08:21:00,358 kb/s
2024-10-19 08:21:30,95.9 kb/s
2024-10-19 08:22:00,92.9 kb/s
2024-10-19 08:22:30,95.6 kb/s
2024-10-19 08:23:00,96.8 kb/s
2024-10-19 08:23:30,95.8 kb/s
2024-10-19 08:24:00,99.4 kb/s
2024-10-19 08:24:30,97.4 kb/s
2024-10-19 08:25:00,98.4 kb/s
2024-10-19 08:25:30,92.0 kb/s
2024-10-19 08:26:00,99.5 kb/s
2024-10-19 08:26:30,97.1 kb/s
2024-10-19 08:27:00,102 kb/s
2024-10-19 08:27:30,102 kb/s
2024-10-19 08:28:00,98.0 kb/s
2024-10-19 08:28:30,99.8 kb/s
2024-10-19 08:29:30,752 kb/s
2024-10-19 08:30:00,172 kb/s
2024-10-19 08:30:30,255 kb/s
2024-10-19 08:31:00,144 kb/s
2024-10-19 08:31:30,99.6 kb/s
2024-10-19 08:32:00,98.3 kb/s
2024-10-19 08:32:30,97.0 kb/s
2024-10-19 08:33:00,101 kb/s
2024-10-19 08:33:30,91.9 kb/s
2024-10-19 08:34:00,94.7 kb/s
2024-10-19 08:34:30,100 kb/s
2024-10-19 08:35:00,128 kb/s
2024-10-19 08:35:30,210 kb/s
2024-10-19 08:36:00,197 kb/s
2024-10-19 08:36:30,95.4 kb/s
2024-10-19 08:37:00,92.3 kb/s
2024-10-19 08:37:30,95.7 kb/s
2024-10-19 08:38:00,155 kb/s
2024-10-19 08:38:30,400 kb/s
2024-10-19 08:39:00,404 kb/s
2024-10-19 08:39:30,415 kb/s
2024-10-19 08:40:00,186 kb/s
2024-10-19 08:40:30,310 kb/s
2024-10-19 08:41:30,432 kb/s
2024-10-19 08:42:00,499 kb/s
2024-10-19 08:42:30,171 kb/s
2024-10-19 08:43:00,393 kb/s
2024-10-19 08:43:30,361 kb/s
2024-10-19 08:44:00,271 kb/s
2024-10-19 08:44:30,202 kb/s
2024-10-19 08:45:30,3.46 Mb/s
2024-10-19 08:46:00,98.2 kb/s
2024-10-19 08:46:30,101 kb/s
2024-10-19 08:47:00,98.2 kb/s
2024-10-19 08:47:30,98.5 kb/s
2024-10-19 08:48:00,98.0 kb/s
2024-10-19 08:48:30,102 kb/s
2024-10-19 08:49:30,733 kb/s
2024-10-19 08:50:00,96.9 kb/s
2024-10-19 08:50:30,92.5 kb/s
2024-10-19 08:51:00,189 kb/s
2024-10-19 08:51:30,458 kb/s
2024-10-19 08:52:00,585 kb/s
2024-10-19 08:52:30,163 kb/s
2024-10-19 08:53:00,97.8 kb/s
2024-10-19 08:53:30,96.3 kb/s
2024-10-19 08:54:00,99.7 kb/s
2024-10-19 08:54:30,102 kb/s
2024-10-19 08:55:00,98.6 kb/s
2024-10-19 08:55:30,101 kb/s
2024-10-19 08:56:00,97.3 kb/s
2024-10-19 08:56:30,94.6 kb/s
2024-10-19 08:57:30,731 kb/s
2024-10-19 08:58:00,99.5 kb/s
2024-10-19 08:58:30,99.5 kb/s
2024-10-19 08:59:00,101 kb/s
2024-10-19 08:59:30,99.6 kb/s
2024-10-19 09:00:00,134 kb/s
2024-10-19 09:00:30,374 kb/s
2024-10-19 09:01:00,365 kb/s
2024-10-19 09:01:30,228 kb/s
2024-10-19 09:02:00,96.9 kb/s
2024-10-19 09:02:30,99.2 kb/s
2024-10-19 09:03:00,98.6 kb/s
2024-10-19 09:03:30,100 kb/s
2024-10-19 09:04:00,95.5 kb/s
2024-10-19 09:04:30,96.5 kb/s
2024-10-19 09:05:00,101 kb/s
2024-10-19 09:05:30,95.4 kb/s
2024-10-19 09:06:00,109 kb/s
2024-10-19 09:06:30,426 kb/s
2024-10-19 09:07:00,272 kb/s
2024-10-19 09:07:30,412 kb/s
2024-10-19 09:08:00,272 kb/s
2024-10-19 09:08:30,97.4 kb/s
2024-10-19 09:09:00,95.5 kb/s
2024-10-19 09:09:30,87.8 kb/s
2024-10-19 09:10:00,95.7 kb/s
2024-10-19 09:10:30,158 kb/s
2024-10-19 09:11:00,158 kb/s
2024-10-19 09:11:30,147 kb/s
2024-10-19 09:12:00,242 kb/s
2024-10-19 09:12:30,99.2 kb/s
2024-10-19 09:13:00,97.4 kb/s
2024-10-19 09:13:30,98.4 kb/s
2024-10-19 09:14:00,282 kb/s
2024-10-19 09:14:30,162 kb/s
2024-10-19 09:15:00,151 kb/s
2024-10-19 09:15:30,339 kb/s
2024-10-19 09:16:00,499 kb/s
2024-10-19 09:16:30,429 kb/s
2024-10-19 09:17:00,125 kb/s
2024-10-19 09:17:30,423 kb/s
2024-10-19 09:18:00,469 kb/s
2024-10-19 09:18:30,159 kb/s
2024-10-19 09:19:00,94.8 kb/s
2024-10-19 09:19:30,98.2 kb/s
2024-10-19 09:20:00,98.1 kb/s
2024-10-19 09:20:30,95.8 kb/s
2024-10-19 09:21:00,92.1 kb/s
2024-10-19 09:21:30,91.5 kb/s
2024-10-19 09:22:00,95.2 kb/s
2024-10-19 09:22:30,95.9 kb/s
2024-10-19 09:23:00,97.2 kb/s
2024-10-19 09:23:30,100 kb/s
2024-10-19 09:24:00,97.3 kb/s
2024-10-19 09:24:30,99.1 kb/s
2024-10-19 09:25:00,317 kb/s
2024-10-19 09:25:30,411 kb/s
2024-10-19 09:26:00,98.6 kb/s
2024-10-19 09:26:30,94.2 kb/s
2024-10-19 09:27:00,97.6 kb/s
2024-10-19 09:27:30,98.6 kb/s
2024-10-19 09:28:00,97.6 kb/s
2024-10-19 09:28:30,98.6 kb/s
2024-10-19 09:29:30,2.03 Mb/s
2024-10-19 09:30:00,208 kb/s
2024-10-19 09:30:30,102 kb/s
2024-10-19 09:31:00,101 kb/s
2024-10-19 09:31:30,145 kb/s
2024-10-19 09:32:00,148 kb/s
2024-10-19 09:32:30,93.2 kb/s
2024-10-19 09:33:00,102 kb/s
2024-10-19 09:33:30,147 kb/s
2024-10-19 09:34:00,101 kb/s
2024-10-19 09:34:30,99.4 kb/s
2024-10-19 09:35:00,96.6 kb/s
2024-10-19 09:35:30,102 kb/s
2024-10-19 09:36:00,253 kb/s
2024-10-19 09:36:30,451 kb/s
2024-10-19 09:37:00,190 kb/s
2024-10-19 09:37:30,99.0 kb/s
2024-10-19 09:38:00,98.1 kb/s
2024-10-19 09:38:30,95.8 kb/s
2024-10-19 09:39:00,101 kb/s
2024-10-19 09:39:30,103 kb/s
2024-10-19 09:40:00,94.2 kb/s
2024-10-19 09:40:30,92.5 kb/s
2024-10-19 09:41:30,706 kb/s
2024-10-19 09:42:00,100 kb/s
2024-10-19 09:42:30,99.3 kb/s
2024-10-19 09:43:00,196 kb/s
2024-10-19 09:43:30,231 kb/s
2024-10-19 09:44:00,200 kb/s
2024-10-19 09:44:30,97.8 kb/s
2024-10-19 09:45:00,347 kb/s
2024-10-19 09:45:30,96.0 kb/s
2024-10-19 09:46:00,97.0 kb/s
2024-10-19 09:46:30,422 kb/s
2024-10-19 09:47:00,475 kb/s
2024-10-19 09:47:30,493 kb/s
2024-10-19 09:48:00,495 kb/s
2024-10-19 09:48:30,162 kb/s
2024-10-19 09:49:00,268 kb/s
2024-10-19 09:49:30,303 kb/s
2024-10-19 09:50:00,331 kb/s
2024-10-19 09:50:30,204 kb/s
2024-10-19 09:51:00,93.7 kb/s
2024-10-19 09:51:30,95.4 kb/s
2024-10-19 09:52:00,415 kb/s
2024-10-19 09:52:30,518 kb/s
2024-10-19 09:53:00,579 kb/s
2024-10-19 09:53:30,147 kb/s
2024-10-19 09:54:00,95.2 kb/s
2024-10-19 09:54:30,99.7 kb/s
2024-10-19 09:55:00,162 kb/s
2024-10-19 09:55:30,200 kb/s
2024-10-19 09:56:00,146 kb/s
2024-10-19 09:56:30,231 kb/s
2024-10-19 09:57:00,625 kb/s
2024-10-19 09:57:30,97.3 kb/s
2024-10-19 09:58:00,96.0 kb/s
2024-10-19 09:58:30,98.3 kb/s
2024-10-19 09:59:00,93.0 kb/s
2024-10-19 09:59:30,92.9 kb/s
2024-10-19 10:00:00,94.2 kb/s
2024-10-19 10:00:30,93.5 kb/s
2024-10-19 10:01:30,3.25 Mb/s
2024-10-19 10:02:00,458 kb/s
2024-10-19 10:02:30,361 kb/s
2024-10-19 10:03:00,112 kb/s
2024-10-19 10:03:30,124 kb/s
2024-10-19 10:04:00,97.8 kb/s
2024-10-19 10:04:30,96.2 kb/s
2024-10-19 10:05:30,980 kb/s
2024-10-19 10:06:00,111 kb/s
2024-10-19 10:06:30,120 kb/s
2024-10-19 10:07:00,143 kb/s
2024-10-19 10:07:30,227 kb/s
2024-10-19 10:08:00,330 kb/s
2024-10-19 10:08:30,532 kb/s
2024-10-19 10:09:00,1.32 Mb/s
2024-10-19 10:09:30,252 kb/s
2024-10-19 10:10:00,257 kb/s
2024-10-19 10:10:30,220 kb/s
2024-10-19 10:11:00,97.5 kb/s
2024-10-19 10:11:30,124 kb/s
2024-10-19 10:12:00,129 kb/s
2024-10-19 10:12:30,138 kb/s
2024-10-19 10:13:00,393 kb/s
2024-10-19 10:13:30,98.0 kb/s
2024-10-19 10:14:00,101 kb/s
2024-10-19 10:14:30,101 kb/s
2024-10-19 10:15:00,99.7 kb/s
2024-10-19 10:15:30,92.1 kb/s
2024-10-19 10:16:00,99.2 kb/s
2024-10-19 10:16:30,110 kb/s
2024-10-19 10:17:00,459 kb/s
2024-10-19 10:17:30,131 kb/s
2024-10-19 10:18:00,107 kb/s
2024-10-19 10:18:30,99.0 kb/s
2024-10-19 10:19:00,100.0 kb/s
2024-10-19 10:19:30,96.3 kb/s
2024-10-19 10:20:00,93.9 kb/s
2024-10-19 10:20:30,97.9 kb/s
2024-10-19 10:21:00,99.6 kb/s
2024-10-19 10:21:30,98.0 kb/s
2024-10-19 10:22:00,97.4 kb/s
2024-10-19 10:22:30,99.3 kb/s
2024-10-19 10:23:00,101 kb/s
2024-10-19 10:23:30,99.4 kb/s
2024-10-19 10:24:00,99.7 kb/s
2024-10-19 10:24:30,99.6 kb/s
2024-10-19 10:25:30,3.28 Mb/s
2024-10-19 10:26:00,456 kb/s
2024-10-19 10:26:30,310 kb/s
2024-10-19 10:27:00,96.2 kb/s
2024-10-19 10:27:30,98.4 kb/s
2024-10-19 10:28:00,99.5 kb/s
2024-10-19 10:28:30,98.6 kb/s
2024-10-19 10:29:00,95.1 kb/s
2024-10-19 10:29:30,96.7 kb/s
2024-10-19 10:30:00,100 kb/s
2024-10-19 10:30:30,157 kb/s
2024-10-19 10:31:00,142 kb/s
2024-10-19 10:31:30,106 kb/s
2024-10-19 10:32:00,107 kb/s
2024-10-19 10:32:30,128 kb/s
2024-10-19 10:33:00,125 kb/s
2024-10-19 10:33:30,97.8 kb/s
2024-10-19 10:34:00,93.7 kb/s
2024-10-19 10:34:30,95.6 kb/s
2024-10-19 10:35:00,157 kb/s
2024-10-19 10:35:30,302 kb/s
2024-10-19 10:36:00,307 kb/s
2024-10-19 10:36:30,313 kb/s
2024-10-19 10:37:30,2.46 Mb/s
2024-10-19 10:38:00,324 kb/s
2024-10-19 10:38:30,94.8 kb/s
2024-10-19 10:39:00,99.6 kb/s
2024-10-19 10:39:30,98.1 kb/s
2024-10-19 10:40:00,99.2 kb/s
2024-10-19 10:40:30,97.7 kb/s
2024-10-19 10:41:30,771 kb/s
2024-10-19 10:42:00,96.8 kb/s
2024-10-19 10:42:30,96.8 kb/s
2024-10-19 10:43:00,96.2 kb/s
2024-10-19 10:43:30,183 kb/s
2024-10-19 10:44:00,507 kb/s
2024-10-19 10:44:30,458 kb/s
2024-10-19 10:45:00,190 kb/s
2024-10-19 10:45:30,137 kb/s
2024-10-19 10:46:00,132 kb/s
2024-10-19 10:46:30,137 kb/s
2024-10-19 10:47:00,112 kb/s
2024-10-19 10:47:30,99.7 kb/s
2024-10-19 10:48:00,95.6 kb/s
2024-10-19 10:48:30,97.2 kb/s
2024-10-19 10:49:30,702 kb/s
2024-10-19 10:50:00,101 kb/s
2024-10-19 10:50:30,126 kb/s
2024-10-19 10:51:00,182 kb/s
2024-10-19 10:51:30,218 kb/s
2024-10-19 10:52:00,99.0 kb/s
2024-10-19 10:52:30,99.4 kb/s
2024-10-19 10:53:30,788 kb/s
2024-10-19 10:54:00,98.3 kb/s
2024-10-19 10:54:30,92.8 kb/s
2024-10-19 10:55:00,177 kb/s
2024-10-19 10:55:30,430 kb/s
2024-10-19 10:56:00,441 kb/s
2024-10-19 10:56:30,205 kb/s
2024-10-19 10:57:00,464 kb/s
2024-10-19 10:57:30,338 kb/s
2024-10-19 10:58:00,101 kb/s
2024-10-19 10:58:30,99.9 kb/s
2024-10-19 10:59:00,93.7 kb/s
2024-10-19 10:59:30,95.7 kb/s
2024-10-19 11:00:00,98.7 kb/s
2024-10-19 11:00:30,141 kb/s
2024-10-19 11:01:00,173 kb/s
2024-10-19 11:01:30,173 kb/s
2024-10-19 11:02:00,171 kb/s
2024-10-19 11:02:30,230 kb/s
2024-10-19 11:03:00,282 kb/s
2024-10-19 11:03:30,344 kb/s
2024-10-19 11:04:00,254 kb/s
2024-10-19 11:04:30,146 kb/s
2024-10-19 11:05:30,1.25 Mb/s
2024-10-19 11:06:00,144 kb/s
2024-10-19 11:06:30,487 kb/s
2024-10-19 11:07:00,163 kb/s
2024-10-19 11:07:30,201 kb/s
2024-10-19 11:08:00,211 kb/s
2024-10-19 11:08:30,93.6 kb/s
2024-10-19 11:09:00,906 kb/s
2024-10-19 11:09:30,282 kb/s
2024-10-19 11:10:00,304 kb/s
2024-10-19 11:10:30,160 kb/s
2024-10-19 11:11:00,365 kb/s
2024-10-19 11:11:30,531 kb/s
2024-10-19 11:12:00,226 kb/s
2024-10-19 11:12:30,116 kb/s
2024-10-19 11:13:30,919 kb/s
2024-10-19 11:14:00,118 kb/s
2024-10-19 11:14:30,221 kb/s
2024-10-19 11:15:00,217 kb/s
2024-10-19 11:15:30,228 kb/s
2024-10-19 11:16:00,122 kb/s
2024-10-19 11:16:30,101 kb/s
2024-10-19 11:17:30,1.75 Mb/s
2024-10-19 11:18:00,737 kb/s
2024-10-19 11:18:30,505 kb/s
2024-10-19 11:19:00,144 kb/s
2024-10-19 11:19:30,165 kb/s
2024-10-19 11:20:00,178 kb/s
2024-10-19 11:20:30,171 kb/s
2024-10-19 11:21:00,178 kb/s
2024-10-19 11:21:30,99.7 kb/s
2024-10-19 11:22:00,94.8 kb/s
2024-10-19 11:22:30,95.2 kb/s
2024-10-19 11:23:00,92.2 kb/s
2024-10-19 11:23:30,258 kb/s
2024-10-19 11:24:00,286 kb/s
2024-10-19 11:24:30,200 kb/s
2024-10-19 11:25:00,349 kb/s
2024-10-19 11:25:30,99.3 kb/s
2024-10-19 11:26:00,147 kb/s
2024-10-19 11:26:30,172 kb/s
2024-10-19 11:27:00,199 kb/s
2024-10-19 11:27:30,153 kb/s
2024-10-19 11:28:00,276 kb/s
2024-10-19 11:28:30,427 kb/s
2024-10-19 11:29:30,792 kb/s
2024-10-19 11:30:00,99.0 kb/s
2024-10-19 11:30:30,128 kb/s
2024-10-19 11:31:00,168 kb/s
2024-10-19 11:31:30,150 kb/s
2024-10-19 11:32:00,135 kb/s
2024-10-19 11:32:30,137 kb/s
2024-10-19 11:33:30,745 kb/s
2024-10-19 11:34:00,93.4 kb/s
2024-10-19 11:34:30,97.9 kb/s
2024-10-19 11:35:00,99.7 kb/s
2024-10-19 11:35:30,112 kb/s
2024-10-19 11:36:00,390 kb/s
2024-10-19 11:36:30,425 kb/s
2024-10-19 11:37:30,2.14 Mb/s
2024-10-19 11:38:00,293 kb/s
2024-10-19 11:38:30,155 kb/s
2024-10-19 11:39:00,221 kb/s
2024-10-19 11:39:30,291 kb/s
2024-10-19 11:40:00,98.4 kb/s
2024-10-19 11:40:30,96.8 kb/s
2024-10-19 11:41:30,702 kb/s
2024-10-19 11:42:00,101 kb/s
2024-10-19 11:42:30,98.7 kb/s
2024-10-19 11:43:00,156 kb/s
2024-10-19 11:43:30,146 kb/s
2024-10-19 11:44:00,148 kb/s
2024-10-19 11:44:30,102 kb/s
2024-10-19 11:45:30,699 kb/s
2024-10-19 11:46:00,99.2 kb/s
2024-10-19 11:46:30,136 kb/s
2024-10-19 11:47:00,304 kb/s
2024-10-19 11:47:30,321 kb/s
2024-10-19 11:48:00,545 kb/s
2024-10-19 11:48:30,283 kb/s
2024-10-19 11:49:30,742 kb/s
2024-10-19 11:50:00,101 kb/s
2024-10-19 11:50:30,99.2 kb/s
2024-10-19 11:51:00,151 kb/s
2024-10-19 11:51:30,386 kb/s
2024-10-19 11:52:00,148 kb/s
2024-10-19 11:52:30,385 kb/s
2024-10-19 11:53:30,4.07 Mb/s
2024-10-19 11:54:00,124 kb/s
2024-10-19 11:54:30,97.9 kb/s
2024-10-19 11:55:00,100 kb/s
2024-10-19 11:55:30,249 kb/s
2024-10-19 11:56:00,659 kb/s
2024-10-19 11:56:30,557 kb/s
2024-10-19 11:57:30,2.17 Mb/s
2024-10-19 11:58:00,94.6 kb/s
2024-10-19 11:58:30,96.8 kb/s
2024-10-19 11:59:00,387 kb/s
2024-10-19 11:59:30,361 kb/s
2024-10-19 12:00:00,97.6 kb/s
2024-10-19 12:00:30,94.5 kb/s
2024-10-19 12:01:00,343 kb/s
2024-10-19 12:01:30,104 kb/s
2024-10-19 12:02:00,95.4 kb/s
2024-10-19 12:02:30,96.0 kb/s
2024-10-19 12:03:00,96.1 kb/s
2024-10-19 12:03:30,98.0 kb/s
2024-10-19 12:04:00,282 kb/s
2024-10-19 12:04:30,357 kb/s
2024-10-19 12:05:00,654 kb/s
2024-10-19 12:05:30,95.2 kb/s
2024-10-19 12:06:00,99.4 kb/s
2024-10-19 12:06:30,149 kb/s
2024-10-19 12:07:00,162 kb/s
2024-10-19 12:07:30,164 kb/s
2024-10-19 12:08:00,148 kb/s
2024-10-19 12:08:30,97.2 kb/s
2024-10-19 12:09:00,101 kb/s
2024-10-19 12:09:30,97.3 kb/s
2024-10-19 12:10:00,96.7 kb/s
2024-10-19 12:10:30,95.9 kb/s
2024-10-19 12:11:00,101 kb/s
2024-10-19 12:11:30,112 kb/s
2024-10-19 12:12:00,115 kb/s
2024-10-19 12:12:30,117 kb/s
2024-10-19 12:13:00,392 kb/s
2024-10-19 12:13:30,232 kb/s
2024-10-19 12:14:00,354 kb/s
2024-10-19 12:14:30,360 kb/s
2024-10-19 12:15:00,137 kb/s
2024-10-19 12:15:30,133 kb/s
2024-10-19 12:16:00,136 kb/s
2024-10-19 12:16:30,144 kb/s
2024-10-19 12:17:00,1.38 Mb/s
2024-10-19 12:17:30,287 kb/s
2024-10-19 12:18:00,315 kb/s
2024-10-19 12:18:30,98.7 kb/s
2024-10-19 12:19:00,101 kb/s
2024-10-19 12:19:30,97.8 kb/s
2024-10-19 12:20:00,100 kb/s
2024-10-19 12:20:30,95.2 kb/s
2024-10-19 12:21:30,1.38 Mb/s
2024-10-19 12:22:00,390 kb/s
2024-10-19 12:22:30,508 kb/s
2024-10-19 12:23:00,225 kb/s
2024-10-19 12:23:30,95.4 kb/s
2024-10-19 12:24:00,89.5 kb/s
2024-10-19 12:24:30,100 kb/s
2024-10-19 12:25:00,95.6 kb/s
2024-10-19 12:25:30,99.5 kb/s
2024-10-19 12:26:00,99.2 kb/s
2024-10-19 12:26:30,97.9 kb/s
2024-10-19 12:27:00,259 kb/s
2024-10-19 12:27:30,190 kb/s
2024-10-19 12:28:00,151 kb/s
2024-10-19 12:28:30,150 kb/s
2024-10-19 12:29:00,118 kb/s
2024-10-19 12:29:30,164 kb/s
2024-10-19 12:30:00,171 kb/s
2024-10-19 12:30:30,133 kb/s
2024-10-19 12:31:00,188 kb/s
2024-10-19 12:31:30,176 kb/s
2024-10-19 12:32:00,96.7 kb/s
2024-10-19 12:32:30,98.5 kb/s
2024-10-19 12:33:00,97.5 kb/s
2024-10-19 12:33:30,97.1 kb/s
2024-10-19 12:34:00,97.0 kb/s
2024-10-19 12:34:30,97.8 kb/s
2024-10-19 12:35:00,96.7 kb/s
2024-10-19 12:35:30,98.3 kb/s
2024-10-19 12:36:00,99.1 kb/s
2024-10-19 12:36:30,102 kb/s
2024-10-19 12:37:00,370 kb/s
2024-10-19 12:37:30,95.9 kb/s
2024-10-19 12:38:00,94.7 kb/s
2024-10-19 12:38:30,91.6 kb/s
2024-10-19 12:39:00,103 kb/s
2024-10-19 12:39:30,385 kb/s
2024-10-19 12:40:00,430 kb/s
2024-10-19 12:40:30,354 kb/s
2024-10-19 12:41:00,136 kb/s
2024-10-19 12:41:30,182 kb/s
2024-10-19 12:42:00,120 kb/s
2024-10-19 12:42:30,95.7 kb/s
2024-10-19 12:43:00,101 kb/s
2024-10-19 12:43:30,154 kb/s
2024-10-19 12:44:00,179 kb/s
2024-10-19 12:44:30,163 kb/s
2024-10-19 12:45:30,1.61 Mb/s
2024-10-19 12:46:00,361 kb/s
2024-10-19 12:46:30,336 kb/s
2024-10-19 12:47:00,322 kb/s
2024-10-19 12:47:30,240 kb/s
2024-10-19 12:48:00,381 kb/s
2024-10-19 12:48:30,384 kb/s
2024-10-19 12:49:30,1.31 Mb/s
2024-10-19 12:50:00,98.1 kb/s
2024-10-19 12:50:30,97.0 kb/s
2024-10-19 12:51:00,104 kb/s
2024-10-19 12:51:30,470 kb/s
2024-10-19 12:52:00,529 kb/s
2024-10-19 12:52:30,390 kb/s
2024-10-19 12:53:00,370 kb/s
2024-10-19 12:53:30,103 kb/s
2024-10-19 12:54:00,112 kb/s
2024-10-19 12:54:30,127 kb/s
2024-10-19 12:55:00,129 kb/s
2024-10-19 12:55:30,137 kb/s
2024-10-19 12:56:00,405 kb/s
2024-10-19 12:56:30,404 kb/s
2024-10-19 12:57:30,1.87 Mb/s
2024-10-19 12:58:00,141 kb/s
2024-10-19 12:58:30,194 kb/s
2024-10-19 12:59:00,205 kb/s
2024-10-19 12:59:30,190 kb/s
2024-10-19 13:00:00,137 kb/s
2024-10-19 13:00:30,115 kb/s
2024-10-19 13:01:00,126 kb/s
2024-10-19 13:01:30,127 kb/s
2024-10-19 13:02:00,110 kb/s
2024-10-19 13:02:30,98.4 kb/s
2024-10-19 13:03:00,98.7 kb/s
2024-10-19 13:03:30,100 kb/s
2024-10-19 13:04:00,96.4 kb/s
2024-10-19 13:04:30,98.4 kb/s
2024-10-19 13:05:30,777 kb/s
2024-10-19 13:06:00,111 kb/s
2024-10-19 13:06:30,176 kb/s
2024-10-19 13:07:00,173 kb/s
2024-10-19 13:07:30,127 kb/s
2024-10-19 13:08:00,106 kb/s
2024-10-19 13:08:30,100 kb/s
2024-10-19 13:09:30,826 kb/s
2024-10-19 13:10:00,395 kb/s
2024-10-19 13:10:30,277 kb/s
2024-10-19 13:11:00,96.1 kb/s
2024-10-19 13:11:30,94.8 kb/s
2024-10-19 13:12:00,97.6 kb/s
2024-10-19 13:12:30,96.8 kb/s
2024-10-19 13:13:30,775 kb/s
2024-10-19 13:14:00,99.9 kb/s
2024-10-19 13:14:30,261 kb/s
2024-10-19 13:15:00,124 kb/s
2024-10-19 13:15:30,97.6 kb/s
2024-10-19 13:16:00,200 kb/s
2024-10-19 13:16:30,222 kb/s
2024-10-19 13:17:30,1.15 Mb/s
2024-10-19 13:18:00,98.3 kb/s
2024-10-19 13:18:30,96.6 kb/s
2024-10-19 13:19:00,101 kb/s
2024-10-19 13:19:30,105 kb/s
2024-10-19 13:20:00,184 kb/s
2024-10-19 13:20:30,170 kb/s
2024-10-19 13:21:30,1.28 Mb/s
2024-10-19 13:22:00,224 kb/s
2024-10-19 13:22:30,95.7 kb/s
2024-10-19 13:23:00,97.0 kb/s
2024-10-19 13:23:30,102 kb/s
2024-10-19 13:24:00,115 kb/s
2024-10-19 13:24:30,141 kb/s
2024-10-19 13:25:30,1.18 Mb/s
2024-10-19 13:26:00,252 kb/s
2024-10-19 13:26:30,237 kb/s
2024-10-19 13:27:00,242 kb/s
2024-10-19 13:27:30,131 kb/s
2024-10-19 13:28:00,95.6 kb/s
2024-10-19 13:28:30,97.9 kb/s
2024-10-19 13:29:30,3.09 Mb/s
2024-10-19 13:30:00,635 kb/s
2024-10-19 13:30:30,97.4 kb/s
2024-10-19 13:31:00,101 kb/s
2024-10-19 13:31:30,49.7 kb/s
2024-10-19 13:32:00,6.19 kb/s
2024-10-19 13:32:30,7.05 kb/s
2024-10-19 13:33:00,405 kb/s
2024-10-19 13:33:30,395 kb/s
2024-10-19 13:34:00,381 kb/s
2024-10-19 13:34:30,198 kb/s
2024-10-19 13:35:00,478 kb/s
2024-10-19 13:35:30,473 kb/s
2024-10-19 13:36:00,332 kb/s
2024-10-19 13:36:30,94.6 kb/s
2024-10-19 13:37:00,325 kb/s
2024-10-19 13:37:30,98.9 kb/s
2024-10-19 13:38:00,97.3 kb/s
2024-10-19 13:38:30,101 kb/s
2024-10-19 13:39:00,96.9 kb/s
2024-10-19 13:39:30,101 kb/s
2024-10-19 13:40:00,97.0 kb/s
2024-10-19 13:40:30,96.9 kb/s
2024-10-19 13:41:00,99.8 kb/s
2024-10-19 13:41:30,99.3 kb/s
2024-10-19 13:42:00,97.4 kb/s
2024-10-19 13:42:30,100.0 kb/s
2024-10-19 13:43:00,99.0 kb/s
2024-10-19 13:43:30,126 kb/s
2024-10-19 13:44:00,146 kb/s
2024-10-19 13:44:30,135 kb/s
2024-10-19 13:45:30,2.21 Mb/s
2024-10-19 13:46:00,438 kb/s
2024-10-19 13:46:30,99.9 kb/s
2024-10-19 13:47:00,96.1 kb/s
2024-10-19 13:47:30,98.0 kb/s
2024-10-19 13:48:00,95.6 kb/s
2024-10-19 13:48:30,156 kb/s
2024-10-19 13:49:00,452 kb/s
2024-10-19 13:49:30,416 kb/s
2024-10-19 13:50:00,446 kb/s
2024-10-19 13:50:30,331 kb/s
2024-10-19 13:51:00,484 kb/s
2024-10-19 13:51:30,565 kb/s
2024-10-19 13:52:00,640 kb/s
2024-10-19 13:52:30,195 kb/s
2024-10-19 13:53:00,369 kb/s
2024-10-19 13:53:30,100 kb/s
2024-10-19 13:54:00,112 kb/s
2024-10-19 13:54:30,331 kb/s
2024-10-19 13:55:00,331 kb/s
2024-10-19 13:55:30,163 kb/s
2024-10-19 13:56:00,109 kb/s
2024-10-19 13:56:30,104 kb/s
2024-10-19 13:57:30,808 kb/s
2024-10-19 13:58:00,98.2 kb/s
2024-10-19 13:58:30,97.3 kb/s
2024-10-19 13:59:00,133 kb/s
2024-10-19 13:59:30,187 kb/s
2024-10-19 14:00:00,131 kb/s
2024-10-19 14:00:30,97.7 kb/s
2024-10-19 14:01:30,810 kb/s
2024-10-19 14:02:00,101 kb/s
2024-10-19 14:02:30,93.1 kb/s
2024-10-19 14:03:00,96.2 kb/s
2024-10-19 14:03:30,222 kb/s
2024-10-19 14:04:00,326 kb/s
2024-10-19 14:04:30,177 kb/s
2024-10-19 14:05:00,23.3 kb/s
2024-10-19 14:05:30,127 kb/s
2024-10-19 14:06:00,129 kb/s
2024-10-19 14:06:30,125 kb/s
2024-10-19 14:07:00,116 kb/s
2024-10-19 14:07:30,99.6 kb/s
2024-10-19 14:08:00,95.3 kb/s
2024-10-19 14:08:30,95.1 kb/s
2024-10-19 14:09:30,695 kb/s
2024-10-19 14:10:00,98.5 kb/s
2024-10-19 14:10:30,99.5 kb/s
2024-10-19 14:11:00,100.0 kb/s
2024-10-19 14:11:30,175 kb/s
2024-10-19 14:12:00,173 kb/s
2024-10-19 14:12:30,143 kb/s
2024-10-19 14:13:00,153 kb/s
2024-10-19 14:13:30,146 kb/s
2024-10-19 14:14:00,126 kb/s
2024-10-19 14:14:30,100 kb/s
2024-10-19 14:15:00,101 kb/s
2024-10-19 14:15:30,93.0 kb/s
2024-10-19 14:16:00,90.5 kb/s
2024-10-19 14:16:30,105 kb/s
2024-10-19 14:17:00,98.5 kb/s
2024-10-19 14:17:30,93.5 kb/s
2024-10-19 14:18:00,122 kb/s
2024-10-19 14:18:30,124 kb/s
2024-10-19 14:19:00,143 kb/s
2024-10-19 14:19:30,172 kb/s
2024-10-19 14:20:00,167 kb/s
2024-10-19 14:20:30,167 kb/s
2024-10-19 14:21:00,423 kb/s
2024-10-19 14:21:30,97.6 kb/s
2024-10-19 14:22:00,95.7 kb/s
2024-10-19 14:22:30,97.4 kb/s
2024-10-19 14:23:00,100 kb/s
2024-10-19 14:23:30,100 kb/s
2024-10-19 14:24:00,101 kb/s
2024-10-19 14:24:30,98.3 kb/s
2024-10-19 14:25:30,774 kb/s
2024-10-19 14:26:00,100 kb/s
2024-10-19 14:26:30,96.4 kb/s
2024-10-19 14:27:00,97.4 kb/s
2024-10-19 14:27:30,94.9 kb/s
2024-10-19 14:28:00,97.6 kb/s
2024-10-19 14:28:30,96.9 kb/s
2024-10-19 14:29:30,997 kb/s
2024-10-19 14:30:00,162 kb/s
2024-10-19 14:30:30,158 kb/s
2024-10-19 14:31:00,167 kb/s
2024-10-19 14:31:30,417 kb/s
2024-10-19 14:32:00,376 kb/s
2024-10-19 14:32:30,301 kb/s
2024-10-19 14:33:30,965 kb/s
2024-10-19 14:34:00,111 kb/s
2024-10-19 14:34:30,106 kb/s
2024-10-19 14:35:00,101 kb/s
2024-10-19 14:35:30,98.5 kb/s
2024-10-19 14:36:00,98.0 kb/s
2024-10-19 14:36:30,98.9 kb/s
2024-10-19 14:37:30,3.56 Mb/s
2024-10-19 14:38:00,139 kb/s
2024-10-19 14:38:30,99.3 kb/s
2024-10-19 14:39:00,97.9 kb/s
2024-10-19 14:39:30,97.7 kb/s
2024-10-19 14:40:00,102 kb/s
2024-10-19 14:40:30,98.0 kb/s
2024-10-19 14:41:00,111 kb/s
2024-10-19 14:41:30,121 kb/s
2024-10-19 14:42:00,120 kb/s
2024-10-19 14:42:30,115 kb/s
2024-10-19 14:43:00,297 kb/s
2024-10-19 14:43:30,227 kb/s
2024-10-19 14:44:00,226 kb/s
2024-10-19 14:44:30,99.5 kb/s
2024-10-19 14:45:30,803 kb/s
2024-10-19 14:46:00,94.6 kb/s
2024-10-19 14:46:30,99.7 kb/s
2024-10-19 14:47:00,96.1 kb/s
2024-10-19 14:47:30,96.4 kb/s
2024-10-19 14:48:00,96.5 kb/s
2024-10-19 14:48:30,96.4 kb/s
2024-10-19 14:49:30,731 kb/s
2024-10-19 14:50:00,101 kb/s
2024-10-19 14:50:30,94.8 kb/s
2024-10-19 14:51:00,99.3 kb/s
2024-10-19 14:51:30,219 kb/s
2024-10-19 14:52:00,315 kb/s
2024-10-19 14:52:30,226 kb/s
2024-10-19 14:53:00,99.4 kb/s
2024-10-19 14:53:30,98.3 kb/s
2024-10-19 14:54:00,99.0 kb/s
2024-10-19 14:54:30,101 kb/s
2024-10-19 14:55:00,251 kb/s
2024-10-19 14:55:30,217 kb/s
2024-10-19 14:56:00,19.1 kb/s
2024-10-19 14:56:30,5.76 kb/s
2024-10-19 14:57:00,7.15 kb/s
2024-10-19 14:57:30,73.0 kb/s
2024-10-19 14:58:00,86.2 kb/s
2024-10-19 14:58:30,88.7 kb/s
2024-10-19 14:59:00,201 kb/s
2024-10-19 14:59:30,7.76 kb/s
2024-10-19 15:00:00,8.71 kb/s
2024-10-19 15:00:30,8.64 kb/s
2024-10-19 15:01:00,35.1 kb/s
2024-10-19 15:01:30,12.5 kb/s
2024-10-19 15:02:00,9.00 kb/s
2024-10-19 15:02:30,10.0 kb/s
2024-10-19 15:03:00,8.80 kb/s
2024-10-19 15:03:30,6.54 kb/s
2024-10-19 15:04:00,41.8 kb/s
2024-10-19 15:04:30,69.2 kb/s
2024-10-19 15:05:00,164 kb/s
2024-10-19 15:05:30,26.6 kb/s
2024-10-19 15:06:00,8.01 kb/s
2024-10-19 15:06:30,85.0 kb/s
2024-10-19 15:07:00,103 kb/s
2024-10-19 15:07:30,107 kb/s
2024-10-19 15:08:00,36.0 kb/s
2024-10-19 15:08:30,8.26 kb/s
2024-10-19 15:09:00,68.3 kb/s
2024-10-19 15:09:30,122 kb/s
2024-10-19 15:10:00,123 kb/s
2024-10-19 15:10:30,123 kb/s
2024-10-19 15:11:00,106 kb/s
2024-10-19 15:11:30,236 kb/s
2024-10-19 15:12:00,279 kb/s
2024-10-19 15:12:30,192 kb/s
2024-10-19 15:13:00,746 kb/s
2024-10-19 15:13:30,349 kb/s
2024-10-19 15:14:00,481 kb/s
2024-10-19 15:14:30,269 kb/s
2024-10-19 15:15:00,248 kb/s
2024-10-19 15:15:30,258 kb/s
2024-10-19 15:16:00,36.6 kb/s
2024-10-19 15:16:30,17.0 kb/s
2024-10-19 15:17:30,60.0 kb/s
2024-10-19 15:18:00,7.63 kb/s
2024-10-19 15:18:30,9.40 kb/s
2024-10-19 15:19:00,139 kb/s
2024-10-19 15:19:30,283 kb/s
2024-10-19 15:20:00,160 kb/s
2024-10-19 15:20:30,6.39 kb/s
2024-10-19 15:21:30,58.5 kb/s
2024-10-19 15:22:00,5.76 kb/s
2024-10-19 15:22:30,7.56 kb/s
2024-10-19 15:23:00,13.4 kb/s
2024-10-19 15:23:30,11.0 kb/s
2024-10-19 15:24:00,7.45 kb/s
2024-10-19 15:24:30,7.98 kb/s
2024-10-19 15:25:00,7.91 kb/s
2024-10-19 15:25:30,7.17 kb/s
2024-10-19 15:26:00,7.62 kb/s
2024-10-19 15:26:30,7.23 kb/s
2024-10-19 15:27:00,8.23 kb/s
2024-10-19 15:27:30,6.74 kb/s
2024-10-19 15:28:00,7.61 kb/s
2024-10-19 15:28:30,6.41 kb/s
2024-10-19 15:29:00,9.57 kb/s
2024-10-19 15:29:30,476 kb/s
2024-10-19 15:30:00,487 kb/s
2024-10-19 15:30:30,362 kb/s
2024-10-19 15:31:00,134 kb/s
2024-10-19 15:31:30,15.7 kb/s
2024-10-19 15:32:00,9.30 kb/s
2024-10-19 15:32:30,8.04 kb/s
2024-10-19 15:33:30,71.3 kb/s
2024-10-19 15:34:00,6.77 kb/s
2024-10-19 15:34:30,7.04 kb/s
2024-10-19 15:35:00,7.27 kb/s
2024-10-19 15:35:30,8.42 kb/s
2024-10-19 15:36:00,5.68 kb/s
2024-10-19 15:36:30,6.93 kb/s
2024-10-19 15:37:00,7.83 kb/s
2024-10-19 15:37:30,9.98 kb/s
2024-10-19 15:38:00,7.84 kb/s
2024-10-19 15:38:30,9.26 kb/s
2024-10-19 15:39:00,233 kb/s
2024-10-19 15:39:30,258 kb/s
2024-10-19 15:40:00,277 kb/s
2024-10-19 15:40:30,125 kb/s
2024-10-19 15:41:00,147 kb/s
2024-10-19 15:41:30,138 kb/s
2024-10-19 15:42:00,137 kb/s
2024-10-19 15:42:30,55.6 kb/s
2024-10-19 15:43:00,413 kb/s
2024-10-19 15:43:30,529 kb/s
2024-10-19 15:44:00,461 kb/s
2024-10-19 15:44:30,12.6 kb/s
2024-10-19 15:45:30,84.8 kb/s
2024-10-19 15:46:00,7.85 kb/s
2024-10-19 15:46:30,115 kb/s
2024-10-19 15:47:00,201 kb/s
2024-10-19 15:47:30,45.7 kb/s
2024-10-19 15:48:00,7.05 kb/s
2024-10-19 15:48:30,6.09 kb/s
2024-10-19 15:49:30,75.0 kb/s
2024-10-19 15:50:00,44.8 kb/s
2024-10-19 15:50:30,37.2 kb/s
2024-10-19 15:51:00,208 kb/s
2024-10-19 15:51:30,67.7 kb/s
2024-10-19 15:52:00,17.6 kb/s
2024-10-19 15:52:30,44.0 kb/s
2024-10-19 15:53:00,144 kb/s
2024-10-19 15:53:30,43.0 kb/s
2024-10-19 15:54:00,136 kb/s
2024-10-19 15:54:30,352 kb/s
2024-10-19 15:55:00,30.4 kb/s
2024-10-19 15:55:30,8.81 kb/s
2024-10-19 15:56:00,7.31 kb/s
2024-10-19 15:56:30,6.55 kb/s
2024-10-19 15:57:30,46.8 kb/s
2024-10-19 15:58:00,8.91 kb/s
2024-10-19 15:58:30,7.28 kb/s
2024-10-19 15:59:00,6.72 kb/s
2024-10-19 15:59:30,9.56 kb/s
2024-10-19 16:00:00,335 kb/s
2024-10-19 16:00:30,432 kb/s
2024-10-19 16:01:30,946 kb/s
2024-10-19 16:02:00,8.37 kb/s
2024-10-19 16:02:30,27.0 kb/s
2024-10-19 16:03:00,9.07 kb/s
2024-10-19 16:03:30,9.89 kb/s
2024-10-19 16:04:00,7.74 kb/s
2024-10-19 16:04:30,7.86 kb/s
2024-10-19 16:05:00,9.44 kb/s
2024-10-19 16:05:30,6.34 kb/s
2024-10-19 16:06:00,6.26 kb/s
2024-10-19 16:06:30,8.73 kb/s
2024-10-19 16:07:00,9.44 kb/s
2024-10-19 16:07:30,89.2 kb/s
2024-10-19 16:08:00,6.77 kb/s
2024-10-19 16:08:30,10.3 kb/s
2024-10-19 16:09:30,57.9 kb/s
2024-10-19 16:10:00,6.66 kb/s
2024-10-19 16:10:30,8.33 kb/s
2024-10-19 16:11:00,6.65 kb/s
2024-10-19 16:11:30,8.60 kb/s
2024-10-19 16:12:00,266 kb/s
2024-10-19 16:12:30,271 kb/s
2024-10-19 16:13:30,919 kb/s
2024-10-19 16:14:00,6.70 kb/s
2024-10-19 16:14:30,9.52 kb/s
2024-10-19 16:15:00,9.11 kb/s
2024-10-19 16:15:30,299 kb/s
2024-10-19 16:16:00,111 kb/s
2024-10-19 16:16:30,18.6 kb/s
2024-10-19 16:17:00,748 kb/s
2024-10-19 16:17:30,213 kb/s
2024-10-19 16:18:00,207 kb/s
2024-10-19 16:18:30,116 kb/s
2024-10-19 16:19:00,245 kb/s
2024-10-19 16:19:30,30.5 kb/s
2024-10-19 16:20:00,8.36 kb/s
2024-10-19 16:20:30,10.5 kb/s
2024-10-19 16:21:00,5.89 kb/s
2024-10-19 16:21:30,6.67 kb/s
2024-10-19 16:22:00,93.7 kb/s
2024-10-19 16:22:30,30.7 kb/s
2024-10-19 16:23:00,8.58 kb/s
2024-10-19 16:23:30,7.44 kb/s
2024-10-19 16:24:00,7.73 kb/s
2024-10-19 16:24:30,7.31 kb/s
2024-10-19 16:25:30,57.0 kb/s
2024-10-19 16:26:00,7.69 kb/s
2024-10-19 16:26:30,7.72 kb/s
2024-10-19 16:27:00,9.02 kb/s
2024-10-19 16:27:30,8.75 kb/s
2024-10-19 16:28:00,45.6 kb/s
2024-10-19 16:28:30,376 kb/s
2024-10-19 16:29:30,3.26 Mb/s
2024-10-19 16:30:00,105 kb/s
2024-10-19 16:30:30,11.0 kb/s
2024-10-19 16:31:00,16.9 kb/s
2024-10-19 16:31:30,14.1 kb/s
2024-10-19 16:32:00,7.65 kb/s
2024-10-19 16:32:30,47.1 kb/s
2024-10-19 16:33:30,835 kb/s
2024-10-19 16:34:00,141 kb/s
2024-10-19 16:34:30,72.4 kb/s
2024-10-19 16:35:00,69.2 kb/s
2024-10-19 16:35:30,8.59 kb/s
2024-10-19 16:36:00,200 kb/s
2024-10-19 16:36:30,264 kb/s
2024-10-19 16:37:00,263 kb/s
2024-10-19 16:37:30,6.27 kb/s
2024-10-19 16:38:00,7.76 kb/s
2024-10-19 16:38:30,7.74 kb/s
2024-10-19 16:39:00,214 kb/s
2024-10-19 16:39:30,397 kb/s
2024-10-19 16:40:00,372 kb/s
2024-10-19 16:40:30,340 kb/s
2024-10-19 16:41:00,102 kb/s
2024-10-19 16:41:30,9.33 kb/s
2024-10-19 16:42:00,8.44 kb/s
2024-10-19 16:42:30,24.0 kb/s
2024-10-19 16:43:00,226 kb/s
2024-10-19 16:43:30,221 kb/s
2024-10-19 16:44:00,12.4 kb/s
2024-10-19 16:44:30,13.7 kb/s
2024-10-19 16:45:30,71.6 kb/s
2024-10-19 16:46:00,262 kb/s
2024-10-19 16:46:30,415 kb/s
2024-10-19 16:47:00,658 kb/s
2024-10-19 16:47:30,186 kb/s
2024-10-19 16:48:00,305 kb/s
2024-10-19 16:48:30,457 kb/s
2024-10-19 16:49:30,2.62 Mb/s
2024-10-19 16:50:00,8.19 kb/s
2024-10-19 16:50:30,7.03 kb/s
2024-10-19 16:51:00,8.80 kb/s
2024-10-19 16:51:30,54.1 kb/s
2024-10-19 16:52:00,63.2 kb/s
2024-10-19 16:52:30,11.4 kb/s
2024-10-19 16:53:00,476 kb/s
2024-10-19 16:53:30,9.37 kb/s
2024-10-19 16:54:00,216 kb/s
2024-10-19 16:54:30,302 kb/s
2024-10-19 16:55:00,328 kb/s
2024-10-19 16:55:30,333 kb/s
2024-10-19 16:56:00,151 kb/s
2024-10-19 16:56:30,173 kb/s
2024-10-19 16:57:00,174 kb/s
2024-10-19 16:57:30,121 kb/s
2024-10-19 16:58:00,48.4 kb/s
2024-10-19 16:58:30,6.34 kb/s
2024-10-19 16:59:00,9.73 kb/s
2024-10-19 16:59:30,8.16 kb/s
2024-10-19 17:00:00,7.90 kb/s
2024-10-19 17:00:30,8.08 kb/s
2024-10-19 17:01:00,7.85 kb/s
2024-10-19 17:01:30,12.4 kb/s
2024-10-19 17:02:00,8.50 kb/s
2024-10-19 17:02:30,165 kb/s
2024-10-19 17:03:00,56.8 kb/s
2024-10-19 17:03:30,6.89 kb/s
2024-10-19 17:04:00,7.47 kb/s
2024-10-19 17:04:30,7.84 kb/s
2024-10-19 17:05:30,62.4 kb/s
2024-10-19 17:06:00,7.11 kb/s
2024-10-19 17:06:30,9.47 kb/s
2024-10-19 17:07:00,7.24 kb/s
2024-10-19 17:07:30,8.14 kb/s
2024-10-19 17:08:00,6.63 kb/s
2024-10-19 17:08:30,8.39 kb/s
2024-10-19 17:09:30,518 kb/s
2024-10-19 17:10:00,193 kb/s
2024-10-19 17:10:30,281 kb/s
2024-10-19 17:11:00,433 kb/s
2024-10-19 17:11:30,247 kb/s
2024-10-19 17:12:00,99.3 kb/s
2024-10-19 17:12:30,11.7 kb/s
2024-10-19 17:13:30,62.1 kb/s
2024-10-19 17:14:00,8.19 kb/s
2024-10-19 17:14:30,7.79 kb/s
2024-10-19 17:15:00,8.68 kb/s
2024-10-19 17:15:30,8.88 kb/s
2024-10-19 17:16:00,7.15 kb/s
2024-10-19 17:16:30,17.7 kb/s
2024-10-19 17:17:00,28.6 kb/s
2024-10-19 17:17:30,8.77 kb/s
2024-10-19 17:18:00,6.69 kb/s
2024-10-19 17:18:30,139 kb/s
2024-10-19 17:19:00,119 kb/s
2024-10-19 17:19:30,90.2 kb/s
2024-10-19 17:20:00,166 kb/s
2024-10-19 17:20:30,86.9 kb/s
2024-10-19 17:21:00,204 kb/s
2024-10-19 17:21:30,231 kb/s
2024-10-19 17:22:00,79.8 kb/s
2024-10-19 17:22:30,7.69 kb/s
2024-10-19 17:23:00,7.37 kb/s
2024-10-19 17:23:30,7.53 kb/s
2024-10-19 17:24:00,59.6 kb/s
2024-10-19 17:24:30,150 kb/s
2024-10-19 17:25:30,932 kb/s
2024-10-19 17:26:00,43.0 kb/s
2024-10-19 17:26:30,146 kb/s
2024-10-19 17:27:00,144 kb/s
2024-10-19 17:27:30,115 kb/s
2024-10-19 17:28:00,6.80 kb/s
2024-10-19 17:28:30,5.51 kb/s
2024-10-19 17:29:30,1.35 Mb/s
2024-10-19 17:30:00,278 kb/s
2024-10-19 17:30:30,78.9 kb/s
2024-10-19 17:31:00,44.3 kb/s
2024-10-19 17:31:30,51.5 kb/s
2024-10-19 17:32:00,55.5 kb/s
2024-10-19 17:32:30,35.1 kb/s
2024-10-19 17:33:00,100 kb/s
2024-10-19 17:33:30,295 kb/s
2024-10-19 17:34:00,299 kb/s
2024-10-19 17:34:30,268 kb/s
2024-10-19 17:35:00,171 kb/s
2024-10-19 17:35:30,8.39 kb/s
2024-10-19 17:36:00,8.13 kb/s
2024-10-19 17:36:30,8.35 kb/s
2024-10-19 17:37:30,67.0 kb/s
2024-10-19 17:38:00,9.38 kb/s
2024-10-19 17:38:30,301 kb/s
2024-10-19 17:39:00,426 kb/s
2024-10-19 17:39:30,338 kb/s
2024-10-19 17:40:00,7.42 kb/s
2024-10-19 17:40:30,6.54 kb/s
2024-10-19 17:41:30,1.93 Mb/s
2024-10-19 17:42:00,824 kb/s
2024-10-19 17:42:30,251 kb/s
2024-10-19 17:43:00,408 kb/s
2024-10-19 17:43:30,60.7 kb/s
2024-10-19 17:44:00,72.5 kb/s
2024-10-19 17:44:30,7.23 kb/s
2024-10-19 17:45:30,72.7 kb/s
2024-10-19 17:46:00,7.83 kb/s
2024-10-19 17:46:30,13.8 kb/s
2024-10-19 17:47:00,53.3 kb/s
2024-10-19 17:47:30,68.0 kb/s
2024-10-19 17:48:00,47.9 kb/s
2024-10-19 17:48:30,4.82 kb/s
2024-10-19 17:49:30,468 kb/s
2024-10-19 17:50:00,311 kb/s
2024-10-19 17:50:30,181 kb/s
2024-10-19 17:51:00,7.45 kb/s
2024-10-19 17:51:30,7.66 kb/s
2024-10-19 17:52:00,7.34 kb/s
2024-10-19 17:52:30,8.10 kb/s
2024-10-19 17:53:00,8.28 kb/s
2024-10-19 17:53:30,7.98 kb/s
2024-10-19 17:54:00,60.8 kb/s
2024-10-19 17:54:30,64.1 kb/s
2024-10-19 17:55:00,47.9 kb/s
2024-10-19 17:55:30,7.81 kb/s
2024-10-19 17:56:00,8.13 kb/s
2024-10-19 17:56:30,7.48 kb/s
2024-10-19 17:57:00,7.68 kb/s
2024-10-19 17:57:30,7.38 kb/s
2024-10-19 17:58:00,7.94 kb/s
2024-10-19 17:58:30,8.28 kb/s
2024-10-19 17:59:00,192 kb/s
2024-10-19 17:59:30,382 kb/s
2024-10-19 18:00:00,129 kb/s
2024-10-19 18:00:30,6.99 kb/s
2024-10-19 18:01:30,89.2 kb/s
2024-10-19 18:02:00,85.1 kb/s
2024-10-19 18:02:30,168 kb/s
2024-10-19 18:03:00,51.1 kb/s
2024-10-19 18:03:30,92.7 kb/s
2024-10-19 18:04:00,118 kb/s
2024-10-19 18:04:30,483 kb/s
2024-10-19 18:05:30,2.92 Mb/s
2024-10-19 18:06:00,367 kb/s
2024-10-19 18:06:30,32.8 kb/s
2024-10-19 18:07:00,10.8 kb/s
2024-10-19 18:07:30,6.78 kb/s
2024-10-19 18:08:00,57.4 kb/s
2024-10-19 18:08:30,431 kb/s
2024-10-19 18:09:00,915 kb/s
2024-10-19 18:09:30,277 kb/s
2024-10-19 18:10:00,256 kb/s
2024-10-19 18:10:30,156 kb/s
2024-10-19 18:11:00,14.7 kb/s
2024-10-19 18:11:30,6.86 kb/s
2024-10-19 18:12:00,6.53 kb/s
2024-10-19 18:12:30,6.61 kb/s
2024-10-19 18:13:00,30.7 kb/s
2024-10-19 18:13:30,352 kb/s
2024-10-19 18:14:00,330 kb/s
2024-10-19 18:14:30,455 kb/s
2024-10-19 18:15:00,511 kb/s
2024-10-19 18:15:30,137 kb/s
2024-10-19 18:16:00,127 kb/s
2024-10-19 18:16:30,13.7 kb/s
2024-10-19 18:17:00,9.74 kb/s
2024-10-19 18:17:30,7.65 kb/s
2024-10-19 18:18:00,82.6 kb/s
2024-10-19 18:18:30,86.7 kb/s
2024-10-19 18:19:00,11.1 kb/s
2024-10-19 18:19:30,8.12 kb/s
2024-10-19 18:20:00,8.23 kb/s
2024-10-19 18:20:30,7.83 kb/s
2024-10-19 18:21:30,53.2 kb/s
2024-10-19 18:22:00,7.15 kb/s
2024-10-19 18:22:30,8.04 kb/s
2024-10-19 18:23:00,9.96 kb/s
2024-10-19 18:23:30,9.12 kb/s
2024-10-19 18:24:00,6.51 kb/s
2024-10-19 18:24:30,6.46 kb/s
2024-10-19 18:25:30,1.01 Mb/s
2024-10-19 18:26:00,275 kb/s
2024-10-19 18:26:30,7.45 kb/s
2024-10-19 18:27:00,8.44 kb/s
2024-10-19 18:27:30,8.42 kb/s
2024-10-19 18:28:00,8.34 kb/s
2024-10-19 18:28:30,7.86 kb/s
2024-10-19 18:29:30,69.1 kb/s
2024-10-19 18:30:00,7.93 kb/s
2024-10-19 18:30:30,33.6 kb/s
2024-10-19 18:31:00,33.5 kb/s
2024-10-19 18:31:30,38.7 kb/s
2024-10-19 18:32:00,23.6 kb/s
2024-10-19 18:32:30,5.92 kb/s
2024-10-19 18:33:30,1.41 Mb/s
2024-10-19 18:34:00,213 kb/s
2024-10-19 18:34:30,303 kb/s
2024-10-19 18:35:00,324 kb/s
2024-10-19 18:35:30,322 kb/s
2024-10-19 18:36:00,108 kb/s
2024-10-19 18:36:30,213 kb/s
2024-10-19 18:37:30,1.59 Mb/s
2024-10-19 18:38:00,89.3 kb/s
2024-10-19 18:38:30,8.38 kb/s
2024-10-19 18:39:00,7.27 kb/s
2024-10-19 18:39:30,7.29 kb/s
2024-10-19 18:40:00,7.90 kb/s
2024-10-19 18:40:30,8.05 kb/s
2024-10-19 18:41:00,46.0 kb/s
2024-10-19 18:41:30,49.7 kb/s
2024-10-19 18:42:00,48.9 kb/s
2024-10-19 18:42:30,26.6 kb/s
2024-10-19 18:43:00,8.22 kb/s
2024-10-19 18:43:30,8.21 kb/s
2024-10-19 18:44:00,8.56 kb/s
2024-10-19 18:44:30,5.44 kb/s
2024-10-19 18:45:30,1.29 Mb/s
2024-10-19 18:46:00,345 kb/s
2024-10-19 18:46:30,463 kb/s
2024-10-19 18:47:00,130 kb/s
2024-10-19 18:47:30,68.7 kb/s
2024-10-19 18:48:00,7.62 kb/s
2024-10-19 18:48:30,4.91 kb/s
2024-10-19 18:49:30,433 kb/s
2024-10-19 18:50:00,179 kb/s
2024-10-19 18:50:30,93.3 kb/s
2024-10-19 18:51:00,6.71 kb/s
2024-10-19 18:51:30,13.1 kb/s
2024-10-19 18:52:00,202 kb/s
2024-10-19 18:52:30,321 kb/s
2024-10-19 18:53:00,670 kb/s
2024-10-19 18:53:30,191 kb/s
2024-10-19 18:54:00,166 kb/s
2024-10-19 18:54:30,79.3 kb/s
2024-10-19 18:55:00,31.5 kb/s
2024-10-19 18:55:30,38.5 kb/s
2024-10-19 18:56:00,36.7 kb/s
2024-10-19 18:56:30,8.27 kb/s
2024-10-19 18:57:30,64.7 kb/s
2024-10-19 18:58:00,8.18 kb/s
2024-10-19 18:58:30,32.5 kb/s
2024-10-19 18:59:00,36.9 kb/s
2024-10-19 18:59:30,7.27 kb/s
2024-10-19 19:00:00,8.13 kb/s
2024-10-19 19:00:30,6.52 kb/s
2024-10-19 19:01:30,388 kb/s
2024-10-19 19:02:00,423 kb/s
2024-10-19 19:02:30,236 kb/s
2024-10-19 19:03:00,9.57 kb/s
2024-10-19 19:03:30,8.03 kb/s
2024-10-19 19:04:00,6.70 kb/s
2024-10-19 19:04:30,9.37 kb/s
2024-10-19 19:05:00,33.5 kb/s
2024-10-19 19:05:30,9.90 kb/s
2024-10-19 19:06:00,165 kb/s
2024-10-19 19:06:30,298 kb/s
2024-10-19 19:07:00,292 kb/s
2024-10-19 19:07:30,220 kb/s
2024-10-19 19:08:00,37.7 kb/s
2024-10-19 19:08:30,8.63 kb/s
2024-10-19 19:09:00,6.97 kb/s
2024-10-19 19:09:30,8.22 kb/s
2024-10-19 19:10:00,7.33 kb/s
2024-10-19 19:10:30,7.45 kb/s
2024-10-19 19:11:00,6.96 kb/s
2024-10-19 19:11:30,185 kb/s
2024-10-19 19:12:00,423 kb/s
2024-10-19 19:12:30,6.89 kb/s
2024-10-19 19:13:00,9.54 kb/s
2024-10-19 19:13:30,8.22 kb/s
2024-10-19 19:14:00,6.51 kb/s
2024-10-19 19:14:30,8.23 kb/s
2024-10-19 19:15:00,9.14 kb/s
2024-10-19 19:15:30,8.58 kb/s
2024-10-19 19:16:00,8.27 kb/s
2024-10-19 19:16:30,18.1 kb/s
2024-10-19 19:17:30,1.82 Mb/s
2024-10-19 19:18:00,489 kb/s
2024-10-19 19:18:30,284 kb/s
2024-10-19 19:19:00,8.37 kb/s
2024-10-19 19:19:30,7.53 kb/s
2024-10-19 19:20:00,7.74 kb/s
2024-10-19 19:20:30,6.07 kb/s
2024-10-19 19:21:30,314 kb/s
2024-10-19 19:22:00,155 kb/s
2024-10-19 19:22:30,298 kb/s
2024-10-19 19:23:00,299 kb/s
2024-10-19 19:23:30,240 kb/s
2024-10-19 19:24:00,134 kb/s
2024-10-19 19:24:30,11.0 kb/s
2024-10-19 19:25:30,487 kb/s
2024-10-19 19:26:00,229 kb/s
2024-10-19 19:26:30,238 kb/s
2024-10-19 19:27:00,185 kb/s
2024-10-19 19:27:30,7.39 kb/s
2024-10-19 19:28:00,6.13 kb/s
2024-10-19 19:28:30,6.17 kb/s
2024-10-19 19:29:30,69.0 kb/s
2024-10-19 19:30:00,53.7 kb/s
2024-10-19 19:30:30,171 kb/s
2024-10-19 19:31:00,172 kb/s
2024-10-19 19:31:30,199 kb/s
2024-10-19 19:32:00,92.8 kb/s
2024-10-19 19:32:30,7.98 kb/s
2024-10-19 19:33:30,67.1 kb/s
2024-10-19 19:34:00,7.02 kb/s
2024-10-19 19:34:30,8.23 kb/s
2024-10-19 19:35:00,6.73 kb/s
2024-10-19 19:35:30,9.13 kb/s
2024-10-19 19:36:00,189 kb/s
2024-10-19 19:36:30,67.8 kb/s
2024-10-19 19:37:30,141 kb/s
2024-10-19 19:38:00,17.5 kb/s
2024-10-19 19:38:30,13.3 kb/s
2024-10-19 19:39:00,6.80 kb/s
2024-10-19 19:39:30,7.26 kb/s
2024-10-19 19:40:00,7.96 kb/s
2024-10-19 19:40:30,9.85 kb/s
2024-10-19 19:41:30,1.95 Mb/s
2024-10-19 19:42:00,81.4 kb/s
2024-10-19 19:42:30,110 kb/s
2024-10-19 19:43:00,164 kb/s
2024-10-19 19:43:30,122 kb/s
2024-10-19 19:44:00,142 kb/s
2024-10-19 19:44:30,141 kb/s
2024-10-19 19:45:30,2.76 Mb/s
2024-10-19 19:46:00,147 kb/s
2024-10-19 19:46:30,265 kb/s
2024-10-19 19:47:00,263 kb/s
2024-10-19 19:47:30,266 kb/s
2024-10-19 19:48:00,268 kb/s
2024-10-19 19:48:30,189 kb/s
2024-10-19 19:49:30,875 kb/s
2024-10-19 19:50:00,8.24 kb/s
2024-10-19 19:50:30,6.54 kb/s
2024-10-19 19:51:00,8.33 kb/s
2024-10-19 19:51:30,133 kb/s
2024-10-19 19:52:00,327 kb/s
2024-10-19 19:52:30,7.25 kb/s
2024-10-19 19:53:30,435 kb/s
2024-10-19 19:54:00,8.48 kb/s
2024-10-19 19:54:30,122 kb/s
2024-10-19 19:55:00,428 kb/s
2024-10-19 19:55:30,398 kb/s
2024-10-19 19:56:00,184 kb/s
2024-10-19 19:56:30,8.70 kb/s
2024-10-19 19:57:30,76.6 kb/s
2024-10-19 19:58:00,8.74 kb/s
2024-10-19 19:58:30,8.76 kb/s
2024-10-19 19:59:00,7.78 kb/s
2024-10-19 19:59:30,8.12 kb/s
2024-10-19 20:00:00,8.03 kb/s
2024-10-19 20:00:30,8.36 kb/s
2024-10-19 20:01:30,84.8 kb/s
2024-10-19 20:02:00,7.87 kb/s
2024-10-19 20:02:30,15.6 kb/s
2024-10-19 20:03:00,81.4 kb/s
2024-10-19 20:03:30,82.9 kb/s
2024-10-19 20:04:00,53.4 kb/s
2024-10-19 20:04:30,6.87 kb/s
2024-10-19 20:05:30,63.2 kb/s
2024-10-19 20:06:00,324 kb/s
2024-10-19 20:06:30,8.49 kb/s
2024-10-19 20:07:00,6.70 kb/s
2024-10-19 20:07:30,7.29 kb/s
2024-10-19 20:08:00,63.7 kb/s
2024-10-19 20:08:30,504 kb/s
2024-10-19 20:09:30,3.41 Mb/s
2024-10-19 20:10:00,163 kb/s
2024-10-19 20:10:30,11.0 kb/s
2024-10-19 20:11:00,72.1 kb/s
2024-10-19 20:11:30,240 kb/s
2024-10-19 20:12:00,88.2 kb/s
2024-10-19 20:12:30,8.57 kb/s
2024-10-19 20:13:00,27.0 kb/s
2024-10-19 20:13:30,167 kb/s
2024-10-19 20:14:00,174 kb/s
2024-10-19 20:14:30,26.5 kb/s
2024-10-19 20:15:00,9.24 kb/s
2024-10-19 20:15:30,7.90 kb/s
2024-10-19 20:16:00,7.97 kb/s
2024-10-19 20:16:30,25.9 kb/s
2024-10-19 20:17:30,191 kb/s
2024-10-19 20:18:00,162 kb/s
2024-10-19 20:18:30,234 kb/s
2024-10-19 20:19:00,8.24 kb/s
2024-10-19 20:19:30,7.66 kb/s
2024-10-19 20:20:00,8.01 kb/s
2024-10-19 20:20:30,6.87 kb/s
2024-10-19 20:21:30,560 kb/s
2024-10-19 20:21:59,5.69 kb/s