"Time","payload_data_details_rxBytes {Aptech=""wifi"", mac_address=""c8:3a:35:a0:05:fd""}"
2024-10-18 20:21:30,39.2 Mb/s
2024-10-18 20:22:00,24.2 Mb/s
2024-10-18 20:22:30,33.3 Mb/s
2024-10-18 20:23:00,50.9 Mb/s
2024-10-18 20:23:30,54.2 Mb/s
2024-10-18 20:24:00,72.5 Mb/s
2024-10-18 20:24:30,56.9 Mb/s
2024-10-18 20:25:30,48.9 Mb/s
2024-10-18 20:26:00,101 Mb/s
2024-10-18 20:26:30,23.1 Mb/s
2024-10-18 20:27:00,6.11 Mb/s
2024-10-18 20:27:30,99.8 Mb/s
2024-10-18 20:28:00,63.4 Mb/s
2024-10-18 20:28:30,6.38 Mb/s
2024-10-18 20:29:00,10.3 Mb/s
2024-10-18 20:29:30,10.3 Mb/s
2024-10-18 20:30:00,16.6 Mb/s
2024-10-18 20:30:30,86.9 Mb/s
2024-10-18 20:31:00,73.9 Mb/s
2024-10-18 20:31:30,54.2 Mb/s
2024-10-18 20:32:00,91.5 Mb/s
2024-10-18 20:32:30,48.2 Mb/s
2024-10-18 20:33:00,1.29 Mb/s
2024-10-18 20:33:30,1.31 Mb/s
2024-10-18 20:34:00,18.1 Mb/s
2024-10-18 20:34:30,32.2 Mb/s
2024-10-18 20:35:00,80.3 Mb/s
2024-10-18 20:35:30,21.0 Mb/s
2024-10-18 20:36:00,31.9 Mb/s
2024-10-18 20:36:30,42.1 Mb/s
2024-10-18 20:37:30,47.7 Mb/s
2024-10-18 20:38:00,58.4 Mb/s
2024-10-18 20:38:30,46.7 Mb/s
2024-10-18 20:39:00,25.6 Mb/s
2024-10-18 20:39:30,57.8 Mb/s
2024-10-18 20:40:00,57.2 Mb/s
2024-10-18 20:40:30,56.4 Mb/s
2024-10-18 20:41:00,6.59 Mb/s
2024-10-18 20:41:30,46.9 Mb/s
2024-10-18 20:42:00,47.9 Mb/s
2024-10-18 20:42:30,30.6 Mb/s
2024-10-18 20:43:00,22.2 Mb/s
2024-10-18 20:43:30,22.1 Mb/s
2024-10-18 20:44:00,22.1 Mb/s
2024-10-18 20:44:30,15.4 Mb/s
2024-10-18 20:45:00,8.69 Mb/s
2024-10-18 20:45:30,11.3 Mb/s
2024-10-18 20:46:00,10.2 Mb/s
2024-10-18 20:46:30,10.3 Mb/s
2024-10-18 20:47:00,3.06 Mb/s
2024-10-18 20:47:30,15.9 Mb/s
2024-10-18 20:48:00,16.2 Mb/s
2024-10-18 20:48:30,15.8 Mb/s
2024-10-18 20:49:30,119 Mb/s
2024-10-18 20:50:00,21.2 Mb/s
2024-10-18 20:50:30,6.63 Mb/s
2024-10-18 20:51:00,6.74 Mb/s
2024-10-18 20:51:30,28.7 Mb/s
2024-10-18 20:52:00,73.5 Mb/s
2024-10-18 20:52:30,73.3 Mb/s
2024-10-18 20:53:00,66.3 Mb/s
2024-10-18 20:53:30,39.8 Mb/s
2024-10-18 20:54:00,23.9 Mb/s
2024-10-18 20:54:30,23.9 Mb/s
2024-10-18 20:55:00,23.9 Mb/s
2024-10-18 20:55:30,13.0 Mb/s
2024-10-18 20:56:00,19.7 Mb/s
2024-10-18 20:56:30,47.0 Mb/s
2024-10-18 20:57:00,83.9 Mb/s
2024-10-18 20:57:30,47.0 Mb/s
2024-10-18 20:58:00,31.0 Mb/s
2024-10-18 20:58:30,5.02 Mb/s
2024-10-18 20:59:00,10.9 Mb/s
2024-10-18 20:59:30,71.6 Mb/s
2024-10-18 21:00:00,23.5 Mb/s
2024-10-18 21:00:30,47.6 Mb/s
2024-10-18 21:01:00,65.2 Mb/s
2024-10-18 21:01:30,78.3 Mb/s
2024-10-18 21:02:00,5.77 Mb/s
2024-10-18 21:02:30,12.2 Mb/s
2024-10-18 21:03:00,28.6 Mb/s
2024-10-18 21:03:30,36.4 Mb/s
2024-10-18 21:04:00,39.2 Mb/s
2024-10-18 21:04:30,523 kb/s
2024-10-18 21:05:00,1.01 Mb/s
2024-10-18 21:05:30,55.8 Mb/s
2024-10-18 21:06:00,68.2 Mb/s
2024-10-18 21:06:30,54.1 Mb/s
2024-10-18 21:07:00,67.7 Mb/s
2024-10-18 21:07:30,89.8 Mb/s
2024-10-18 21:08:00,100 Mb/s
2024-10-18 21:08:30,6.15 Mb/s
2024-10-18 21:09:00,168 kb/s
2024-10-18 21:09:30,161 kb/s
2024-10-18 21:10:00,15.9 Mb/s
2024-10-18 21:10:30,17.9 Mb/s
2024-10-18 21:11:00,17.9 Mb/s
2024-10-18 21:11:30,14.3 Mb/s
2024-10-18 21:12:00,29.4 Mb/s
2024-10-18 21:12:30,29.3 Mb/s
2024-10-18 21:13:00,56.1 Mb/s
2024-10-18 21:13:30,79.3 Mb/s
2024-10-18 21:14:00,78.5 Mb/s
2024-10-18 21:14:30,49.1 Mb/s
2024-10-18 21:15:00,48.9 Mb/s
2024-10-18 21:15:30,71.7 Mb/s
2024-10-18 21:16:00,57.8 Mb/s
2024-10-18 21:16:30,33.6 Mb/s
2024-10-18 21:17:00,93.4 Mb/s
2024-10-18 21:17:30,37.6 Mb/s
2024-10-18 21:18:00,63.8 Mb/s
2024-10-18 21:18:30,74.9 Mb/s
2024-10-18 21:19:00,36.8 Mb/s
2024-10-18 21:19:30,74.3 Mb/s
2024-10-18 21:20:00,26.4 Mb/s
2024-10-18 21:20:30,437 kb/s
2024-10-18 21:21:00,535 kb/s
2024-10-18 21:21:30,435 kb/s
2024-10-18 21:22:00,8.19 Mb/s
2024-10-18 21:22:30,21.6 Mb/s
2024-10-18 21:23:00,49.7 Mb/s
2024-10-18 21:23:30,48.5 Mb/s
2024-10-18 21:24:00,68.4 Mb/s
2024-10-18 21:24:30,69.2 Mb/s
2024-10-18 21:25:30,2.26 Mb/s
2024-10-18 21:26:00,17.5 Mb/s
2024-10-18 21:26:30,70.2 Mb/s
2024-10-18 21:27:00,53.6 Mb/s
2024-10-18 21:27:30,41.8 Mb/s
2024-10-18 21:28:00,67.6 Mb/s
2024-10-18 21:28:30,38.2 Mb/s
2024-10-18 21:29:00,53.7 Mb/s
2024-10-18 21:29:30,64.1 Mb/s
2024-10-18 21:30:00,47.8 Mb/s
2024-10-18 21:30:30,27.7 Mb/s
2024-10-18 21:31:00,77.4 Mb/s
2024-10-18 21:31:30,64.4 Mb/s
2024-10-18 21:32:00,43.1 Mb/s
2024-10-18 21:32:30,17.1 Mb/s
2024-10-18 21:33:00,41.4 Mb/s
2024-10-18 21:33:30,47.3 Mb/s
2024-10-18 21:34:00,48.7 Mb/s
2024-10-18 21:34:30,17.2 Mb/s
2024-10-18 21:35:00,59.7 Mb/s
2024-10-18 21:35:30,23.7 Mb/s
2024-10-18 21:36:00,29.8 Mb/s
2024-10-18 21:36:30,40.3 Mb/s
2024-10-18 21:37:00,56.2 Mb/s
2024-10-18 21:37:30,100 Mb/s
2024-10-18 21:38:00,55.3 Mb/s
2024-10-18 21:38:30,74.6 Mb/s
2024-10-18 21:39:00,1.43 Mb/s
2024-10-18 21:39:30,7.51 Mb/s
2024-10-18 21:40:00,19.4 Mb/s
2024-10-18 21:40:30,19.7 Mb/s
2024-10-18 21:41:00,2.32 Mb/s
2024-10-18 21:41:30,486 kb/s
2024-10-18 21:42:00,19.5 Mb/s
2024-10-18 21:42:30,21.3 Mb/s
2024-10-18 21:43:00,25.3 Mb/s
2024-10-18 21:43:30,31.9 Mb/s
2024-10-18 21:44:00,9.83 Mb/s
2024-10-18 21:44:30,632 kb/s
2024-10-18 21:45:00,65.9 Mb/s
2024-10-18 21:45:30,47.4 Mb/s
2024-10-18 21:46:00,33.6 Mb/s
2024-10-18 21:46:30,40.3 Mb/s
2024-10-18 21:47:00,46.7 Mb/s
2024-10-18 21:47:30,24.7 Mb/s
2024-10-18 21:48:00,32.1 Mb/s
2024-10-18 21:48:30,54.8 Mb/s
2024-10-18 21:49:00,58.1 Mb/s
2024-10-18 21:49:30,56.0 Mb/s
2024-10-18 21:50:00,58.3 Mb/s
2024-10-18 21:50:30,47.9 Mb/s
2024-10-18 21:51:00,54.1 Mb/s
2024-10-18 21:51:30,92.0 Mb/s
2024-10-18 21:52:00,92.2 Mb/s
2024-10-18 21:52:30,93.2 Mb/s
2024-10-18 21:53:00,13.9 Mb/s
2024-10-18 21:53:30,42.7 Mb/s
2024-10-18 21:54:00,47.9 Mb/s
2024-10-18 21:54:30,37.5 Mb/s
2024-10-18 21:55:00,75.9 Mb/s
2024-10-18 21:55:30,87.7 Mb/s
2024-10-18 21:56:00,1.05 Mb/s
2024-10-18 21:56:30,1.25 Mb/s
2024-10-18 21:57:00,130 Mb/s
2024-10-18 21:57:30,81.3 Mb/s
2024-10-18 21:58:00,33.5 Mb/s
2024-10-18 21:58:30,26.8 Mb/s
2024-10-18 21:59:00,36.7 Mb/s
2024-10-18 21:59:30,71.1 Mb/s
2024-10-18 22:00:00,58.6 Mb/s
2024-10-18 22:00:30,26.4 Mb/s
2024-10-18 22:01:00,34.6 Mb/s
2024-10-18 22:01:30,53.4 Mb/s
2024-10-18 22:02:00,69.1 Mb/s
2024-10-18 22:02:30,98.2 Mb/s
2024-10-18 22:03:00,11.4 Mb/s
2024-10-18 22:03:30,164 kb/s
2024-10-18 22:04:00,7.19 Mb/s
2024-10-18 22:04:30,16.0 Mb/s
2024-10-18 22:05:00,18.4 Mb/s
2024-10-18 22:05:30,16.1 Mb/s
2024-10-18 22:06:00,7.70 Mb/s
2024-10-18 22:06:30,45.3 Mb/s
2024-10-18 22:07:00,76.2 Mb/s
2024-10-18 22:07:30,58.5 Mb/s
2024-10-18 22:08:00,11.2 Mb/s
2024-10-18 22:08:30,82.6 Mb/s
2024-10-18 22:09:00,24.6 Mb/s
2024-10-18 22:09:30,19.3 Mb/s
2024-10-18 22:10:00,28.8 Mb/s
2024-10-18 22:10:30,20.0 Mb/s
2024-10-18 22:11:00,25.3 Mb/s
2024-10-18 22:11:30,66.6 Mb/s
2024-10-18 22:12:00,73.9 Mb/s
2024-10-18 22:12:30,73.3 Mb/s
2024-10-18 22:13:00,26.2 Mb/s
2024-10-18 22:13:30,42.5 Mb/s
2024-10-18 22:14:00,55.1 Mb/s
2024-10-18 22:14:30,27.1 Mb/s
2024-10-18 22:15:00,64.0 Mb/s
2024-10-18 22:15:30,50.8 Mb/s
2024-10-18 22:16:00,39.2 Mb/s
2024-10-18 22:16:30,637 kb/s
2024-10-18 22:17:00,5.11 Mb/s
2024-10-18 22:17:30,7.08 Mb/s
2024-10-18 22:18:00,7.49 Mb/s
2024-10-18 22:18:30,12.5 Mb/s
2024-10-18 22:19:00,6.49 Mb/s
2024-10-18 22:19:30,26.1 Mb/s
2024-10-18 22:20:00,49.3 Mb/s
2024-10-18 22:20:30,24.5 Mb/s
2024-10-18 22:21:30,598 kb/s
2024-10-18 22:22:00,15.1 Mb/s
2024-10-18 22:22:30,4.01 Mb/s
2024-10-18 22:23:00,157 kb/s
2024-10-18 22:23:30,8.48 Mb/s
2024-10-18 22:24:00,17.4 Mb/s
2024-10-18 22:24:30,13.8 Mb/s
2024-10-18 22:25:00,75.2 Mb/s
2024-10-18 22:25:30,40.5 Mb/s
2024-10-18 22:26:00,20.5 Mb/s
2024-10-18 22:26:30,13.4 Mb/s
2024-10-18 22:27:00,16.3 Mb/s
2024-10-18 22:27:30,16.5 Mb/s
2024-10-18 22:28:00,18.8 Mb/s
2024-10-18 22:28:30,40.4 Mb/s
2024-10-18 22:29:00,6.16 Mb/s
2024-10-18 22:29:30,3.41 Mb/s
2024-10-18 22:30:00,158 kb/s
2024-10-18 22:30:30,167 kb/s
2024-10-18 22:31:00,161 kb/s
2024-10-18 22:31:30,22.5 Mb/s
2024-10-18 22:32:00,52.5 Mb/s
2024-10-18 22:32:30,22.1 Mb/s
2024-10-18 22:33:00,259 kb/s
2024-10-18 22:33:30,4.22 Mb/s
2024-10-18 22:34:00,41.5 Mb/s
2024-10-18 22:34:30,14.2 Mb/s
2024-10-18 22:35:00,40.3 Mb/s
2024-10-18 22:35:30,45.4 Mb/s
2024-10-18 22:36:00,11.2 Mb/s
2024-10-18 22:36:30,45.2 Mb/s
2024-10-18 22:37:00,65.4 Mb/s
2024-10-18 22:37:30,48.7 Mb/s
2024-10-18 22:38:00,1.70 Mb/s
2024-10-18 22:38:30,166 kb/s
2024-10-18 22:39:00,6.62 Mb/s
2024-10-18 22:39:30,7.72 Mb/s
2024-10-18 22:40:00,3.22 Mb/s
2024-10-18 22:40:30,25.4 Mb/s
2024-10-18 22:41:00,161 kb/s
2024-10-18 22:41:30,1.50 Mb/s
2024-10-18 22:42:00,7.48 Mb/s
2024-10-18 22:42:30,7.47 Mb/s
2024-10-18 22:43:00,7.47 Mb/s
2024-10-18 22:43:30,4.35 Mb/s
2024-10-18 22:44:00,4.42 Mb/s
2024-10-18 22:44:30,8.84 Mb/s
2024-10-18 22:45:00,42.9 Mb/s
2024-10-18 22:45:30,42.2 Mb/s
2024-10-18 22:46:00,79.1 Mb/s
2024-10-18 22:46:30,89.0 Mb/s
2024-10-18 22:47:00,85.3 Mb/s
2024-10-18 22:47:30,58.8 Mb/s
2024-10-18 22:48:00,51.5 Mb/s
2024-10-18 22:48:30,40.7 Mb/s
2024-10-18 22:49:30,52.2 Mb/s
2024-10-18 22:50:00,43.1 Mb/s
2024-10-18 22:50:30,24.6 Mb/s
2024-10-18 22:51:00,75.7 Mb/s
2024-10-18 22:51:30,59.5 Mb/s
2024-10-18 22:52:00,26.3 Mb/s
2024-10-18 22:52:30,16.0 Mb/s
2024-10-18 22:53:00,29.2 Mb/s
2024-10-18 22:53:30,99.8 Mb/s
2024-10-18 22:54:00,80.8 Mb/s
2024-10-18 22:54:30,57.3 Mb/s
2024-10-18 22:55:00,161 kb/s
2024-10-18 22:55:30,32.4 Mb/s
2024-10-18 22:56:00,11.4 Mb/s
2024-10-18 22:56:30,17.3 Mb/s
2024-10-18 22:57:00,54.0 Mb/s
2024-10-18 22:57:30,22.0 Mb/s
2024-10-18 22:58:00,21.8 Mb/s
2024-10-18 22:58:30,9.82 Mb/s
2024-10-18 22:59:00,69.1 Mb/s
2024-10-18 22:59:30,43.8 Mb/s
2024-10-18 23:00:00,21.3 Mb/s
2024-10-18 23:00:30,32.8 Mb/s
2024-10-18 23:01:30,32.8 Mb/s
2024-10-18 23:02:00,16.0 Mb/s
2024-10-18 23:02:30,52.2 Mb/s
2024-10-18 23:03:00,8.20 Mb/s
2024-10-18 23:03:30,16.8 Mb/s
2024-10-18 23:04:00,32.5 Mb/s
2024-10-18 23:04:30,37.2 Mb/s
2024-10-18 23:05:00,37.6 Mb/s
2024-10-18 23:05:30,60.1 Mb/s
2024-10-18 23:06:00,22.9 Mb/s
2024-10-18 23:06:30,8.14 Mb/s
2024-10-18 23:07:00,56.6 Mb/s
2024-10-18 23:07:30,45.3 Mb/s
2024-10-18 23:08:00,8.58 Mb/s
2024-10-18 23:08:30,21.0 Mb/s
2024-10-18 23:09:00,21.1 Mb/s
2024-10-18 23:09:30,21.1 Mb/s
2024-10-18 23:10:00,54.7 Mb/s
2024-10-18 23:10:30,9.42 Mb/s
2024-10-18 23:11:00,161 kb/s
2024-10-18 23:11:30,32.5 Mb/s
2024-10-18 23:12:00,32.6 Mb/s
2024-10-18 23:12:30,100 Mb/s
2024-10-18 23:13:00,101 Mb/s
2024-10-18 23:13:30,24.0 Mb/s
2024-10-18 23:14:00,77.3 Mb/s
2024-10-18 23:14:30,98.4 Mb/s
2024-10-18 23:15:00,98.5 Mb/s
2024-10-18 23:15:30,52.2 Mb/s
2024-10-18 23:16:00,13.2 Mb/s
2024-10-18 23:16:30,19.1 Mb/s
2024-10-18 23:17:00,715 kb/s
2024-10-18 23:17:30,684 kb/s
2024-10-18 23:18:00,482 kb/s
2024-10-18 23:18:30,556 kb/s
2024-10-18 23:19:00,5.30 Mb/s
2024-10-18 23:19:30,53.7 Mb/s
2024-10-18 23:20:00,64.5 Mb/s
2024-10-18 23:20:30,14.4 Mb/s
2024-10-18 23:21:00,87.8 Mb/s
2024-10-18 23:21:30,68.0 Mb/s
2024-10-18 23:22:00,56.3 Mb/s
2024-10-18 23:22:30,14.7 Mb/s
2024-10-18 23:23:00,43.1 Mb/s
2024-10-18 23:23:30,43.5 Mb/s
2024-10-18 23:24:00,44.7 Mb/s
2024-10-18 23:24:30,23.0 Mb/s
2024-10-18 23:25:00,1.93 Mb/s
2024-10-18 23:25:30,727 kb/s
2024-10-18 23:26:00,794 kb/s
2024-10-18 23:26:30,32.0 Mb/s
2024-10-18 23:27:00,82.1 Mb/s
2024-10-18 23:27:30,83.1 Mb/s
2024-10-18 23:28:00,64.4 Mb/s
2024-10-18 23:28:30,80.3 Mb/s
2024-10-18 23:29:00,79.8 Mb/s
2024-10-18 23:29:30,59.2 Mb/s
2024-10-18 23:30:00,5.72 Mb/s
2024-10-18 23:30:30,27.2 Mb/s
2024-10-18 23:31:00,24.2 Mb/s
2024-10-18 23:31:30,3.25 Mb/s
2024-10-18 23:32:00,35.8 Mb/s
2024-10-18 23:32:30,17.1 Mb/s
2024-10-18 23:33:00,76.4 Mb/s
2024-10-18 23:33:30,88.2 Mb/s
2024-10-18 23:34:00,62.8 Mb/s
2024-10-18 23:34:30,13.0 Mb/s
2024-10-18 23:35:00,79.6 Mb/s
2024-10-18 23:35:30,79.5 Mb/s
2024-10-18 23:36:00,42.7 Mb/s
2024-10-18 23:36:30,97.2 Mb/s
2024-10-18 23:37:00,5.44 Mb/s
2024-10-18 23:37:30,8.96 Mb/s
2024-10-18 23:38:00,8.53 Mb/s
2024-10-18 23:38:30,8.67 Mb/s
2024-10-18 23:39:00,5.18 Mb/s
2024-10-18 23:39:30,45.5 Mb/s
2024-10-18 23:40:00,57.7 Mb/s
2024-10-18 23:40:30,55.2 Mb/s
2024-10-18 23:41:00,35.0 Mb/s
2024-10-18 23:41:30,664 kb/s
2024-10-18 23:42:00,163 kb/s
2024-10-18 23:42:30,50.1 Mb/s
2024-10-18 23:43:00,87.1 Mb/s
2024-10-18 23:43:30,87.5 Mb/s
2024-10-18 23:44:00,36.2 Mb/s
2024-10-18 23:44:30,13.3 Mb/s
2024-10-18 23:45:00,3.19 Mb/s
2024-10-18 23:45:30,4.52 Mb/s
2024-10-18 23:46:00,4.51 Mb/s
2024-10-18 23:46:30,24.8 Mb/s
2024-10-18 23:47:00,7.63 Mb/s
2024-10-18 23:47:30,14.2 Mb/s
2024-10-18 23:48:00,14.2 Mb/s
2024-10-18 23:48:30,14.2 Mb/s
2024-10-18 23:49:00,6.46 Mb/s
2024-10-18 23:49:30,13.0 Mb/s
2024-10-18 23:50:00,42.1 Mb/s
2024-10-18 23:50:30,52.5 Mb/s
2024-10-18 23:51:00,23.9 Mb/s
2024-10-18 23:51:30,82.1 Mb/s
2024-10-18 23:52:00,21.4 Mb/s
2024-10-18 23:52:30,3.91 Mb/s
2024-10-18 23:53:00,3.79 Mb/s
2024-10-18 23:53:30,3.40 Mb/s
2024-10-18 23:54:00,10.2 Mb/s
2024-10-18 23:54:30,42.9 Mb/s
2024-10-18 23:55:00,1.15 Mb/s
2024-10-18 23:55:30,161 kb/s
2024-10-18 23:56:00,3.78 Mb/s
2024-10-18 23:56:30,19.9 Mb/s
2024-10-18 23:57:00,29.0 Mb/s
2024-10-18 23:57:30,14.4 Mb/s
2024-10-18 23:58:00,41.9 Mb/s
2024-10-18 23:58:30,46.6 Mb/s
2024-10-18 23:59:00,27.3 Mb/s
2024-10-18 23:59:30,28.6 Mb/s
2024-10-19 00:00:00,19.3 Mb/s
2024-10-19 00:00:30,50.0 Mb/s
2024-10-19 00:01:00,6.17 Mb/s
2024-10-19 00:01:30,28.8 Mb/s
2024-10-19 00:02:00,19.3 Mb/s
2024-10-19 00:02:30,51.9 Mb/s
2024-10-19 00:03:00,32.9 Mb/s
2024-10-19 00:03:30,39.7 Mb/s
2024-10-19 00:04:00,105 Mb/s
2024-10-19 00:04:30,105 Mb/s
2024-10-19 00:05:00,106 Mb/s
2024-10-19 00:05:30,10.8 Mb/s
2024-10-19 00:06:00,45.6 Mb/s
2024-10-19 00:06:30,45.1 Mb/s
2024-10-19 00:07:00,45.1 Mb/s
2024-10-19 00:07:30,14.7 Mb/s
2024-10-19 00:08:00,50.2 Mb/s
2024-10-19 00:08:30,54.7 Mb/s
2024-10-19 00:09:00,36.4 Mb/s
2024-10-19 00:09:30,33.8 Mb/s
2024-10-19 00:10:00,41.2 Mb/s
2024-10-19 00:10:30,39.9 Mb/s
2024-10-19 00:11:00,7.29 Mb/s
2024-10-19 00:11:30,29.7 Mb/s
2024-10-19 00:12:00,1.54 Mb/s
2024-10-19 00:12:30,157 kb/s
2024-10-19 00:13:00,47.3 Mb/s
2024-10-19 00:13:30,11.4 Mb/s
2024-10-19 00:14:00,65.0 Mb/s
2024-10-19 00:14:30,71.0 Mb/s
2024-10-19 00:15:00,90.4 Mb/s
2024-10-19 00:15:30,73.0 Mb/s
2024-10-19 00:16:00,5.97 Mb/s
2024-10-19 00:16:30,14.4 Mb/s
2024-10-19 00:17:30,13.8 Mb/s
2024-10-19 00:18:00,18.6 Mb/s
2024-10-19 00:18:30,46.3 Mb/s
2024-10-19 00:19:00,13.9 Mb/s
2024-10-19 00:19:30,47.4 Mb/s
2024-10-19 00:20:00,22.3 Mb/s
2024-10-19 00:20:30,21.8 Mb/s
2024-10-19 00:21:00,21.9 Mb/s
2024-10-19 00:21:30,35.6 Mb/s
2024-10-19 00:22:00,35.7 Mb/s
2024-10-19 00:22:30,16.9 Mb/s
2024-10-19 00:23:00,18.4 Mb/s
2024-10-19 00:23:30,18.3 Mb/s
2024-10-19 00:24:00,13.7 Mb/s
2024-10-19 00:24:30,1.89 Mb/s
2024-10-19 00:25:00,21.9 Mb/s
2024-10-19 00:25:30,82.8 Mb/s
2024-10-19 00:26:00,50.2 Mb/s
2024-10-19 00:26:30,44.3 Mb/s
2024-10-19 00:27:00,30.6 Mb/s
2024-10-19 00:27:30,60.1 Mb/s
2024-10-19 00:28:00,63.2 Mb/s
2024-10-19 00:28:30,58.7 Mb/s
2024-10-19 00:29:00,34.3 Mb/s
2024-10-19 00:29:30,83.3 Mb/s
2024-10-19 00:30:00,26.4 Mb/s
2024-10-19 00:30:30,22.7 Mb/s
2024-10-19 00:31:00,53.6 Mb/s
2024-10-19 00:31:30,39.5 Mb/s
2024-10-19 00:32:00,37.5 Mb/s
2024-10-19 00:32:30,162 kb/s
2024-10-19 00:33:00,720 kb/s
2024-10-19 00:33:30,9.82 Mb/s
2024-10-19 00:34:00,15.8 Mb/s
2024-10-19 00:34:30,15.8 Mb/s
2024-10-19 00:35:00,15.8 Mb/s
2024-10-19 00:35:30,2.34 Mb/s
2024-10-19 00:36:00,59.2 Mb/s
2024-10-19 00:36:30,59.8 Mb/s
2024-10-19 00:37:30,17.3 Mb/s
2024-10-19 00:38:00,47.3 Mb/s
2024-10-19 00:38:30,67.2 Mb/s
2024-10-19 00:39:00,14.9 Mb/s
2024-10-19 00:39:30,16.1 Mb/s
2024-10-19 00:40:00,5.06 Mb/s
2024-10-19 00:40:30,424 kb/s
2024-10-19 00:41:00,533 kb/s
2024-10-19 00:41:30,45.0 Mb/s
2024-10-19 00:42:00,221 kb/s
2024-10-19 00:42:30,163 kb/s
2024-10-19 00:43:00,161 kb/s
2024-10-19 00:43:30,52.5 Mb/s
2024-10-19 00:44:00,50.6 Mb/s
2024-10-19 00:44:30,55.0 Mb/s
2024-10-19 00:45:00,99.6 Mb/s
2024-10-19 00:45:30,99.5 Mb/s
2024-10-19 00:46:00,99.5 Mb/s
2024-10-19 00:46:30,6.90 Mb/s
2024-10-19 00:47:00,164 kb/s
2024-10-19 00:47:30,1.31 Mb/s
2024-10-19 00:48:00,103 Mb/s
2024-10-19 00:48:30,102 Mb/s
2024-10-19 00:49:00,89.4 Mb/s
2024-10-19 00:49:30,1.26 Mb/s
2024-10-19 00:50:00,418 kb/s
2024-10-19 00:50:30,62.9 Mb/s
2024-10-19 00:51:00,80.0 Mb/s
2024-10-19 00:51:30,40.4 Mb/s
2024-10-19 00:52:00,72.4 Mb/s
2024-10-19 00:52:30,81.4 Mb/s
2024-10-19 00:53:00,70.8 Mb/s
2024-10-19 00:53:30,36.0 Mb/s
2024-10-19 00:54:00,35.9 Mb/s
2024-10-19 00:54:30,36.6 Mb/s
2024-10-19 00:55:00,28.1 Mb/s
2024-10-19 00:55:30,47.8 Mb/s
2024-10-19 00:56:00,84.2 Mb/s
2024-10-19 00:56:30,83.9 Mb/s
2024-10-19 00:57:30,13.4 Mb/s
2024-10-19 00:58:00,62.7 Mb/s
2024-10-19 00:58:30,32.4 Mb/s
2024-10-19 00:59:00,20.0 Mb/s
2024-10-19 00:59:30,40.2 Mb/s
2024-10-19 01:00:00,40.1 Mb/s
2024-10-19 01:00:30,10.3 Mb/s
2024-10-19 01:01:00,16.3 Mb/s
2024-10-19 01:01:30,4.66 Mb/s
2024-10-19 01:02:00,21.4 Mb/s
2024-10-19 01:02:30,28.1 Mb/s
2024-10-19 01:03:00,7.50 Mb/s
2024-10-19 01:03:30,27.8 Mb/s
2024-10-19 01:04:00,24.7 Mb/s
2024-10-19 01:04:30,25.4 Mb/s
2024-10-19 01:05:30,7.94 Mb/s
2024-10-19 01:06:00,40.6 Mb/s
2024-10-19 01:06:30,16.8 Mb/s
2024-10-19 01:07:00,33.6 Mb/s
2024-10-19 01:07:30,40.3 Mb/s
2024-10-19 01:08:00,29.5 Mb/s
2024-10-19 01:08:30,27.2 Mb/s
2024-10-19 01:09:00,43.5 Mb/s
2024-10-19 01:09:30,43.4 Mb/s
2024-10-19 01:10:00,43.5 Mb/s
2024-10-19 01:10:30,30.5 Mb/s
2024-10-19 01:11:00,100 Mb/s
2024-10-19 01:11:30,21.3 Mb/s
2024-10-19 01:12:00,13.1 Mb/s
2024-10-19 01:12:30,25.0 Mb/s
2024-10-19 01:13:00,115 Mb/s
2024-10-19 01:13:30,74.3 Mb/s
2024-10-19 01:14:00,79.1 Mb/s
2024-10-19 01:14:30,13.8 Mb/s
2024-10-19 01:15:00,161 kb/s
2024-10-19 01:15:30,64.6 Mb/s
2024-10-19 01:16:00,33.7 Mb/s
2024-10-19 01:16:30,30.5 Mb/s
2024-10-19 01:17:30,10.7 Mb/s
2024-10-19 01:18:00,29.7 Mb/s
2024-10-19 01:18:30,43.4 Mb/s
2024-10-19 01:19:00,43.5 Mb/s
2024-10-19 01:19:30,39.0 Mb/s
2024-10-19 01:20:00,22.3 Mb/s
2024-10-19 01:20:30,48.1 Mb/s
2024-10-19 01:21:30,50.9 Mb/s
2024-10-19 01:22:00,92.8 Mb/s
2024-10-19 01:22:30,92.9 Mb/s
2024-10-19 01:23:00,40.6 Mb/s
2024-10-19 01:23:30,49.5 Mb/s
2024-10-19 01:24:00,11.8 Mb/s
2024-10-19 01:24:30,29.5 Mb/s
2024-10-19 01:25:30,29.3 Mb/s
2024-10-19 01:26:00,30.4 Mb/s
2024-10-19 01:26:30,95.3 Mb/s
2024-10-19 01:27:00,8.08 Mb/s
2024-10-19 01:27:30,166 kb/s
2024-10-19 01:28:00,30.0 Mb/s
2024-10-19 01:28:30,34.7 Mb/s
2024-10-19 01:29:00,19.3 Mb/s
2024-10-19 01:29:30,46.0 Mb/s
2024-10-19 01:30:00,53.1 Mb/s
2024-10-19 01:30:30,25.6 Mb/s
2024-10-19 01:31:00,34.5 Mb/s
2024-10-19 01:31:30,54.5 Mb/s
2024-10-19 01:32:00,57.6 Mb/s
2024-10-19 01:32:30,59.1 Mb/s
2024-10-19 01:33:30,9.33 Mb/s
2024-10-19 01:34:00,4.75 Mb/s
2024-10-19 01:34:30,4.58 Mb/s
2024-10-19 01:35:00,4.41 Mb/s
2024-10-19 01:35:30,667 kb/s
2024-10-19 01:36:00,12.7 Mb/s
2024-10-19 01:36:30,53.9 Mb/s
2024-10-19 01:37:00,66.7 Mb/s
2024-10-19 01:37:30,8.86 Mb/s
2024-10-19 01:38:00,95.7 Mb/s
2024-10-19 01:38:30,95.4 Mb/s
2024-10-19 01:39:00,95.2 Mb/s
2024-10-19 01:39:30,82.1 Mb/s
2024-10-19 01:40:00,3.51 Mb/s
2024-10-19 01:40:30,31.1 Mb/s
2024-10-19 01:41:00,97.4 Mb/s
2024-10-19 01:41:30,97.3 Mb/s
2024-10-19 01:42:00,81.1 Mb/s
2024-10-19 01:42:30,22.6 Mb/s
2024-10-19 01:43:00,34.7 Mb/s
2024-10-19 01:43:30,30.7 Mb/s
2024-10-19 01:44:00,31.7 Mb/s
2024-10-19 01:44:30,1.12 Mb/s
2024-10-19 01:45:00,45.1 Mb/s
2024-10-19 01:45:30,10.1 Mb/s
2024-10-19 01:46:00,3.05 Mb/s
2024-10-19 01:46:30,3.29 Mb/s
2024-10-19 01:47:00,1.92 Mb/s
2024-10-19 01:47:30,167 kb/s
2024-10-19 01:48:00,162 kb/s
2024-10-19 01:48:30,49.2 Mb/s
2024-10-19 01:49:00,59.5 Mb/s
2024-10-19 01:49:30,8.83 Mb/s
2024-10-19 01:50:00,46.8 Mb/s
2024-10-19 01:50:30,43.9 Mb/s
2024-10-19 01:51:00,33.0 Mb/s
2024-10-19 01:51:30,66.6 Mb/s
2024-10-19 01:52:00,2.47 Mb/s
2024-10-19 01:52:30,159 kb/s
2024-10-19 01:53:00,50.7 Mb/s
2024-10-19 01:53:30,28.7 Mb/s
2024-10-19 01:54:00,11.3 Mb/s
2024-10-19 01:54:30,15.9 Mb/s
2024-10-19 01:55:00,15.0 Mb/s
2024-10-19 01:55:30,43.7 Mb/s
2024-10-19 01:56:00,83.5 Mb/s
2024-10-19 01:56:30,79.4 Mb/s
2024-10-19 01:57:30,24.6 Mb/s
2024-10-19 01:58:00,18.6 Mb/s
2024-10-19 01:58:30,18.0 Mb/s
2024-10-19 01:59:00,13.4 Mb/s
2024-10-19 01:59:30,60.9 Mb/s
2024-10-19 02:00:00,94.5 Mb/s
2024-10-19 02:00:30,94.2 Mb/s
2024-10-19 02:01:00,57.2 Mb/s
2024-10-19 02:01:30,71.6 Mb/s
2024-10-19 02:02:00,9.42 Mb/s
2024-10-19 02:02:30,21.9 Mb/s
2024-10-19 02:03:00,13.7 Mb/s
2024-10-19 02:03:30,40.1 Mb/s
2024-10-19 02:04:00,71.9 Mb/s
2024-10-19 02:04:30,72.0 Mb/s
2024-10-19 02:05:30,14.9 Mb/s
2024-10-19 02:06:00,29.4 Mb/s
2024-10-19 02:06:30,161 kb/s
2024-10-19 02:07:00,161 kb/s
2024-10-19 02:07:30,79.4 Mb/s
2024-10-19 02:08:00,105 Mb/s
2024-10-19 02:08:30,50.8 Mb/s
2024-10-19 02:09:00,7.80 Mb/s
2024-10-19 02:09:30,7.30 Mb/s
2024-10-19 02:10:00,1.49 Mb/s
2024-10-19 02:10:30,168 kb/s
2024-10-19 02:11:00,632 kb/s
2024-10-19 02:11:30,7.87 Mb/s
2024-10-19 02:12:00,8.18 Mb/s
2024-10-19 02:12:30,9.32 Mb/s
2024-10-19 02:13:00,58.1 Mb/s
2024-10-19 02:13:30,57.6 Mb/s
2024-10-19 02:14:00,57.8 Mb/s
2024-10-19 02:14:30,41.5 Mb/s
2024-10-19 02:15:00,160 kb/s
2024-10-19 02:15:30,166 kb/s
2024-10-19 02:16:00,162 kb/s
2024-10-19 02:16:30,19.3 Mb/s
2024-10-19 02:17:00,26.0 Mb/s
2024-10-19 02:17:30,22.1 Mb/s
2024-10-19 02:18:00,64.7 Mb/s
2024-10-19 02:18:30,16.7 Mb/s
2024-10-19 02:19:00,5.57 Mb/s
2024-10-19 02:19:30,5.72 Mb/s
2024-10-19 02:20:00,4.15 Mb/s
2024-10-19 02:20:30,9.25 Mb/s
2024-10-19 02:21:00,9.50 Mb/s
2024-10-19 02:21:30,1000 kb/s
2024-10-19 02:22:00,166 kb/s
2024-10-19 02:22:30,25.7 Mb/s
2024-10-19 02:23:00,77.2 Mb/s
2024-10-19 02:23:30,24.8 Mb/s
2024-10-19 02:24:00,34.7 Mb/s
2024-10-19 02:24:30,27.9 Mb/s
2024-10-19 02:25:30,75.3 Mb/s
2024-10-19 02:26:00,76.4 Mb/s
2024-10-19 02:26:30,76.3 Mb/s
2024-10-19 02:27:00,7.10 Mb/s
2024-10-19 02:27:30,162 kb/s
2024-10-19 02:28:00,17.4 Mb/s
2024-10-19 02:28:30,24.7 Mb/s
2024-10-19 02:29:30,3.69 Mb/s
2024-10-19 02:30:00,655 kb/s
2024-10-19 02:30:30,12.5 Mb/s
2024-10-19 02:31:00,36.2 Mb/s
2024-10-19 02:31:30,43.8 Mb/s
2024-10-19 02:32:00,100 Mb/s
2024-10-19 02:32:30,47.1 Mb/s
2024-10-19 02:33:00,6.88 Mb/s
2024-10-19 02:33:30,6.05 Mb/s
2024-10-19 02:34:00,6.45 Mb/s
2024-10-19 02:34:30,39.0 Mb/s
2024-10-19 02:35:00,66.4 Mb/s
2024-10-19 02:35:30,37.0 Mb/s
2024-10-19 02:36:00,26.3 Mb/s
2024-10-19 02:36:30,10.7 Mb/s
2024-10-19 02:37:00,31.2 Mb/s
2024-10-19 02:37:30,16.8 Mb/s
2024-10-19 02:38:00,11.6 Mb/s
2024-10-19 02:38:30,82.7 Mb/s
2024-10-19 02:39:00,82.7 Mb/s
2024-10-19 02:39:30,79.3 Mb/s
2024-10-19 02:40:00,161 kb/s
2024-10-19 02:40:30,161 kb/s
2024-10-19 02:41:00,30.7 Mb/s
2024-10-19 02:41:30,25.0 Mb/s
2024-10-19 02:42:00,2.29 Mb/s
2024-10-19 02:42:30,2.78 Mb/s
2024-10-19 02:43:00,2.26 Mb/s
2024-10-19 02:43:30,1.75 Mb/s
2024-10-19 02:44:00,15.7 Mb/s
2024-10-19 02:44:30,53.7 Mb/s
2024-10-19 02:45:00,29.6 Mb/s
2024-10-19 02:45:30,13.3 Mb/s
2024-10-19 02:46:00,25.6 Mb/s
2024-10-19 02:46:30,44.0 Mb/s
2024-10-19 02:47:00,64.4 Mb/s
2024-10-19 02:47:30,7.45 Mb/s
2024-10-19 02:48:00,21.1 Mb/s
2024-10-19 02:48:30,21.0 Mb/s
2024-10-19 02:49:30,1.01 Mb/s
2024-10-19 02:50:00,162 kb/s
2024-10-19 02:50:30,30.4 Mb/s
2024-10-19 02:51:00,49.6 Mb/s
2024-10-19 02:51:30,49.3 Mb/s
2024-10-19 02:52:00,47.1 Mb/s
2024-10-19 02:52:30,11.0 Mb/s
2024-10-19 02:53:00,16.7 Mb/s
2024-10-19 02:53:30,50.6 Mb/s
2024-10-19 02:54:00,80.5 Mb/s
2024-10-19 02:54:30,79.6 Mb/s
2024-10-19 02:55:00,56.0 Mb/s
2024-10-19 02:55:30,64.6 Mb/s
2024-10-19 02:56:00,1.39 Mb/s
2024-10-19 02:56:30,826 kb/s
2024-10-19 02:57:00,19.9 Mb/s
2024-10-19 02:57:30,58.9 Mb/s
2024-10-19 02:58:00,43.5 Mb/s
2024-10-19 02:58:30,30.4 Mb/s
2024-10-19 02:59:00,1.95 Mb/s
2024-10-19 02:59:30,162 kb/s
2024-10-19 03:00:00,161 kb/s
2024-10-19 03:00:30,162 kb/s
2024-10-19 03:01:00,166 kb/s
2024-10-19 03:01:30,21.4 Mb/s
2024-10-19 03:02:00,17.3 Mb/s
2024-10-19 03:02:30,30.2 Mb/s
2024-10-19 03:03:00,36.6 Mb/s
2024-10-19 03:03:30,44.5 Mb/s
2024-10-19 03:04:00,52.4 Mb/s
2024-10-19 03:04:30,52.5 Mb/s
2024-10-19 03:05:30,2.59 Mb/s
2024-10-19 03:06:00,232 kb/s
2024-10-19 03:06:30,503 kb/s
2024-10-19 03:07:00,162 kb/s
2024-10-19 03:07:30,13.9 Mb/s
2024-10-19 03:08:00,30.6 Mb/s
2024-10-19 03:08:30,18.3 Mb/s
2024-10-19 03:09:30,18.7 Mb/s
2024-10-19 03:10:00,17.3 Mb/s
2024-10-19 03:10:30,3.35 Mb/s
2024-10-19 03:11:00,45.6 Mb/s
2024-10-19 03:11:30,17.0 Mb/s
2024-10-19 03:12:00,82.7 Mb/s
2024-10-19 03:12:30,81.8 Mb/s
2024-10-19 03:13:00,18.9 Mb/s
2024-10-19 03:13:30,34.3 Mb/s
2024-10-19 03:14:00,28.3 Mb/s
2024-10-19 03:14:30,53.7 Mb/s
2024-10-19 03:15:00,36.4 Mb/s
2024-10-19 03:15:30,15.2 Mb/s
2024-10-19 03:16:00,64.9 Mb/s
2024-10-19 03:16:30,53.7 Mb/s
2024-10-19 03:17:00,25.1 Mb/s
2024-10-19 03:17:30,47.2 Mb/s
2024-10-19 03:18:00,49.2 Mb/s
2024-10-19 03:18:30,29.7 Mb/s
2024-10-19 03:19:00,14.7 Mb/s
2024-10-19 03:19:30,22.0 Mb/s
2024-10-19 03:20:00,1.40 Mb/s
2024-10-19 03:20:30,87.0 Mb/s
2024-10-19 03:21:00,54.6 Mb/s
2024-10-19 03:21:30,14.8 Mb/s
2024-10-19 03:22:00,162 kb/s
2024-10-19 03:22:30,161 kb/s
2024-10-19 03:23:00,7.28 Mb/s
2024-10-19 03:23:30,4.27 Mb/s
2024-10-19 03:24:00,613 kb/s
2024-10-19 03:24:30,27.5 Mb/s
2024-10-19 03:25:00,57.5 Mb/s
2024-10-19 03:25:30,57.7 Mb/s
2024-10-19 03:26:00,57.6 Mb/s
2024-10-19 03:26:30,38.3 Mb/s
2024-10-19 03:27:00,71.7 Mb/s
2024-10-19 03:27:30,59.2 Mb/s
2024-10-19 03:28:00,41.0 Mb/s
2024-10-19 03:28:30,7.08 Mb/s
2024-10-19 03:29:00,620 kb/s
2024-10-19 03:29:30,400 kb/s
2024-10-19 03:30:00,161 kb/s
2024-10-19 03:30:30,55.2 Mb/s
2024-10-19 03:31:00,36.7 Mb/s
2024-10-19 03:31:30,50.0 Mb/s
2024-10-19 03:32:00,21.5 Mb/s
2024-10-19 03:32:30,42.4 Mb/s
2024-10-19 03:33:00,42.0 Mb/s
2024-10-19 03:33:30,37.7 Mb/s
2024-10-19 03:34:00,6.58 Mb/s
2024-10-19 03:34:30,65.2 Mb/s
2024-10-19 03:35:00,78.4 Mb/s
2024-10-19 03:35:30,93.4 Mb/s
2024-10-19 03:36:00,43.6 Mb/s
2024-10-19 03:36:30,44.4 Mb/s
2024-10-19 03:37:00,10.4 Mb/s
2024-10-19 03:37:30,65.3 Mb/s
2024-10-19 03:38:00,22.3 Mb/s
2024-10-19 03:38:30,10.0 Mb/s
2024-10-19 03:39:00,16.9 Mb/s
2024-10-19 03:39:30,16.9 Mb/s
2024-10-19 03:40:00,12.2 Mb/s
2024-10-19 03:40:30,23.0 Mb/s
2024-10-19 03:41:30,60.2 Mb/s
2024-10-19 03:42:00,72.1 Mb/s
2024-10-19 03:42:30,5.82 Mb/s
2024-10-19 03:43:00,11.7 Mb/s
2024-10-19 03:43:30,10.4 Mb/s
2024-10-19 03:44:00,30.7 Mb/s
2024-10-19 03:44:30,6.22 Mb/s
2024-10-19 03:45:00,27.6 Mb/s
2024-10-19 03:45:30,26.4 Mb/s
2024-10-19 03:46:00,161 kb/s
2024-10-19 03:46:30,161 kb/s
2024-10-19 03:47:00,29.7 Mb/s
2024-10-19 03:47:30,84.6 Mb/s
2024-10-19 03:48:00,43.4 Mb/s
2024-10-19 03:48:30,30.1 Mb/s
2024-10-19 03:49:00,40.7 Mb/s
2024-10-19 03:49:30,26.4 Mb/s
2024-10-19 03:50:00,32.2 Mb/s
2024-10-19 03:50:30,66.3 Mb/s
2024-10-19 03:51:00,80.4 Mb/s
2024-10-19 03:51:30,68.2 Mb/s
2024-10-19 03:52:00,7.53 Mb/s
2024-10-19 03:52:30,31.7 Mb/s
2024-10-19 03:53:00,41.4 Mb/s
2024-10-19 03:53:30,31.6 Mb/s
2024-10-19 03:54:00,16.6 Mb/s
2024-10-19 03:54:30,48.2 Mb/s
2024-10-19 03:55:00,58.7 Mb/s
2024-10-19 03:55:30,11.5 Mb/s
2024-10-19 03:56:00,21.0 Mb/s
2024-10-19 03:56:30,20.1 Mb/s
2024-10-19 03:57:00,12.3 Mb/s
2024-10-19 03:57:30,2.83 Mb/s
2024-10-19 03:58:00,696 kb/s
2024-10-19 03:58:30,2.37 Mb/s
2024-10-19 03:59:00,25.3 Mb/s
2024-10-19 03:59:30,29.4 Mb/s
2024-10-19 04:00:00,26.1 Mb/s
2024-10-19 04:00:30,26.2 Mb/s
2024-10-19 04:01:00,1.64 Mb/s
2024-10-19 04:01:30,17.9 Mb/s
2024-10-19 04:02:00,19.0 Mb/s
2024-10-19 04:02:30,6.79 Mb/s
2024-10-19 04:03:00,447 kb/s
2024-10-19 04:03:30,56.8 Mb/s
2024-10-19 04:04:00,67.5 Mb/s
2024-10-19 04:04:30,67.2 Mb/s
2024-10-19 04:05:00,5.44 Mb/s
2024-10-19 04:05:30,298 kb/s
2024-10-19 04:06:00,68.3 Mb/s
2024-10-19 04:06:30,24.5 Mb/s
2024-10-19 04:07:00,9.66 Mb/s
2024-10-19 04:07:30,90.7 Mb/s
2024-10-19 04:08:00,86.0 Mb/s
2024-10-19 04:08:30,97.0 Mb/s
2024-10-19 04:09:00,53.4 Mb/s
2024-10-19 04:09:30,75.6 Mb/s
2024-10-19 04:10:00,89.1 Mb/s
2024-10-19 04:10:30,35.5 Mb/s
2024-10-19 04:11:00,15.9 Mb/s
2024-10-19 04:11:30,166 kb/s
2024-10-19 04:12:00,12.3 Mb/s
2024-10-19 04:12:30,65.1 Mb/s
2024-10-19 04:13:30,18.5 Mb/s
2024-10-19 04:14:00,17.1 Mb/s
2024-10-19 04:14:30,88.4 Mb/s
2024-10-19 04:15:00,74.2 Mb/s
2024-10-19 04:15:30,62.8 Mb/s
2024-10-19 04:16:00,11.3 Mb/s
2024-10-19 04:16:30,87.8 Mb/s
2024-10-19 04:17:00,87.8 Mb/s
2024-10-19 04:17:30,41.6 Mb/s
2024-10-19 04:18:00,55.3 Mb/s
2024-10-19 04:18:30,56.9 Mb/s
2024-10-19 04:19:00,102 Mb/s
2024-10-19 04:19:30,102 Mb/s
2024-10-19 04:20:00,75.2 Mb/s
2024-10-19 04:20:30,193 kb/s
2024-10-19 04:21:00,9.04 Mb/s
2024-10-19 04:21:30,9.01 Mb/s
2024-10-19 04:22:00,53.8 Mb/s
2024-10-19 04:22:30,63.6 Mb/s
2024-10-19 04:23:00,59.7 Mb/s
2024-10-19 04:23:30,39.4 Mb/s
2024-10-19 04:24:00,43.4 Mb/s
2024-10-19 04:24:30,44.2 Mb/s
2024-10-19 04:25:00,29.7 Mb/s
2024-10-19 04:25:30,52.8 Mb/s
2024-10-19 04:26:00,71.7 Mb/s
2024-10-19 04:26:30,71.8 Mb/s
2024-10-19 04:27:00,30.4 Mb/s
2024-10-19 04:27:30,36.2 Mb/s
2024-10-19 04:28:00,57.3 Mb/s
2024-10-19 04:28:30,56.3 Mb/s
2024-10-19 04:29:30,42.8 Mb/s
2024-10-19 04:30:00,47.4 Mb/s
2024-10-19 04:30:30,21.7 Mb/s
2024-10-19 04:31:00,42.0 Mb/s
2024-10-19 04:31:30,37.2 Mb/s
2024-10-19 04:32:00,9.23 Mb/s
2024-10-19 04:32:30,3.29 Mb/s
2024-10-19 04:33:00,725 kb/s
2024-10-19 04:33:30,42.8 Mb/s
2024-10-19 04:34:00,46.1 Mb/s
2024-10-19 04:34:30,27.7 Mb/s
2024-10-19 04:35:00,46.1 Mb/s
2024-10-19 04:35:30,46.1 Mb/s
2024-10-19 04:36:00,34.1 Mb/s
2024-10-19 04:36:30,266 kb/s
2024-10-19 04:37:30,53.1 Mb/s
2024-10-19 04:38:00,76.7 Mb/s
2024-10-19 04:38:30,66.9 Mb/s
2024-10-19 04:39:00,21.6 Mb/s
2024-10-19 04:39:30,20.0 Mb/s
2024-10-19 04:40:00,28.3 Mb/s
2024-10-19 04:40:30,28.0 Mb/s
2024-10-19 04:41:00,74.5 Mb/s
2024-10-19 04:41:30,62.6 Mb/s
2024-10-19 04:42:00,37.7 Mb/s
2024-10-19 04:42:30,39.6 Mb/s
2024-10-19 04:43:00,54.7 Mb/s
2024-10-19 04:43:30,18.2 Mb/s
2024-10-19 04:44:00,15.2 Mb/s
2024-10-19 04:44:30,14.0 Mb/s
2024-10-19 04:45:00,58.1 Mb/s
2024-10-19 04:45:30,68.2 Mb/s
2024-10-19 04:46:00,18.6 Mb/s
2024-10-19 04:46:30,12.6 Mb/s
2024-10-19 04:47:00,22.3 Mb/s
2024-10-19 04:47:30,37.5 Mb/s
2024-10-19 04:48:00,37.0 Mb/s
2024-10-19 04:48:30,36.1 Mb/s
2024-10-19 04:49:30,17.8 Mb/s
2024-10-19 04:50:00,22.7 Mb/s
2024-10-19 04:50:30,44.4 Mb/s
2024-10-19 04:51:00,30.1 Mb/s
2024-10-19 04:51:30,12.7 Mb/s
2024-10-19 04:52:00,53.9 Mb/s
2024-10-19 04:52:30,86.4 Mb/s
2024-10-19 04:53:30,23.0 Mb/s
2024-10-19 04:54:00,16.5 Mb/s
2024-10-19 04:54:30,11.0 Mb/s
2024-10-19 04:55:00,14.7 Mb/s
2024-10-19 04:55:30,40.8 Mb/s
2024-10-19 04:56:00,75.0 Mb/s
2024-10-19 04:56:30,21.5 Mb/s
2024-10-19 04:57:00,62.3 Mb/s
2024-10-19 04:57:30,43.9 Mb/s
2024-10-19 04:58:00,20.0 Mb/s
2024-10-19 04:58:30,52.6 Mb/s
2024-10-19 04:59:00,74.4 Mb/s
2024-10-19 04:59:30,73.5 Mb/s
2024-10-19 05:00:00,73.5 Mb/s
2024-10-19 05:00:30,51.5 Mb/s
2024-10-19 05:01:00,9.41 Mb/s
2024-10-19 05:01:30,27.9 Mb/s
2024-10-19 05:02:00,18.1 Mb/s
2024-10-19 05:02:30,6.50 Mb/s
2024-10-19 05:03:00,10.1 Mb/s
2024-10-19 05:03:30,9.70 Mb/s
2024-10-19 05:04:00,6.12 Mb/s
2024-10-19 05:04:30,24.8 Mb/s
2024-10-19 05:05:00,15.2 Mb/s
2024-10-19 05:05:30,27.0 Mb/s
2024-10-19 05:06:00,31.4 Mb/s
2024-10-19 05:06:30,31.5 Mb/s
2024-10-19 05:07:00,15.3 Mb/s
2024-10-19 05:07:30,7.54 Mb/s
2024-10-19 05:08:00,48.9 Mb/s
2024-10-19 05:08:30,89.2 Mb/s
2024-10-19 05:09:00,69.5 Mb/s
2024-10-19 05:09:30,31.7 Mb/s
2024-10-19 05:10:00,70.3 Mb/s
2024-10-19 05:10:30,70.7 Mb/s
2024-10-19 05:11:00,61.6 Mb/s
2024-10-19 05:11:30,76.7 Mb/s
2024-10-19 05:12:00,29.7 Mb/s
2024-10-19 05:12:30,55.3 Mb/s
2024-10-19 05:13:00,101 Mb/s
2024-10-19 05:13:30,68.5 Mb/s
2024-10-19 05:14:00,33.0 Mb/s
2024-10-19 05:14:30,65.2 Mb/s
2024-10-19 05:15:00,67.7 Mb/s
2024-10-19 05:15:30,28.6 Mb/s
2024-10-19 05:16:00,30.7 Mb/s
2024-10-19 05:16:30,84.6 Mb/s
2024-10-19 05:17:30,40.6 Mb/s
2024-10-19 05:18:00,73.3 Mb/s
2024-10-19 05:18:30,73.3 Mb/s
2024-10-19 05:19:00,64.1 Mb/s
2024-10-19 05:19:30,17.4 Mb/s
2024-10-19 05:20:00,32.6 Mb/s
2024-10-19 05:20:30,6.00 Mb/s
2024-10-19 05:21:30,5.53 Mb/s
2024-10-19 05:22:00,68.6 Mb/s
2024-10-19 05:22:30,72.4 Mb/s
2024-10-19 05:23:00,41.2 Mb/s
2024-10-19 05:23:30,83.8 Mb/s
2024-10-19 05:24:00,83.9 Mb/s
2024-10-19 05:24:30,76.4 Mb/s
2024-10-19 05:25:30,90.7 Mb/s
2024-10-19 05:26:00,83.0 Mb/s
2024-10-19 05:26:30,83.8 Mb/s
2024-10-19 05:27:00,32.0 Mb/s
2024-10-19 05:27:30,2.94 Mb/s
2024-10-19 05:28:00,3.25 Mb/s
2024-10-19 05:28:30,3.28 Mb/s
2024-10-19 05:29:00,64.6 Mb/s
2024-10-19 05:29:30,71.2 Mb/s
2024-10-19 05:30:00,71.2 Mb/s
2024-10-19 05:30:30,39.8 Mb/s
2024-10-19 05:31:00,49.2 Mb/s
2024-10-19 05:31:30,49.3 Mb/s
2024-10-19 05:32:00,31.5 Mb/s
2024-10-19 05:32:30,74.1 Mb/s
2024-10-19 05:33:00,46.8 Mb/s
2024-10-19 05:33:30,32.4 Mb/s
2024-10-19 05:34:00,23.6 Mb/s
2024-10-19 05:34:30,46.5 Mb/s
2024-10-19 05:35:00,76.4 Mb/s
2024-10-19 05:35:30,76.1 Mb/s
2024-10-19 05:36:00,45.3 Mb/s
2024-10-19 05:36:30,88.0 Mb/s
2024-10-19 05:37:00,98.4 Mb/s
2024-10-19 05:37:30,13.6 Mb/s
2024-10-19 05:38:00,14.1 Mb/s
2024-10-19 05:38:30,13.7 Mb/s
2024-10-19 05:39:00,10.5 Mb/s
2024-10-19 05:39:30,14.3 Mb/s
2024-10-19 05:40:00,26.9 Mb/s
2024-10-19 05:40:30,19.0 Mb/s
2024-10-19 05:41:00,71.8 Mb/s
2024-10-19 05:41:30,31.4 Mb/s
2024-10-19 05:42:00,79.3 Mb/s
2024-10-19 05:42:30,13.1 Mb/s
2024-10-19 05:43:00,88.4 Mb/s
2024-10-19 05:43:30,103 Mb/s
2024-10-19 05:44:00,103 Mb/s
2024-10-19 05:44:30,54.5 Mb/s
2024-10-19 05:45:00,21.1 Mb/s
2024-10-19 05:45:30,12.3 Mb/s
2024-10-19 05:46:00,47.4 Mb/s
2024-10-19 05:46:30,79.2 Mb/s
2024-10-19 05:47:00,39.7 Mb/s
2024-10-19 05:47:30,54.7 Mb/s
2024-10-19 05:48:00,21.3 Mb/s
2024-10-19 05:48:30,870 kb/s
2024-10-19 05:49:00,39.2 Mb/s
2024-10-19 05:49:30,23.1 Mb/s
2024-10-19 05:50:00,72.1 Mb/s
2024-10-19 05:50:30,39.5 Mb/s
2024-10-19 05:51:00,59.2 Mb/s
2024-10-19 05:51:30,68.4 Mb/s
2024-10-19 05:52:00,103 Mb/s
2024-10-19 05:52:30,103 Mb/s
2024-10-19 05:53:00,103 Mb/s
2024-10-19 05:53:30,37.2 Mb/s
2024-10-19 05:54:00,55.3 Mb/s
2024-10-19 05:54:30,48.5 Mb/s
2024-10-19 05:55:00,31.7 Mb/s
2024-10-19 05:55:30,15.9 Mb/s
2024-10-19 05:56:00,56.5 Mb/s
2024-10-19 05:56:30,11.9 Mb/s
2024-10-19 05:57:00,4.78 Mb/s
2024-10-19 05:57:30,2.23 Mb/s
2024-10-19 05:58:00,82.6 Mb/s
2024-10-19 05:58:30,41.4 Mb/s
2024-10-19 05:59:00,162 kb/s
2024-10-19 05:59:30,167 kb/s
2024-10-19 06:00:00,1.07 Mb/s
2024-10-19 06:00:30,602 kb/s
2024-10-19 06:01:30,750 kb/s
2024-10-19 06:02:00,1.06 Mb/s
2024-10-19 06:02:30,47.2 Mb/s
2024-10-19 06:03:00,40.1 Mb/s
2024-10-19 06:03:30,59.6 Mb/s
2024-10-19 06:04:00,57.3 Mb/s
2024-10-19 06:04:30,29.4 Mb/s
2024-10-19 06:05:00,33.0 Mb/s
2024-10-19 06:05:30,7.82 Mb/s
2024-10-19 06:06:00,9.24 Mb/s
2024-10-19 06:06:30,8.68 Mb/s
2024-10-19 06:07:00,6.82 Mb/s
2024-10-19 06:07:30,7.33 Mb/s
2024-10-19 06:08:00,23.2 Mb/s
2024-10-19 06:08:30,36.9 Mb/s
2024-10-19 06:09:00,29.6 Mb/s
2024-10-19 06:09:30,7.51 Mb/s
2024-10-19 06:10:00,36.8 Mb/s
2024-10-19 06:10:30,5.32 Mb/s
2024-10-19 06:11:00,50.5 Mb/s
2024-10-19 06:11:30,26.5 Mb/s
2024-10-19 06:12:00,24.4 Mb/s
2024-10-19 06:12:30,29.9 Mb/s
2024-10-19 06:13:00,29.7 Mb/s
2024-10-19 06:13:30,18.8 Mb/s
2024-10-19 06:14:00,85.3 Mb/s
2024-10-19 06:14:30,84.6 Mb/s
2024-10-19 06:15:00,50.9 Mb/s
2024-10-19 06:15:30,46.8 Mb/s
2024-10-19 06:16:00,63.8 Mb/s
2024-10-19 06:16:30,53.9 Mb/s
2024-10-19 06:17:00,51.7 Mb/s
2024-10-19 06:17:30,54.7 Mb/s
2024-10-19 06:18:00,72.9 Mb/s
2024-10-19 06:18:30,39.3 Mb/s
2024-10-19 06:19:00,13.8 Mb/s
2024-10-19 06:19:30,20.7 Mb/s
2024-10-19 06:20:00,20.6 Mb/s
2024-10-19 06:20:30,18.8 Mb/s
2024-10-19 06:21:30,11.5 Mb/s
2024-10-19 06:22:00,36.0 Mb/s
2024-10-19 06:22:30,69.1 Mb/s
2024-10-19 06:23:00,69.2 Mb/s
2024-10-19 06:23:30,69.2 Mb/s
2024-10-19 06:24:00,26.2 Mb/s
2024-10-19 06:24:30,52.2 Mb/s
2024-10-19 06:25:30,1.18 Mb/s
2024-10-19 06:26:00,21.1 Mb/s
2024-10-19 06:26:30,33.4 Mb/s
2024-10-19 06:27:00,4.13 Mb/s
2024-10-19 06:27:30,11.6 Mb/s
2024-10-19 06:28:00,23.6 Mb/s
2024-10-19 06:28:30,5.40 Mb/s
2024-10-19 06:29:30,81.5 Mb/s
2024-10-19 06:30:00,93.3 Mb/s
2024-10-19 06:30:30,92.7 Mb/s
2024-10-19 06:31:00,44.3 Mb/s
2024-10-19 06:31:30,35.2 Mb/s
2024-10-19 06:32:00,64.7 Mb/s
2024-10-19 06:32:30,34.7 Mb/s
2024-10-19 06:33:00,78.1 Mb/s
2024-10-19 06:33:30,67.5 Mb/s
2024-10-19 06:34:00,67.3 Mb/s
2024-10-19 06:34:30,6.17 Mb/s
2024-10-19 06:35:00,1.35 Mb/s
2024-10-19 06:35:30,16.5 Mb/s
2024-10-19 06:36:00,46.4 Mb/s
2024-10-19 06:36:30,45.9 Mb/s
2024-10-19 06:37:00,8.79 Mb/s
2024-10-19 06:37:30,435 kb/s
2024-10-19 06:38:00,2.67 Mb/s
2024-10-19 06:38:30,51.7 Mb/s
2024-10-19 06:39:00,47.5 Mb/s
2024-10-19 06:39:30,55.4 Mb/s
2024-10-19 06:40:00,28.1 Mb/s
2024-10-19 06:40:30,57.8 Mb/s
2024-10-19 06:41:30,14.9 Mb/s
2024-10-19 06:42:00,13.7 Mb/s
2024-10-19 06:42:30,7.94 Mb/s
2024-10-19 06:43:00,16.6 Mb/s
2024-10-19 06:43:30,15.9 Mb/s
2024-10-19 06:44:00,22.8 Mb/s
2024-10-19 06:44:30,22.9 Mb/s
2024-10-19 06:45:30,4.77 Mb/s
2024-10-19 06:46:00,83.0 Mb/s
2024-10-19 06:46:30,105 Mb/s
2024-10-19 06:47:00,64.6 Mb/s
2024-10-19 06:47:30,39.5 Mb/s
2024-10-19 06:48:00,17.5 Mb/s
2024-10-19 06:48:30,35.7 Mb/s
2024-10-19 06:49:30,3.93 Mb/s
2024-10-19 06:50:00,73.0 Mb/s
2024-10-19 06:50:30,3.96 Mb/s
2024-10-19 06:51:00,10.9 Mb/s
2024-10-19 06:51:30,11.0 Mb/s
2024-10-19 06:52:00,11.0 Mb/s
2024-10-19 06:52:30,7.94 Mb/s
2024-10-19 06:53:30,104 Mb/s
2024-10-19 06:54:00,105 Mb/s
2024-10-19 06:54:30,41.1 Mb/s
2024-10-19 06:55:00,35.2 Mb/s
2024-10-19 06:55:30,49.3 Mb/s
2024-10-19 06:56:00,8.98 Mb/s
2024-10-19 06:56:30,60.7 Mb/s
2024-10-19 06:57:00,60.8 Mb/s
2024-10-19 06:57:30,60.7 Mb/s
2024-10-19 06:58:00,31.1 Mb/s
2024-10-19 06:58:30,23.9 Mb/s
2024-10-19 06:59:00,35.1 Mb/s
2024-10-19 06:59:30,35.2 Mb/s
2024-10-19 07:00:00,28.7 Mb/s
2024-10-19 07:00:30,39.9 Mb/s
2024-10-19 07:01:00,39.8 Mb/s
2024-10-19 07:01:30,33.8 Mb/s
2024-10-19 07:02:00,34.3 Mb/s
2024-10-19 07:02:30,26.7 Mb/s
2024-10-19 07:03:00,167 kb/s
2024-10-19 07:03:30,8.97 Mb/s
2024-10-19 07:04:00,18.5 Mb/s
2024-10-19 07:04:30,20.7 Mb/s
2024-10-19 07:05:00,62.8 Mb/s
2024-10-19 07:05:30,353 kb/s
2024-10-19 07:06:00,31.6 Mb/s
2024-10-19 07:06:30,105 Mb/s
2024-10-19 07:07:00,103 Mb/s
2024-10-19 07:07:30,51.8 Mb/s
2024-10-19 07:08:00,40.6 Mb/s
2024-10-19 07:08:30,19.7 Mb/s
2024-10-19 07:09:00,3.71 Mb/s
2024-10-19 07:09:30,2.27 Mb/s
2024-10-19 07:10:00,2.48 Mb/s
2024-10-19 07:10:30,13.3 Mb/s
2024-10-19 07:11:00,37.0 Mb/s
2024-10-19 07:11:30,28.8 Mb/s
2024-10-19 07:12:00,19.2 Mb/s
2024-10-19 07:12:30,69.7 Mb/s
2024-10-19 07:13:30,64.7 Mb/s
2024-10-19 07:14:00,816 kb/s
2024-10-19 07:14:30,9.91 Mb/s
2024-10-19 07:15:00,10.3 Mb/s
2024-10-19 07:15:30,5.31 Mb/s
2024-10-19 07:16:00,32.6 Mb/s
2024-10-19 07:16:30,20.8 Mb/s
2024-10-19 07:17:00,38.9 Mb/s
2024-10-19 07:17:30,38.8 Mb/s
2024-10-19 07:18:00,38.8 Mb/s
2024-10-19 07:18:30,19.2 Mb/s
2024-10-19 07:19:00,43.9 Mb/s
2024-10-19 07:19:30,43.8 Mb/s
2024-10-19 07:20:00,43.5 Mb/s
2024-10-19 07:20:30,31.5 Mb/s
2024-10-19 07:21:00,157 kb/s
2024-10-19 07:21:30,14.2 Mb/s
2024-10-19 07:22:00,99.6 Mb/s
2024-10-19 07:22:30,88.7 Mb/s
2024-10-19 07:23:00,162 kb/s
2024-10-19 07:23:30,19.3 Mb/s
2024-10-19 07:24:00,20.7 Mb/s
2024-10-19 07:24:30,6.85 Mb/s
2024-10-19 07:25:00,29.5 Mb/s
2024-10-19 07:25:30,41.5 Mb/s
2024-10-19 07:26:00,29.5 Mb/s
2024-10-19 07:26:30,9.26 Mb/s
2024-10-19 07:27:00,18.6 Mb/s
2024-10-19 07:27:30,18.5 Mb/s
2024-10-19 07:28:00,27.4 Mb/s
2024-10-19 07:28:30,57.5 Mb/s
2024-10-19 07:29:30,69.7 Mb/s
2024-10-19 07:30:00,39.5 Mb/s
2024-10-19 07:30:30,83.3 Mb/s
2024-10-19 07:31:00,83.3 Mb/s
2024-10-19 07:31:30,65.9 Mb/s
2024-10-19 07:32:00,26.5 Mb/s
2024-10-19 07:32:30,34.9 Mb/s
2024-10-19 07:33:00,5.28 Mb/s
2024-10-19 07:33:30,5.59 Mb/s
2024-10-19 07:34:00,5.14 Mb/s
2024-10-19 07:34:30,7.87 Mb/s
2024-10-19 07:35:00,11.1 Mb/s
2024-10-19 07:35:30,12.6 Mb/s
2024-10-19 07:36:00,36.4 Mb/s
2024-10-19 07:36:30,36.2 Mb/s
2024-10-19 07:37:30,26.9 Mb/s
2024-10-19 07:38:00,27.3 Mb/s
2024-10-19 07:38:30,23.1 Mb/s
2024-10-19 07:39:00,52.0 Mb/s
2024-10-19 07:39:30,83.5 Mb/s
2024-10-19 07:40:00,26.3 Mb/s
2024-10-19 07:40:30,170 kb/s
2024-10-19 07:41:30,8.86 Mb/s
2024-10-19 07:42:00,8.79 Mb/s
2024-10-19 07:42:30,8.62 Mb/s
2024-10-19 07:43:00,6.45 Mb/s
2024-10-19 07:43:30,76.2 Mb/s
2024-10-19 07:44:00,34.2 Mb/s
2024-10-19 07:44:30,83.5 Mb/s
2024-10-19 07:45:00,64.0 Mb/s
2024-10-19 07:45:30,67.5 Mb/s
2024-10-19 07:46:00,46.3 Mb/s
2024-10-19 07:46:30,9.58 Mb/s
2024-10-19 07:47:00,21.5 Mb/s
2024-10-19 07:47:30,30.5 Mb/s
2024-10-19 07:48:00,30.6 Mb/s
2024-10-19 07:48:30,5.54 Mb/s
2024-10-19 07:49:00,48.4 Mb/s
2024-10-19 07:49:30,43.4 Mb/s
2024-10-19 07:50:00,55.3 Mb/s
2024-10-19 07:50:30,15.2 Mb/s
2024-10-19 07:51:00,49.8 Mb/s
2024-10-19 07:51:30,27.7 Mb/s
2024-10-19 07:52:00,51.0 Mb/s
2024-10-19 07:52:30,74.9 Mb/s
2024-10-19 07:53:00,44.5 Mb/s
2024-10-19 07:53:30,21.1 Mb/s
2024-10-19 07:54:00,96.1 Mb/s
2024-10-19 07:54:30,92.0 Mb/s
2024-10-19 07:55:00,86.7 Mb/s
2024-10-19 07:55:30,60.3 Mb/s
2024-10-19 07:56:00,98.2 Mb/s
2024-10-19 07:56:30,98.0 Mb/s
2024-10-19 07:57:30,11.6 Mb/s
2024-10-19 07:58:00,20.7 Mb/s
2024-10-19 07:58:30,11.8 Mb/s
2024-10-19 07:59:00,36.4 Mb/s
2024-10-19 07:59:30,28.4 Mb/s
2024-10-19 08:00:00,8.48 Mb/s
2024-10-19 08:00:30,56.1 Mb/s
2024-10-19 08:01:00,55.8 Mb/s
2024-10-19 08:01:30,55.6 Mb/s
2024-10-19 08:02:00,16.5 Mb/s
2024-10-19 08:02:30,162 kb/s
2024-10-19 08:03:00,12.1 Mb/s
2024-10-19 08:03:30,16.6 Mb/s
2024-10-19 08:04:00,35.0 Mb/s
2024-10-19 08:04:30,12.4 Mb/s
2024-10-19 08:05:00,20.5 Mb/s
2024-10-19 08:05:30,75.1 Mb/s
2024-10-19 08:06:00,89.3 Mb/s
2024-10-19 08:06:30,39.5 Mb/s
2024-10-19 08:07:00,47.0 Mb/s
2024-10-19 08:07:30,4.91 Mb/s
2024-10-19 08:08:00,37.8 Mb/s
2024-10-19 08:08:30,59.7 Mb/s
2024-10-19 08:09:00,33.8 Mb/s
2024-10-19 08:09:30,21.2 Mb/s
2024-10-19 08:10:00,52.7 Mb/s
2024-10-19 08:10:30,59.2 Mb/s
2024-10-19 08:11:00,12.1 Mb/s
2024-10-19 08:11:30,32.2 Mb/s
2024-10-19 08:12:00,36.9 Mb/s
2024-10-19 08:12:30,37.0 Mb/s
2024-10-19 08:13:00,14.5 Mb/s
2024-10-19 08:13:30,9.56 Mb/s
2024-10-19 08:14:00,10.2 Mb/s
2024-10-19 08:14:30,16.4 Mb/s
2024-10-19 08:15:00,6.06 Mb/s
2024-10-19 08:15:30,47.1 Mb/s
2024-10-19 08:16:00,14.9 Mb/s
2024-10-19 08:16:30,1.01 Mb/s
2024-10-19 08:17:00,122 Mb/s
2024-10-19 08:17:30,102 Mb/s
2024-10-19 08:18:00,101 Mb/s
2024-10-19 08:18:30,94.5 Mb/s
2024-10-19 08:19:00,6.81 Mb/s
2024-10-19 08:19:30,43.7 Mb/s
2024-10-19 08:20:00,43.4 Mb/s
2024-10-19 08:20:30,43.4 Mb/s
2024-10-19 08:21:00,79.7 Mb/s
2024-10-19 08:21:30,97.4 Mb/s
2024-10-19 08:22:00,97.2 Mb/s
2024-10-19 08:22:30,51.1 Mb/s
2024-10-19 08:23:00,80.7 Mb/s
2024-10-19 08:23:30,80.8 Mb/s
2024-10-19 08:24:00,70.4 Mb/s
2024-10-19 08:24:30,58.6 Mb/s
2024-10-19 08:25:00,76.4 Mb/s
2024-10-19 08:25:30,40.8 Mb/s
2024-10-19 08:26:00,34.9 Mb/s
2024-10-19 08:26:30,49.0 Mb/s
2024-10-19 08:27:00,74.4 Mb/s
2024-10-19 08:27:30,55.9 Mb/s
2024-10-19 08:28:00,64.7 Mb/s
2024-10-19 08:28:30,34.8 Mb/s
2024-10-19 08:29:00,40.6 Mb/s
2024-10-19 08:29:30,101 Mb/s
2024-10-19 08:30:00,80.6 Mb/s
2024-10-19 08:30:30,57.0 Mb/s
2024-10-19 08:31:00,6.24 Mb/s
2024-10-19 08:31:30,18.6 Mb/s
2024-10-19 08:32:00,18.7 Mb/s
2024-10-19 08:32:30,4.23 Mb/s
2024-10-19 08:33:00,60.6 Mb/s
2024-10-19 08:33:30,45.3 Mb/s
2024-10-19 08:34:00,35.3 Mb/s
2024-10-19 08:34:30,25.6 Mb/s
2024-10-19 08:35:00,10.6 Mb/s
2024-10-19 08:35:30,11.0 Mb/s
2024-10-19 08:36:00,6.52 Mb/s
2024-10-19 08:36:30,15.7 Mb/s
2024-10-19 08:37:00,40.0 Mb/s
2024-10-19 08:37:30,30.0 Mb/s
2024-10-19 08:38:00,96.4 Mb/s
2024-10-19 08:38:30,72.2 Mb/s
2024-10-19 08:39:00,67.8 Mb/s
2024-10-19 08:39:30,27.0 Mb/s
2024-10-19 08:40:00,31.6 Mb/s
2024-10-19 08:40:30,32.3 Mb/s
2024-10-19 08:41:30,37.0 Mb/s
2024-10-19 08:42:00,15.6 Mb/s
2024-10-19 08:42:30,26.8 Mb/s
2024-10-19 08:43:00,26.2 Mb/s
2024-10-19 08:43:30,76.8 Mb/s
2024-10-19 08:44:00,83.7 Mb/s
2024-10-19 08:44:30,85.2 Mb/s
2024-10-19 08:45:00,70.8 Mb/s
2024-10-19 08:45:30,48.1 Mb/s
2024-10-19 08:46:00,51.3 Mb/s
2024-10-19 08:46:30,51.4 Mb/s
2024-10-19 08:47:00,37.1 Mb/s
2024-10-19 08:47:30,29.9 Mb/s
2024-10-19 08:48:00,17.5 Mb/s
2024-10-19 08:48:30,34.7 Mb/s
2024-10-19 08:49:30,21.2 Mb/s
2024-10-19 08:50:00,158 kb/s
2024-10-19 08:50:30,10.2 Mb/s
2024-10-19 08:51:00,53.4 Mb/s
2024-10-19 08:51:30,25.0 Mb/s
2024-10-19 08:52:00,43.7 Mb/s
2024-10-19 08:52:30,162 kb/s
2024-10-19 08:53:00,30.4 Mb/s
2024-10-19 08:53:30,57.5 Mb/s
2024-10-19 08:54:00,169 kb/s
2024-10-19 08:54:30,164 kb/s
2024-10-19 08:55:00,7.84 Mb/s
2024-10-19 08:55:30,24.7 Mb/s
2024-10-19 08:56:00,19.5 Mb/s
2024-10-19 08:56:30,30.4 Mb/s
2024-10-19 08:57:30,34.8 Mb/s
2024-10-19 08:58:00,36.4 Mb/s
2024-10-19 08:58:30,37.2 Mb/s
2024-10-19 08:59:00,36.5 Mb/s
2024-10-19 08:59:30,50.2 Mb/s
2024-10-19 09:00:00,88.2 Mb/s
2024-10-19 09:00:30,59.4 Mb/s
2024-10-19 09:01:00,539 kb/s
2024-10-19 09:01:30,17.8 Mb/s
2024-10-19 09:02:00,96.8 Mb/s
2024-10-19 09:02:30,96.3 Mb/s
2024-10-19 09:03:00,37.6 Mb/s
2024-10-19 09:03:30,40.3 Mb/s
2024-10-19 09:04:00,40.9 Mb/s
2024-10-19 09:04:30,29.6 Mb/s
2024-10-19 09:05:00,4.60 Mb/s
2024-10-19 09:05:30,5.09 Mb/s
2024-10-19 09:06:00,33.4 Mb/s
2024-10-19 09:06:30,32.6 Mb/s
2024-10-19 09:07:00,28.8 Mb/s
2024-10-19 09:07:30,9.59 Mb/s
2024-10-19 09:08:00,41.8 Mb/s
2024-10-19 09:08:30,31.1 Mb/s
2024-10-19 09:09:00,24.5 Mb/s
2024-10-19 09:09:30,54.3 Mb/s
2024-10-19 09:10:00,53.5 Mb/s
2024-10-19 09:10:30,31.6 Mb/s
2024-10-19 09:11:00,162 kb/s
2024-10-19 09:11:30,3.61 Mb/s
2024-10-19 09:12:00,28.3 Mb/s
2024-10-19 09:12:30,28.3 Mb/s
2024-10-19 09:13:00,28.3 Mb/s
2024-10-19 09:13:30,24.3 Mb/s
2024-10-19 09:14:00,810 kb/s
2024-10-19 09:14:30,957 kb/s
2024-10-19 09:15:00,25.2 Mb/s
2024-10-19 09:15:30,47.2 Mb/s
2024-10-19 09:16:00,33.7 Mb/s
2024-10-19 09:16:30,11.6 Mb/s
2024-10-19 09:17:00,3.93 Mb/s
2024-10-19 09:17:30,27.2 Mb/s
2024-10-19 09:18:00,34.0 Mb/s
2024-10-19 09:18:30,29.0 Mb/s
2024-10-19 09:19:00,38.4 Mb/s
2024-10-19 09:19:30,36.9 Mb/s
2024-10-19 09:20:00,37.0 Mb/s
2024-10-19 09:20:30,29.5 Mb/s
2024-10-19 09:21:00,41.3 Mb/s
2024-10-19 09:21:30,41.5 Mb/s
2024-10-19 09:22:00,41.8 Mb/s
2024-10-19 09:22:30,15.5 Mb/s
2024-10-19 09:23:00,28.3 Mb/s
2024-10-19 09:23:30,28.1 Mb/s
2024-10-19 09:24:00,61.6 Mb/s
2024-10-19 09:24:30,49.0 Mb/s
2024-10-19 09:25:00,49.3 Mb/s
2024-10-19 09:25:30,46.7 Mb/s
2024-10-19 09:26:00,41.5 Mb/s
2024-10-19 09:26:30,29.1 Mb/s
2024-10-19 09:27:00,53.3 Mb/s
2024-10-19 09:27:30,15.8 Mb/s
2024-10-19 09:28:00,25.0 Mb/s
2024-10-19 09:28:30,25.1 Mb/s
2024-10-19 09:29:30,59.5 Mb/s
2024-10-19 09:30:00,161 kb/s
2024-10-19 09:30:30,161 kb/s
2024-10-19 09:31:00,161 kb/s
2024-10-19 09:31:30,162 kb/s
2024-10-19 09:32:00,161 kb/s
2024-10-19 09:32:30,18.3 Mb/s
2024-10-19 09:33:00,21.5 Mb/s
2024-10-19 09:33:30,64.0 Mb/s
2024-10-19 09:34:00,48.1 Mb/s
2024-10-19 09:34:30,63.4 Mb/s
2024-10-19 09:35:00,105 Mb/s
2024-10-19 09:35:30,106 Mb/s
2024-10-19 09:36:00,106 Mb/s
2024-10-19 09:36:30,37.2 Mb/s
2024-10-19 09:37:00,39.9 Mb/s
2024-10-19 09:37:30,33.2 Mb/s
2024-10-19 09:38:00,1.15 Mb/s
2024-10-19 09:38:30,1.02 Mb/s
2024-10-19 09:39:00,14.9 Mb/s
2024-10-19 09:39:30,9.63 Mb/s
2024-10-19 09:40:00,11.6 Mb/s
2024-10-19 09:40:30,20.9 Mb/s
2024-10-19 09:41:00,53.6 Mb/s
2024-10-19 09:41:30,16.3 Mb/s
2024-10-19 09:42:00,12.0 Mb/s
2024-10-19 09:42:30,31.8 Mb/s
2024-10-19 09:43:00,37.6 Mb/s
2024-10-19 09:43:30,1.23 Mb/s
2024-10-19 09:44:00,1.48 Mb/s
2024-10-19 09:44:30,30.3 Mb/s
2024-10-19 09:45:00,80.5 Mb/s
2024-10-19 09:45:30,69.8 Mb/s
2024-10-19 09:46:00,27.9 Mb/s
2024-10-19 09:46:30,15.7 Mb/s
2024-10-19 09:47:00,161 kb/s
2024-10-19 09:47:30,15.8 Mb/s
2024-10-19 09:48:00,3.69 Mb/s
2024-10-19 09:48:30,8.27 Mb/s
2024-10-19 09:49:00,4.44 Mb/s
2024-10-19 09:49:30,19.8 Mb/s
2024-10-19 09:50:00,20.3 Mb/s
2024-10-19 09:50:30,19.2 Mb/s
2024-10-19 09:51:00,16.9 Mb/s
2024-10-19 09:51:30,14.2 Mb/s
2024-10-19 09:52:00,48.6 Mb/s
2024-10-19 09:52:30,31.0 Mb/s
2024-10-19 09:53:00,54.9 Mb/s
2024-10-19 09:53:30,22.9 Mb/s
2024-10-19 09:54:00,37.3 Mb/s
2024-10-19 09:54:30,61.9 Mb/s
2024-10-19 09:55:00,61.7 Mb/s
2024-10-19 09:55:30,61.9 Mb/s
2024-10-19 09:56:00,26.3 Mb/s
2024-10-19 09:56:30,3.72 Mb/s
2024-10-19 09:57:00,44.8 Mb/s
2024-10-19 09:57:30,36.1 Mb/s
2024-10-19 09:58:00,850 kb/s
2024-10-19 09:58:30,910 kb/s
2024-10-19 09:59:00,59.2 Mb/s
2024-10-19 09:59:30,75.4 Mb/s
2024-10-19 10:00:00,75.4 Mb/s
2024-10-19 10:00:30,73.1 Mb/s
2024-10-19 10:01:00,12.6 Mb/s
2024-10-19 10:01:30,13.7 Mb/s
2024-10-19 10:02:00,13.7 Mb/s
2024-10-19 10:02:30,10.6 Mb/s
2024-10-19 10:03:00,46.4 Mb/s
2024-10-19 10:03:30,1.68 Mb/s
2024-10-19 10:04:00,7.74 Mb/s
2024-10-19 10:04:30,7.69 Mb/s
2024-10-19 10:05:00,27.0 Mb/s
2024-10-19 10:05:30,31.2 Mb/s
2024-10-19 10:06:00,30.5 Mb/s
2024-10-19 10:06:30,22.4 Mb/s
2024-10-19 10:07:00,51.3 Mb/s
2024-10-19 10:07:30,29.3 Mb/s
2024-10-19 10:08:00,2.17 Mb/s
2024-10-19 10:08:30,3.33 Mb/s
2024-10-19 10:09:00,1.72 Mb/s
2024-10-19 10:09:30,36.7 Mb/s
2024-10-19 10:10:00,40.9 Mb/s
2024-10-19 10:10:30,48.1 Mb/s
2024-10-19 10:11:00,29.1 Mb/s
2024-10-19 10:11:30,39.4 Mb/s
2024-10-19 10:12:00,6.92 Mb/s
2024-10-19 10:12:30,90.3 Mb/s
2024-10-19 10:13:00,9.30 Mb/s
2024-10-19 10:13:30,64.6 Mb/s
2024-10-19 10:14:00,83.0 Mb/s
2024-10-19 10:14:30,83.0 Mb/s
2024-10-19 10:15:00,55.6 Mb/s
2024-10-19 10:15:30,162 kb/s
2024-10-19 10:16:00,538 kb/s
2024-10-19 10:16:30,52.1 Mb/s
2024-10-19 10:17:00,77.0 Mb/s
2024-10-19 10:17:30,88.0 Mb/s
2024-10-19 10:18:00,49.5 Mb/s
2024-10-19 10:18:30,60.8 Mb/s
2024-10-19 10:19:00,5.67 Mb/s
2024-10-19 10:19:30,28.1 Mb/s
2024-10-19 10:20:00,14.5 Mb/s
2024-10-19 10:20:30,16.7 Mb/s
2024-10-19 10:21:00,17.1 Mb/s
2024-10-19 10:21:30,16.4 Mb/s
2024-10-19 10:22:00,2.16 Mb/s
2024-10-19 10:22:30,4.00 Mb/s
2024-10-19 10:23:00,19.7 Mb/s
2024-10-19 10:23:30,19.6 Mb/s
2024-10-19 10:24:00,20.4 Mb/s
2024-10-19 10:24:30,14.0 Mb/s
2024-10-19 10:25:00,114 Mb/s
2024-10-19 10:25:30,77.2 Mb/s
2024-10-19 10:26:00,41.5 Mb/s
2024-10-19 10:26:30,570 kb/s
2024-10-19 10:27:00,162 kb/s
2024-10-19 10:27:30,12.6 Mb/s
2024-10-19 10:28:00,15.3 Mb/s
2024-10-19 10:28:30,14.5 Mb/s
2024-10-19 10:29:00,3.81 Mb/s
2024-10-19 10:29:30,257 kb/s
2024-10-19 10:30:00,598 kb/s
2024-10-19 10:30:30,856 kb/s
2024-10-19 10:31:00,92.6 Mb/s
2024-10-19 10:31:30,35.2 Mb/s
2024-10-19 10:32:00,64.7 Mb/s
2024-10-19 10:32:30,48.2 Mb/s
2024-10-19 10:33:00,62.0 Mb/s
2024-10-19 10:33:30,62.6 Mb/s
2024-10-19 10:34:00,17.9 Mb/s
2024-10-19 10:34:30,40.2 Mb/s
2024-10-19 10:35:00,39.3 Mb/s
2024-10-19 10:35:30,34.6 Mb/s
2024-10-19 10:36:00,5.00 Mb/s
2024-10-19 10:36:30,9.08 Mb/s
2024-10-19 10:37:00,23.8 Mb/s
2024-10-19 10:37:30,4.01 Mb/s
2024-10-19 10:38:00,36.5 Mb/s
2024-10-19 10:38:30,44.1 Mb/s
2024-10-19 10:39:00,36.1 Mb/s
2024-10-19 10:39:30,64.2 Mb/s
2024-10-19 10:40:00,27.6 Mb/s
2024-10-19 10:40:30,45.1 Mb/s
2024-10-19 10:41:30,51.9 Mb/s
2024-10-19 10:42:00,12.9 Mb/s
2024-10-19 10:42:30,50.6 Mb/s
2024-10-19 10:43:00,7.91 Mb/s
2024-10-19 10:43:30,9.35 Mb/s
2024-10-19 10:44:00,3.15 Mb/s
2024-10-19 10:44:30,30.4 Mb/s
2024-10-19 10:45:00,31.9 Mb/s
2024-10-19 10:45:30,17.5 Mb/s
2024-10-19 10:46:00,4.72 Mb/s
2024-10-19 10:46:30,5.58 Mb/s
2024-10-19 10:47:00,5.66 Mb/s
2024-10-19 10:47:30,14.7 Mb/s
2024-10-19 10:48:00,48.5 Mb/s
2024-10-19 10:48:30,63.0 Mb/s
2024-10-19 10:49:30,20.0 Mb/s
2024-10-19 10:50:00,18.6 Mb/s
2024-10-19 10:50:30,1.41 Mb/s
2024-10-19 10:51:00,12.7 Mb/s
2024-10-19 10:51:30,13.1 Mb/s
2024-10-19 10:52:00,6.61 Mb/s
2024-10-19 10:52:30,6.29 Mb/s
2024-10-19 10:53:00,81.3 Mb/s
2024-10-19 10:53:30,51.6 Mb/s
2024-10-19 10:54:00,15.2 Mb/s
2024-10-19 10:54:30,21.1 Mb/s
2024-10-19 10:55:00,7.31 Mb/s
2024-10-19 10:55:30,38.4 Mb/s
2024-10-19 10:56:00,34.7 Mb/s
2024-10-19 10:56:30,34.9 Mb/s
2024-10-19 10:57:00,14.7 Mb/s
2024-10-19 10:57:30,36.2 Mb/s
2024-10-19 10:58:00,28.0 Mb/s
2024-10-19 10:58:30,383 kb/s
2024-10-19 10:59:00,24.2 Mb/s
2024-10-19 10:59:30,46.7 Mb/s
2024-10-19 11:00:00,64.5 Mb/s
2024-10-19 11:00:30,13.5 Mb/s
2024-10-19 11:01:00,34.3 Mb/s
2024-10-19 11:01:30,14.8 Mb/s
2024-10-19 11:02:00,57.8 Mb/s
2024-10-19 11:02:30,51.6 Mb/s
2024-10-19 11:03:00,1.55 Mb/s
2024-10-19 11:03:30,13.6 Mb/s
2024-10-19 11:04:00,13.3 Mb/s
2024-10-19 11:04:30,10.4 Mb/s
2024-10-19 11:05:00,23.9 Mb/s
2024-10-19 11:05:30,17.1 Mb/s
2024-10-19 11:06:00,74.4 Mb/s
2024-10-19 11:06:30,70.5 Mb/s
2024-10-19 11:07:00,64.5 Mb/s
2024-10-19 11:07:30,2.07 Mb/s
2024-10-19 11:08:00,32.0 Mb/s
2024-10-19 11:08:30,69.7 Mb/s
2024-10-19 11:09:00,32.1 Mb/s
2024-10-19 11:09:30,22.1 Mb/s
2024-10-19 11:10:00,24.7 Mb/s
2024-10-19 11:10:30,19.2 Mb/s
2024-10-19 11:11:00,157 kb/s
2024-10-19 11:11:30,10.4 Mb/s
2024-10-19 11:12:00,14.2 Mb/s
2024-10-19 11:12:30,14.8 Mb/s
2024-10-19 11:13:30,6.26 Mb/s
2024-10-19 11:14:00,38.7 Mb/s
2024-10-19 11:14:30,80.3 Mb/s
2024-10-19 11:15:00,18.7 Mb/s
2024-10-19 11:15:30,65.0 Mb/s
2024-10-19 11:16:00,38.9 Mb/s
2024-10-19 11:16:30,6.64 Mb/s
2024-10-19 11:17:30,14.3 Mb/s
2024-10-19 11:18:00,17.8 Mb/s
2024-10-19 11:18:30,20.6 Mb/s
2024-10-19 11:19:00,46.3 Mb/s
2024-10-19 11:19:30,6.04 Mb/s
2024-10-19 11:20:00,37.9 Mb/s
2024-10-19 11:20:30,46.6 Mb/s
2024-10-19 11:21:00,33.3 Mb/s
2024-10-19 11:21:30,11.0 Mb/s
2024-10-19 11:22:00,38.0 Mb/s
2024-10-19 11:22:30,38.0 Mb/s
2024-10-19 11:23:00,38.0 Mb/s
2024-10-19 11:23:30,15.9 Mb/s
2024-10-19 11:24:00,12.2 Mb/s
2024-10-19 11:24:30,59.7 Mb/s
2024-10-19 11:25:00,97.6 Mb/s
2024-10-19 11:25:30,81.8 Mb/s
2024-10-19 11:26:00,2.69 Mb/s
2024-10-19 11:26:30,161 kb/s
2024-10-19 11:27:00,35.1 Mb/s
2024-10-19 11:27:30,11.0 Mb/s
2024-10-19 11:28:00,32.7 Mb/s
2024-10-19 11:28:30,29.2 Mb/s
2024-10-19 11:29:00,17.0 Mb/s
2024-10-19 11:29:30,66.1 Mb/s
2024-10-19 11:30:00,44.4 Mb/s
2024-10-19 11:30:30,20.3 Mb/s
2024-10-19 11:31:00,34.2 Mb/s
2024-10-19 11:31:30,49.9 Mb/s
2024-10-19 11:32:00,17.9 Mb/s
2024-10-19 11:32:30,47.6 Mb/s
2024-10-19 11:33:30,13.3 Mb/s
2024-10-19 11:34:00,568 kb/s
2024-10-19 11:34:30,164 kb/s
2024-10-19 11:35:00,164 kb/s
2024-10-19 11:35:30,18.4 Mb/s
2024-10-19 11:36:00,26.2 Mb/s
2024-10-19 11:36:30,23.1 Mb/s
2024-10-19 11:37:30,44.1 Mb/s
2024-10-19 11:38:00,44.5 Mb/s
2024-10-19 11:38:30,10.6 Mb/s
2024-10-19 11:39:00,27.7 Mb/s
2024-10-19 11:39:30,27.7 Mb/s
2024-10-19 11:40:00,28.8 Mb/s
2024-10-19 11:40:30,28.2 Mb/s
2024-10-19 11:41:00,6.46 Mb/s
2024-10-19 11:41:30,1.25 Mb/s
2024-10-19 11:42:00,839 kb/s
2024-10-19 11:42:30,15.8 Mb/s
2024-10-19 11:43:00,21.8 Mb/s
2024-10-19 11:43:30,31.2 Mb/s
2024-10-19 11:44:00,37.5 Mb/s
2024-10-19 11:44:30,12.2 Mb/s
2024-10-19 11:45:30,30.0 Mb/s
2024-10-19 11:46:00,25.4 Mb/s
2024-10-19 11:46:30,67.6 Mb/s
2024-10-19 11:47:00,62.3 Mb/s
2024-10-19 11:47:30,59.9 Mb/s
2024-10-19 11:48:00,69.2 Mb/s
2024-10-19 11:48:30,90.2 Mb/s
2024-10-19 11:49:30,99.4 Mb/s
2024-10-19 11:50:00,12.5 Mb/s
2024-10-19 11:50:30,162 kb/s
2024-10-19 11:51:00,35.2 Mb/s
2024-10-19 11:51:30,54.3 Mb/s
2024-10-19 11:52:00,26.0 Mb/s
2024-10-19 11:52:30,2.05 Mb/s
2024-10-19 11:53:00,6.74 Mb/s
2024-10-19 11:53:30,13.1 Mb/s
2024-10-19 11:54:00,69.4 Mb/s
2024-10-19 11:54:30,69.4 Mb/s
2024-10-19 11:55:00,69.4 Mb/s
2024-10-19 11:55:30,24.4 Mb/s
2024-10-19 11:56:00,18.3 Mb/s
2024-10-19 11:56:30,30.4 Mb/s
2024-10-19 11:57:00,29.6 Mb/s
2024-10-19 11:57:30,7.31 Mb/s
2024-10-19 11:58:00,30.5 Mb/s
2024-10-19 11:58:30,18.5 Mb/s
2024-10-19 11:59:00,75.7 Mb/s
2024-10-19 11:59:30,24.5 Mb/s
2024-10-19 12:00:00,81.9 Mb/s
2024-10-19 12:00:30,75.6 Mb/s
2024-10-19 12:01:00,52.7 Mb/s
2024-10-19 12:01:30,39.3 Mb/s
2024-10-19 12:02:00,10.4 Mb/s
2024-10-19 12:02:30,42.3 Mb/s
2024-10-19 12:03:00,42.4 Mb/s
2024-10-19 12:03:30,42.0 Mb/s
2024-10-19 12:04:00,6.34 Mb/s
2024-10-19 12:04:30,700 kb/s
2024-10-19 12:05:00,6.72 Mb/s
2024-10-19 12:05:30,6.03 Mb/s
2024-10-19 12:06:00,5.27 Mb/s
2024-10-19 12:06:30,2.07 Mb/s
2024-10-19 12:07:00,55.8 Mb/s
2024-10-19 12:07:30,31.7 Mb/s
2024-10-19 12:08:00,93.7 Mb/s
2024-10-19 12:08:30,43.3 Mb/s
2024-10-19 12:09:00,14.2 Mb/s
2024-10-19 12:09:30,14.2 Mb/s
2024-10-19 12:10:00,651 kb/s
2024-10-19 12:10:30,157 kb/s
2024-10-19 12:11:00,48.6 Mb/s
2024-10-19 12:11:30,4.79 Mb/s
2024-10-19 12:12:00,11.0 Mb/s
2024-10-19 12:12:30,10.9 Mb/s
2024-10-19 12:13:00,3.78 Mb/s
2024-10-19 12:13:30,42.1 Mb/s
2024-10-19 12:14:00,6.26 Mb/s
2024-10-19 12:14:30,21.7 Mb/s
2024-10-19 12:15:00,74.8 Mb/s
2024-10-19 12:15:30,89.6 Mb/s
2024-10-19 12:16:00,70.7 Mb/s
2024-10-19 12:16:30,168 kb/s
2024-10-19 12:17:00,14.9 Mb/s
2024-10-19 12:17:30,23.4 Mb/s
2024-10-19 12:18:00,34.8 Mb/s
2024-10-19 12:18:30,26.4 Mb/s
2024-10-19 12:19:00,44.3 Mb/s
2024-10-19 12:19:30,25.4 Mb/s
2024-10-19 12:20:00,37.9 Mb/s
2024-10-19 12:20:30,47.8 Mb/s
2024-10-19 12:21:30,31.9 Mb/s
2024-10-19 12:22:00,64.2 Mb/s
2024-10-19 12:22:30,11.0 Mb/s
2024-10-19 12:23:00,162 kb/s
2024-10-19 12:23:30,157 kb/s
2024-10-19 12:24:00,47.1 Mb/s
2024-10-19 12:24:30,58.6 Mb/s
2024-10-19 12:25:00,29.2 Mb/s
2024-10-19 12:25:30,51.8 Mb/s
2024-10-19 12:26:00,50.0 Mb/s
2024-10-19 12:26:30,10.3 Mb/s
2024-10-19 12:27:00,14.2 Mb/s
2024-10-19 12:27:30,14.2 Mb/s
2024-10-19 12:28:00,6.09 Mb/s
2024-10-19 12:28:30,79.8 Mb/s
2024-10-19 12:29:00,90.3 Mb/s
2024-10-19 12:29:30,74.4 Mb/s
2024-10-19 12:30:00,28.7 Mb/s
2024-10-19 12:30:30,43.8 Mb/s
2024-10-19 12:31:00,43.8 Mb/s
2024-10-19 12:31:30,10.5 Mb/s
2024-10-19 12:32:00,3.51 Mb/s
2024-10-19 12:32:30,3.29 Mb/s
2024-10-19 12:33:00,814 kb/s
2024-10-19 12:33:30,510 kb/s
2024-10-19 12:34:00,44.3 Mb/s
2024-10-19 12:34:30,87.8 Mb/s
2024-10-19 12:35:00,78.8 Mb/s
2024-10-19 12:35:30,17.6 Mb/s
2024-10-19 12:36:00,11.6 Mb/s
2024-10-19 12:36:30,20.6 Mb/s
2024-10-19 12:37:00,5.62 Mb/s
2024-10-19 12:37:30,162 kb/s
2024-10-19 12:38:00,19.3 Mb/s
2024-10-19 12:38:30,44.7 Mb/s
2024-10-19 12:39:00,34.1 Mb/s
2024-10-19 12:39:30,37.3 Mb/s
2024-10-19 12:40:00,62.4 Mb/s
2024-10-19 12:40:30,57.2 Mb/s
2024-10-19 12:41:00,24.2 Mb/s
2024-10-19 12:41:30,37.5 Mb/s
2024-10-19 12:42:00,74.1 Mb/s
2024-10-19 12:42:30,88.2 Mb/s
2024-10-19 12:43:00,4.01 Mb/s
2024-10-19 12:43:30,48.9 Mb/s
2024-10-19 12:44:00,37.1 Mb/s
2024-10-19 12:44:30,691 kb/s
2024-10-19 12:45:00,57.3 Mb/s
2024-10-19 12:45:30,55.4 Mb/s
2024-10-19 12:46:00,56.3 Mb/s
2024-10-19 12:46:30,34.0 Mb/s
2024-10-19 12:47:00,27.9 Mb/s
2024-10-19 12:47:30,15.4 Mb/s
2024-10-19 12:48:00,34.3 Mb/s
2024-10-19 12:48:30,51.9 Mb/s
2024-10-19 12:49:00,57.5 Mb/s
2024-10-19 12:49:30,17.8 Mb/s
2024-10-19 12:50:00,70.4 Mb/s
2024-10-19 12:50:30,73.3 Mb/s
2024-10-19 12:51:00,70.5 Mb/s
2024-10-19 12:51:30,7.76 Mb/s
2024-10-19 12:52:00,6.01 Mb/s
2024-10-19 12:52:30,26.1 Mb/s
2024-10-19 12:53:00,26.2 Mb/s
2024-10-19 12:53:30,28.8 Mb/s
2024-10-19 12:54:00,67.5 Mb/s
2024-10-19 12:54:30,13.7 Mb/s
2024-10-19 12:55:00,801 kb/s
2024-10-19 12:55:30,21.0 Mb/s
2024-10-19 12:56:00,44.7 Mb/s
2024-10-19 12:56:30,50.6 Mb/s
2024-10-19 12:57:00,5.85 Mb/s
2024-10-19 12:57:30,55.1 Mb/s
2024-10-19 12:58:00,69.8 Mb/s
2024-10-19 12:58:30,50.8 Mb/s
2024-10-19 12:59:00,5.44 Mb/s
2024-10-19 12:59:30,938 kb/s
2024-10-19 13:00:00,81.8 Mb/s
2024-10-19 13:00:30,81.6 Mb/s
2024-10-19 13:01:00,81.8 Mb/s
2024-10-19 13:01:30,57.6 Mb/s
2024-10-19 13:02:00,46.7 Mb/s
2024-10-19 13:02:30,88.0 Mb/s
2024-10-19 13:03:00,87.9 Mb/s
2024-10-19 13:03:30,88.1 Mb/s
2024-10-19 13:04:00,30.0 Mb/s
2024-10-19 13:04:30,15.3 Mb/s
2024-10-19 13:05:30,9.52 Mb/s
2024-10-19 13:06:00,36.8 Mb/s
2024-10-19 13:06:30,75.5 Mb/s
2024-10-19 13:07:00,14.5 Mb/s
2024-10-19 13:07:30,93.3 Mb/s
2024-10-19 13:08:00,93.3 Mb/s
2024-10-19 13:08:30,93.1 Mb/s
2024-10-19 13:09:00,39.1 Mb/s
2024-10-19 13:09:30,162 kb/s
2024-10-19 13:10:00,20.5 Mb/s
2024-10-19 13:10:30,81.7 Mb/s
2024-10-19 13:11:00,64.6 Mb/s
2024-10-19 13:11:30,12.6 Mb/s
2024-10-19 13:12:00,320 kb/s
2024-10-19 13:12:30,471 kb/s
2024-10-19 13:13:00,865 kb/s
2024-10-19 13:13:30,2.92 Mb/s
2024-10-19 13:14:00,2.78 Mb/s
2024-10-19 13:14:30,2.79 Mb/s
2024-10-19 13:15:00,2.59 Mb/s
2024-10-19 13:15:30,772 kb/s
2024-10-19 13:16:00,1.61 Mb/s
2024-10-19 13:16:30,7.74 Mb/s
2024-10-19 13:17:30,12.9 Mb/s
2024-10-19 13:18:00,52.0 Mb/s
2024-10-19 13:18:30,30.2 Mb/s
2024-10-19 13:19:00,7.16 Mb/s
2024-10-19 13:19:30,43.6 Mb/s
2024-10-19 13:20:00,93.1 Mb/s
2024-10-19 13:20:30,77.4 Mb/s
2024-10-19 13:21:00,131 Mb/s
2024-10-19 13:21:30,81.7 Mb/s
2024-10-19 13:22:00,81.7 Mb/s
2024-10-19 13:22:30,59.2 Mb/s
2024-10-19 13:23:00,37.8 Mb/s
2024-10-19 13:23:30,31.1 Mb/s
2024-10-19 13:24:00,96.3 Mb/s
2024-10-19 13:24:30,96.6 Mb/s
2024-10-19 13:25:30,31.3 Mb/s
2024-10-19 13:26:00,29.4 Mb/s
2024-10-19 13:26:30,28.9 Mb/s
2024-10-19 13:27:00,46.7 Mb/s
2024-10-19 13:27:30,13.6 Mb/s
2024-10-19 13:28:00,6.29 Mb/s
2024-10-19 13:28:30,60.9 Mb/s
2024-10-19 13:29:30,44.2 Mb/s
2024-10-19 13:30:00,7.17 Mb/s
2024-10-19 13:30:30,93.4 Mb/s
2024-10-19 13:31:00,74.4 Mb/s
2024-10-19 13:31:30,29.5 Mb/s
2024-10-19 13:32:00,41.6 Mb/s
2024-10-19 13:32:30,28.7 Mb/s
2024-10-19 13:33:00,162 kb/s
2024-10-19 13:33:30,163 kb/s
2024-10-19 13:34:00,175 kb/s
2024-10-19 13:34:30,904 kb/s
2024-10-19 13:35:00,663 kb/s
2024-10-19 13:35:30,3.99 Mb/s
2024-10-19 13:36:00,28.8 Mb/s
2024-10-19 13:36:30,15.0 Mb/s
2024-10-19 13:37:00,65.0 Mb/s
2024-10-19 13:37:30,17.6 Mb/s
2024-10-19 13:38:00,17.0 Mb/s
2024-10-19 13:38:30,24.1 Mb/s
2024-10-19 13:39:00,47.2 Mb/s
2024-10-19 13:39:30,47.2 Mb/s
2024-10-19 13:40:00,47.2 Mb/s
2024-10-19 13:40:30,22.3 Mb/s
2024-10-19 13:41:00,66.4 Mb/s
2024-10-19 13:41:30,57.6 Mb/s
2024-10-19 13:42:00,27.8 Mb/s
2024-10-19 13:42:30,43.4 Mb/s
2024-10-19 13:43:00,23.4 Mb/s
2024-10-19 13:43:30,57.5 Mb/s
2024-10-19 13:44:00,80.8 Mb/s
2024-10-19 13:44:30,17.4 Mb/s
2024-10-19 13:45:00,58.1 Mb/s
2024-10-19 13:45:30,42.8 Mb/s
2024-10-19 13:46:00,46.1 Mb/s
2024-10-19 13:46:30,43.1 Mb/s
2024-10-19 13:47:00,60.2 Mb/s
2024-10-19 13:47:30,83.5 Mb/s
2024-10-19 13:48:00,86.8 Mb/s
2024-10-19 13:48:30,72.5 Mb/s
2024-10-19 13:49:00,20.2 Mb/s
2024-10-19 13:49:30,29.2 Mb/s
2024-10-19 13:50:00,7.91 Mb/s
2024-10-19 13:50:30,8.67 Mb/s
2024-10-19 13:51:00,8.56 Mb/s
2024-10-19 13:51:30,7.01 Mb/s
2024-10-19 13:52:00,17.4 Mb/s
2024-10-19 13:52:30,62.8 Mb/s
2024-10-19 13:53:00,5.14 Mb/s
2024-10-19 13:53:30,220 kb/s
2024-10-19 13:54:00,518 kb/s
2024-10-19 13:54:30,38.1 Mb/s
2024-10-19 13:55:00,43.1 Mb/s
2024-10-19 13:55:30,42.3 Mb/s
2024-10-19 13:56:00,17.4 Mb/s
2024-10-19 13:56:30,28.3 Mb/s
2024-10-19 13:57:00,5.57 Mb/s
2024-10-19 13:57:30,13.6 Mb/s
2024-10-19 13:58:00,14.8 Mb/s
2024-10-19 13:58:30,14.8 Mb/s
2024-10-19 13:59:00,13.1 Mb/s
2024-10-19 13:59:30,163 kb/s
2024-10-19 14:00:00,162 kb/s
2024-10-19 14:00:30,166 kb/s
2024-10-19 14:01:30,13.7 Mb/s
2024-10-19 14:02:00,36.3 Mb/s
2024-10-19 14:02:30,37.2 Mb/s
2024-10-19 14:03:00,38.2 Mb/s
2024-10-19 14:03:30,1.31 Mb/s
2024-10-19 14:04:00,5.83 Mb/s
2024-10-19 14:04:30,18.8 Mb/s
2024-10-19 14:05:00,10.6 Mb/s
2024-10-19 14:05:30,17.0 Mb/s
2024-10-19 14:06:00,68.8 Mb/s
2024-10-19 14:06:30,19.2 Mb/s
2024-10-19 14:07:00,159 kb/s
2024-10-19 14:07:30,40.0 Mb/s
2024-10-19 14:08:00,66.4 Mb/s
2024-10-19 14:08:30,72.3 Mb/s
2024-10-19 14:09:30,52.3 Mb/s
2024-10-19 14:10:00,50.0 Mb/s
2024-10-19 14:10:30,24.6 Mb/s
2024-10-19 14:11:00,310 kb/s
2024-10-19 14:11:30,15.9 Mb/s
2024-10-19 14:12:00,24.8 Mb/s
2024-10-19 14:12:30,41.7 Mb/s
2024-10-19 14:13:00,18.0 Mb/s
2024-10-19 14:13:30,25.5 Mb/s
2024-10-19 14:14:00,27.5 Mb/s
2024-10-19 14:14:30,27.3 Mb/s
2024-10-19 14:15:00,19.8 Mb/s
2024-10-19 14:15:30,17.7 Mb/s
2024-10-19 14:16:00,26.1 Mb/s
2024-10-19 14:16:30,26.1 Mb/s
2024-10-19 14:17:00,25.7 Mb/s
2024-10-19 14:17:30,15.1 Mb/s
2024-10-19 14:18:00,59.8 Mb/s
2024-10-19 14:18:30,17.6 Mb/s
2024-10-19 14:19:00,66.4 Mb/s
2024-10-19 14:19:30,67.5 Mb/s
2024-10-19 14:20:00,67.6 Mb/s
2024-10-19 14:20:30,67.8 Mb/s
2024-10-19 14:21:00,19.0 Mb/s
2024-10-19 14:21:30,48.9 Mb/s
2024-10-19 14:22:00,24.6 Mb/s
2024-10-19 14:22:30,52.5 Mb/s
2024-10-19 14:23:00,55.0 Mb/s
2024-10-19 14:23:30,26.0 Mb/s
2024-10-19 14:24:00,3.05 Mb/s
2024-10-19 14:24:30,166 kb/s
2024-10-19 14:25:00,75.4 Mb/s
2024-10-19 14:25:30,58.1 Mb/s
2024-10-19 14:26:00,11.3 Mb/s
2024-10-19 14:26:30,11.1 Mb/s
2024-10-19 14:27:00,33.8 Mb/s
2024-10-19 14:27:30,33.7 Mb/s
2024-10-19 14:28:00,33.8 Mb/s
2024-10-19 14:28:30,2.78 Mb/s
2024-10-19 14:29:00,292 kb/s
2024-10-19 14:29:30,162 kb/s
2024-10-19 14:30:00,29.2 Mb/s
2024-10-19 14:30:30,49.4 Mb/s
2024-10-19 14:31:00,48.5 Mb/s
2024-10-19 14:31:30,45.8 Mb/s
2024-10-19 14:32:00,8.00 Mb/s
2024-10-19 14:32:30,19.5 Mb/s
2024-10-19 14:33:00,67.2 Mb/s
2024-10-19 14:33:30,7.95 Mb/s
2024-10-19 14:34:00,67.0 Mb/s
2024-10-19 14:34:30,67.0 Mb/s
2024-10-19 14:35:00,67.1 Mb/s
2024-10-19 14:35:30,11.6 Mb/s
2024-10-19 14:36:00,53.2 Mb/s
2024-10-19 14:36:30,53.0 Mb/s
2024-10-19 14:37:30,6.77 Mb/s
2024-10-19 14:38:00,259 kb/s
2024-10-19 14:38:30,7.02 Mb/s
2024-10-19 14:39:00,6.74 Mb/s
2024-10-19 14:39:30,83.4 Mb/s
2024-10-19 14:40:00,103 Mb/s
2024-10-19 14:40:30,80.2 Mb/s
2024-10-19 14:41:00,6.38 Mb/s
2024-10-19 14:41:30,10.4 Mb/s
2024-10-19 14:42:00,25.0 Mb/s
2024-10-19 14:42:30,23.1 Mb/s
2024-10-19 14:43:00,38.5 Mb/s
2024-10-19 14:43:30,38.4 Mb/s
2024-10-19 14:44:00,23.5 Mb/s
2024-10-19 14:44:30,217 kb/s
2024-10-19 14:45:30,187 kb/s
2024-10-19 14:46:00,335 kb/s
2024-10-19 14:46:30,1.87 Mb/s
2024-10-19 14:47:00,22.8 Mb/s
2024-10-19 14:47:30,37.3 Mb/s
2024-10-19 14:48:00,64.7 Mb/s
2024-10-19 14:48:30,41.7 Mb/s
2024-10-19 14:49:30,23.0 Mb/s
2024-10-19 14:50:00,38.0 Mb/s
2024-10-19 14:50:30,22.2 Mb/s
2024-10-19 14:51:00,9.11 Mb/s
2024-10-19 14:51:30,8.84 Mb/s
2024-10-19 14:52:00,8.78 Mb/s
2024-10-19 14:52:30,6.56 Mb/s
2024-10-19 14:53:00,162 kb/s
2024-10-19 14:53:30,162 kb/s
2024-10-19 14:54:00,162 kb/s
2024-10-19 14:54:30,27.4 Mb/s
2024-10-19 14:55:00,49.7 Mb/s
2024-10-19 14:55:30,90.2 Mb/s
2024-10-19 14:56:00,916 kb/s
2024-10-19 14:56:30,1.02 Mb/s
2024-10-19 14:57:00,865 kb/s
2024-10-19 14:57:30,526 kb/s
2024-10-19 14:58:00,754 kb/s
2024-10-19 14:58:30,47.5 Mb/s
2024-10-19 14:59:00,53.9 Mb/s
2024-10-19 14:59:30,35.1 Mb/s
2024-10-19 15:00:00,22.2 Mb/s
2024-10-19 15:00:30,64.8 Mb/s
2024-10-19 15:01:00,66.0 Mb/s
2024-10-19 15:01:30,39.1 Mb/s
2024-10-19 15:02:00,39.1 Mb/s
2024-10-19 15:02:30,22.2 Mb/s
2024-10-19 15:03:00,21.4 Mb/s
2024-10-19 15:03:30,39.9 Mb/s
2024-10-19 15:04:00,2.83 Mb/s
2024-10-19 15:04:30,91.0 Mb/s
2024-10-19 15:05:00,76.8 Mb/s
2024-10-19 15:05:30,52.1 Mb/s
2024-10-19 15:06:00,16.8 Mb/s
2024-10-19 15:06:30,78.1 Mb/s
2024-10-19 15:07:00,78.7 Mb/s
2024-10-19 15:07:30,78.5 Mb/s
2024-10-19 15:08:00,30.3 Mb/s
2024-10-19 15:08:30,28.5 Mb/s
2024-10-19 15:09:00,20.7 Mb/s
2024-10-19 15:09:30,548 kb/s
2024-10-19 15:10:00,237 kb/s
2024-10-19 15:10:30,8.69 Mb/s
2024-10-19 15:11:00,34.4 Mb/s
2024-10-19 15:11:30,31.6 Mb/s
2024-10-19 15:12:00,39.5 Mb/s
2024-10-19 15:12:30,5.55 Mb/s
2024-10-19 15:13:00,2.67 Mb/s
2024-10-19 15:13:30,1.96 Mb/s
2024-10-19 15:14:00,2.26 Mb/s
2024-10-19 15:14:30,1.50 Mb/s
2024-10-19 15:15:00,649 kb/s
2024-10-19 15:15:30,160 kb/s
2024-10-19 15:16:00,5.90 Mb/s
2024-10-19 15:16:30,9.84 Mb/s
2024-10-19 15:17:00,2.21 Mb/s
2024-10-19 15:17:30,162 kb/s
2024-10-19 15:18:00,10.9 Mb/s
2024-10-19 15:18:30,53.6 Mb/s
2024-10-19 15:19:00,53.5 Mb/s
2024-10-19 15:19:30,40.9 Mb/s
2024-10-19 15:20:00,4.79 Mb/s
2024-10-19 15:20:30,15.0 Mb/s
2024-10-19 15:21:00,14.8 Mb/s
2024-10-19 15:21:30,12.6 Mb/s
2024-10-19 15:22:00,44.7 Mb/s
2024-10-19 15:22:30,35.3 Mb/s
2024-10-19 15:23:00,33.6 Mb/s
2024-10-19 15:23:30,44.3 Mb/s
2024-10-19 15:24:00,62.8 Mb/s
2024-10-19 15:24:30,63.0 Mb/s
2024-10-19 15:25:00,43.8 Mb/s
2024-10-19 15:25:30,55.5 Mb/s
2024-10-19 15:26:00,65.1 Mb/s
2024-10-19 15:26:30,65.3 Mb/s
2024-10-19 15:27:00,19.9 Mb/s
2024-10-19 15:27:30,29.9 Mb/s
2024-10-19 15:28:00,14.1 Mb/s
2024-10-19 15:28:30,4.23 Mb/s
2024-10-19 15:29:00,5.67 Mb/s
2024-10-19 15:29:30,7.60 Mb/s
2024-10-19 15:30:00,34.4 Mb/s
2024-10-19 15:30:30,58.3 Mb/s
2024-10-19 15:31:00,11.5 Mb/s
2024-10-19 15:31:30,20.3 Mb/s
2024-10-19 15:32:00,59.5 Mb/s
2024-10-19 15:32:30,39.4 Mb/s
2024-10-19 15:33:00,61.5 Mb/s
2024-10-19 15:33:30,34.2 Mb/s
2024-10-19 15:34:00,36.8 Mb/s
2024-10-19 15:34:30,50.4 Mb/s
2024-10-19 15:35:00,46.3 Mb/s
2024-10-19 15:35:30,35.8 Mb/s
2024-10-19 15:36:00,14.8 Mb/s
2024-10-19 15:36:30,10.7 Mb/s
2024-10-19 15:37:00,47.3 Mb/s
2024-10-19 15:37:30,62.4 Mb/s
2024-10-19 15:38:00,35.3 Mb/s
2024-10-19 15:38:30,21.5 Mb/s
2024-10-19 15:39:00,17.1 Mb/s
2024-10-19 15:39:30,11.5 Mb/s
2024-10-19 15:40:00,43.0 Mb/s
2024-10-19 15:40:30,72.0 Mb/s
2024-10-19 15:41:00,52.1 Mb/s
2024-10-19 15:41:30,13.1 Mb/s
2024-10-19 15:42:00,1.28 Mb/s
2024-10-19 15:42:30,2.04 Mb/s
2024-10-19 15:43:00,8.60 Mb/s
2024-10-19 15:43:30,14.5 Mb/s
2024-10-19 15:44:00,11.1 Mb/s
2024-10-19 15:44:30,6.44 Mb/s
2024-10-19 15:45:30,78.7 Mb/s
2024-10-19 15:46:00,80.6 Mb/s
2024-10-19 15:46:30,14.4 Mb/s
2024-10-19 15:47:00,16.4 Mb/s
2024-10-19 15:47:30,13.4 Mb/s
2024-10-19 15:48:00,27.2 Mb/s
2024-10-19 15:48:30,21.2 Mb/s
2024-10-19 15:49:30,14.2 Mb/s
2024-10-19 15:50:00,14.2 Mb/s
2024-10-19 15:50:30,17.0 Mb/s
2024-10-19 15:51:00,42.9 Mb/s
2024-10-19 15:51:30,40.1 Mb/s
2024-10-19 15:52:00,14.5 Mb/s
2024-10-19 15:52:30,167 kb/s
2024-10-19 15:53:00,24.8 Mb/s
2024-10-19 15:53:30,74.8 Mb/s
2024-10-19 15:54:00,31.0 Mb/s
2024-10-19 15:54:30,1.42 Mb/s
2024-10-19 15:55:00,2.26 Mb/s
2024-10-19 15:55:30,2.25 Mb/s
2024-10-19 15:56:00,1.87 Mb/s
2024-10-19 15:56:30,157 kb/s
2024-10-19 15:57:30,38.3 Mb/s
2024-10-19 15:58:00,29.5 Mb/s
2024-10-19 15:58:30,59.1 Mb/s
2024-10-19 15:59:00,25.7 Mb/s
2024-10-19 15:59:30,45.9 Mb/s
2024-10-19 16:00:00,28.7 Mb/s
2024-10-19 16:00:30,15.4 Mb/s
2024-10-19 16:01:00,53.8 Mb/s
2024-10-19 16:01:30,45.6 Mb/s
2024-10-19 16:02:00,22.0 Mb/s
2024-10-19 16:02:30,31.7 Mb/s
2024-10-19 16:03:00,30.6 Mb/s
2024-10-19 16:03:30,34.5 Mb/s
2024-10-19 16:04:00,65.0 Mb/s
2024-10-19 16:04:30,51.9 Mb/s
2024-10-19 16:05:00,85.0 Mb/s
2024-10-19 16:05:30,40.3 Mb/s
2024-10-19 16:06:00,9.39 Mb/s
2024-10-19 16:06:30,39.8 Mb/s
2024-10-19 16:07:00,28.7 Mb/s
2024-10-19 16:07:30,76.8 Mb/s
2024-10-19 16:08:00,28.4 Mb/s
2024-10-19 16:08:30,1.02 Mb/s
2024-10-19 16:09:30,11.4 Mb/s
2024-10-19 16:10:00,8.40 Mb/s
2024-10-19 16:10:30,8.60 Mb/s
2024-10-19 16:11:00,8.00 Mb/s
2024-10-19 16:11:30,6.76 Mb/s
2024-10-19 16:12:00,55.8 Mb/s
2024-10-19 16:12:30,45.8 Mb/s
2024-10-19 16:13:30,2.05 Mb/s
2024-10-19 16:14:00,1.10 Mb/s
2024-10-19 16:14:30,1.08 Mb/s
2024-10-19 16:15:00,57.9 Mb/s
2024-10-19 16:15:30,43.6 Mb/s
2024-10-19 16:16:00,361 kb/s
2024-10-19 16:16:30,167 kb/s
2024-10-19 16:17:00,1.24 Mb/s
2024-10-19 16:17:30,4.87 Mb/s
2024-10-19 16:18:00,15.6 Mb/s
2024-10-19 16:18:30,15.7 Mb/s
2024-10-19 16:19:00,15.4 Mb/s
2024-10-19 16:19:30,3.90 Mb/s
2024-10-19 16:20:00,64.5 Mb/s
2024-10-19 16:20:30,59.8 Mb/s
2024-10-19 16:21:00,64.8 Mb/s
2024-10-19 16:21:30,34.1 Mb/s
2024-10-19 16:22:00,52.2 Mb/s
2024-10-19 16:22:30,71.4 Mb/s
2024-10-19 16:23:00,30.2 Mb/s
2024-10-19 16:23:30,30.8 Mb/s
2024-10-19 16:24:00,45.1 Mb/s
2024-10-19 16:24:30,66.9 Mb/s
2024-10-19 16:25:30,15.7 Mb/s
2024-10-19 16:26:00,13.1 Mb/s
2024-10-19 16:26:30,9.45 Mb/s
2024-10-19 16:27:00,1.35 Mb/s
2024-10-19 16:27:30,2.73 Mb/s
2024-10-19 16:28:00,3.12 Mb/s
2024-10-19 16:28:30,2.90 Mb/s
2024-10-19 16:29:30,2.32 Mb/s
2024-10-19 16:30:00,30.5 Mb/s
2024-10-19 16:30:30,30.4 Mb/s
2024-10-19 16:31:00,16.5 Mb/s
2024-10-19 16:31:30,47.1 Mb/s
2024-10-19 16:32:00,46.2 Mb/s
2024-10-19 16:32:30,56.4 Mb/s
2024-10-19 16:33:30,17.2 Mb/s
2024-10-19 16:34:00,28.4 Mb/s
2024-10-19 16:34:30,4.29 Mb/s
2024-10-19 16:35:00,21.0 Mb/s
2024-10-19 16:35:30,20.7 Mb/s
2024-10-19 16:36:00,42.8 Mb/s
2024-10-19 16:36:30,53.3 Mb/s
2024-10-19 16:37:00,53.8 Mb/s
2024-10-19 16:37:30,38.3 Mb/s
2024-10-19 16:38:00,28.5 Mb/s
2024-10-19 16:38:30,60.3 Mb/s
2024-10-19 16:39:00,13.9 Mb/s
2024-10-19 16:39:30,30.8 Mb/s
2024-10-19 16:40:00,26.5 Mb/s
2024-10-19 16:40:30,16.6 Mb/s
2024-10-19 16:41:00,91.3 Mb/s
2024-10-19 16:41:30,58.0 Mb/s
2024-10-19 16:42:00,28.6 Mb/s
2024-10-19 16:42:30,41.3 Mb/s
2024-10-19 16:43:00,65.1 Mb/s
2024-10-19 16:43:30,28.6 Mb/s
2024-10-19 16:44:00,168 kb/s
2024-10-19 16:44:30,160 kb/s
2024-10-19 16:45:30,1.85 Mb/s
2024-10-19 16:46:00,760 kb/s
2024-10-19 16:46:30,4.27 Mb/s
2024-10-19 16:47:00,30.7 Mb/s
2024-10-19 16:47:30,25.5 Mb/s
2024-10-19 16:48:00,15.4 Mb/s
2024-10-19 16:48:30,168 kb/s
2024-10-19 16:49:00,259 kb/s
2024-10-19 16:49:30,14.5 Mb/s
2024-10-19 16:50:00,33.7 Mb/s
2024-10-19 16:50:30,22.4 Mb/s
2024-10-19 16:51:00,73.3 Mb/s
2024-10-19 16:51:30,70.5 Mb/s
2024-10-19 16:52:00,32.6 Mb/s
2024-10-19 16:52:30,82.0 Mb/s
2024-10-19 16:53:00,4.70 Mb/s
2024-10-19 16:53:30,2.21 Mb/s
2024-10-19 16:54:00,16.2 Mb/s
2024-10-19 16:54:30,27.1 Mb/s
2024-10-19 16:55:00,27.2 Mb/s
2024-10-19 16:55:30,9.92 Mb/s
2024-10-19 16:56:00,63.2 Mb/s
2024-10-19 16:56:30,49.2 Mb/s
2024-10-19 16:57:00,17.7 Mb/s
2024-10-19 16:57:30,26.6 Mb/s
2024-10-19 16:58:00,28.3 Mb/s
2024-10-19 16:58:30,97.1 Mb/s
2024-10-19 16:59:00,82.6 Mb/s
2024-10-19 16:59:30,534 kb/s
2024-10-19 17:00:00,1.21 Mb/s
2024-10-19 17:00:30,8.18 Mb/s
2024-10-19 17:01:00,29.4 Mb/s
2024-10-19 17:01:30,5.36 Mb/s
2024-10-19 17:02:00,161 kb/s
2024-10-19 17:02:30,967 kb/s
2024-10-19 17:03:00,7.21 Mb/s
2024-10-19 17:03:30,39.3 Mb/s
2024-10-19 17:04:00,40.1 Mb/s
2024-10-19 17:04:30,4.84 Mb/s
2024-10-19 17:05:00,2.34 Mb/s
2024-10-19 17:05:30,13.1 Mb/s
2024-10-19 17:06:00,13.1 Mb/s
2024-10-19 17:06:30,13.1 Mb/s
2024-10-19 17:07:00,10.4 Mb/s
2024-10-19 17:07:30,16.4 Mb/s
2024-10-19 17:08:00,47.7 Mb/s
2024-10-19 17:08:30,47.7 Mb/s
2024-10-19 17:09:00,6.73 Mb/s
2024-10-19 17:09:30,59.7 Mb/s
2024-10-19 17:10:00,58.7 Mb/s
2024-10-19 17:10:30,34.9 Mb/s
2024-10-19 17:11:00,20.5 Mb/s
2024-10-19 17:11:30,23.7 Mb/s
2024-10-19 17:12:00,66.4 Mb/s
2024-10-19 17:12:30,38.7 Mb/s
2024-10-19 17:13:00,70.0 Mb/s
2024-10-19 17:13:30,72.4 Mb/s
2024-10-19 17:14:00,12.8 Mb/s
2024-10-19 17:14:30,30.7 Mb/s
2024-10-19 17:15:00,30.9 Mb/s
2024-10-19 17:15:30,30.5 Mb/s
2024-10-19 17:16:00,21.3 Mb/s
2024-10-19 17:16:30,34.6 Mb/s
2024-10-19 17:17:00,63.0 Mb/s
2024-10-19 17:17:30,87.4 Mb/s
2024-10-19 17:18:00,27.9 Mb/s
2024-10-19 17:18:30,56.6 Mb/s
2024-10-19 17:19:00,56.6 Mb/s
2024-10-19 17:19:30,48.1 Mb/s
2024-10-19 17:20:00,61.3 Mb/s
2024-10-19 17:20:30,89.0 Mb/s
2024-10-19 17:21:00,89.1 Mb/s
2024-10-19 17:21:30,65.6 Mb/s
2024-10-19 17:22:00,39.1 Mb/s
2024-10-19 17:22:30,46.2 Mb/s
2024-10-19 17:23:00,46.1 Mb/s
2024-10-19 17:23:30,46.2 Mb/s
2024-10-19 17:24:00,24.6 Mb/s
2024-10-19 17:24:30,49.3 Mb/s
2024-10-19 17:25:30,67.2 Mb/s
2024-10-19 17:26:00,31.9 Mb/s
2024-10-19 17:26:30,50.6 Mb/s
2024-10-19 17:27:00,37.3 Mb/s
2024-10-19 17:27:30,58.8 Mb/s
2024-10-19 17:28:00,60.7 Mb/s
2024-10-19 17:28:30,60.7 Mb/s
2024-10-19 17:29:30,12.9 Mb/s
2024-10-19 17:30:00,11.0 Mb/s
2024-10-19 17:30:30,11.0 Mb/s
2024-10-19 17:31:00,17.2 Mb/s
2024-10-19 17:31:30,10.1 Mb/s
2024-10-19 17:32:00,70.5 Mb/s
2024-10-19 17:32:30,157 kb/s
2024-10-19 17:33:00,167 kb/s
2024-10-19 17:33:30,45.8 Mb/s
2024-10-19 17:34:00,73.0 Mb/s
2024-10-19 17:34:30,68.7 Mb/s
2024-10-19 17:35:00,16.4 Mb/s
2024-10-19 17:35:30,66.9 Mb/s
2024-10-19 17:36:00,66.6 Mb/s
2024-10-19 17:36:30,47.9 Mb/s
2024-10-19 17:37:30,41.8 Mb/s
2024-10-19 17:38:00,38.0 Mb/s
2024-10-19 17:38:30,22.3 Mb/s
2024-10-19 17:39:00,162 kb/s
2024-10-19 17:39:30,162 kb/s
2024-10-19 17:40:00,161 kb/s
2024-10-19 17:40:30,157 kb/s
2024-10-19 17:41:30,22.3 Mb/s
2024-10-19 17:42:00,1.82 Mb/s
2024-10-19 17:42:30,21.4 Mb/s
2024-10-19 17:43:00,44.7 Mb/s
2024-10-19 17:43:30,29.4 Mb/s
2024-10-19 17:44:00,91.0 Mb/s
2024-10-19 17:44:30,21.8 Mb/s
2024-10-19 17:45:30,24.0 Mb/s
2024-10-19 17:46:00,45.0 Mb/s
2024-10-19 17:46:30,20.3 Mb/s
2024-10-19 17:47:00,58.9 Mb/s
2024-10-19 17:47:30,35.0 Mb/s
2024-10-19 17:48:00,37.1 Mb/s
2024-10-19 17:48:30,36.9 Mb/s
2024-10-19 17:49:00,49.1 Mb/s
2024-10-19 17:49:30,26.2 Mb/s
2024-10-19 17:50:00,162 kb/s
2024-10-19 17:50:30,34.8 Mb/s
2024-10-19 17:51:00,28.7 Mb/s
2024-10-19 17:51:30,64.4 Mb/s
2024-10-19 17:52:00,62.7 Mb/s
2024-10-19 17:52:30,86.3 Mb/s
2024-10-19 17:53:00,19.3 Mb/s
2024-10-19 17:53:30,16.8 Mb/s
2024-10-19 17:54:00,30.8 Mb/s
2024-10-19 17:54:30,26.6 Mb/s
2024-10-19 17:55:00,53.9 Mb/s
2024-10-19 17:55:30,53.9 Mb/s
2024-10-19 17:56:00,53.6 Mb/s
2024-10-19 17:56:30,35.6 Mb/s
2024-10-19 17:57:00,32.9 Mb/s
2024-10-19 17:57:30,33.4 Mb/s
2024-10-19 17:58:00,33.4 Mb/s
2024-10-19 17:58:30,15.3 Mb/s
2024-10-19 17:59:00,168 kb/s
2024-10-19 17:59:30,158 kb/s
2024-10-19 18:00:00,167 kb/s
2024-10-19 18:00:30,10.6 Mb/s
2024-10-19 18:01:30,5.47 Mb/s
2024-10-19 18:02:00,13.3 Mb/s
2024-10-19 18:02:30,12.8 Mb/s
2024-10-19 18:03:00,5.80 Mb/s
2024-10-19 18:03:30,7.73 Mb/s
2024-10-19 18:04:00,7.61 Mb/s
2024-10-19 18:04:30,1.11 Mb/s
2024-10-19 18:05:30,56.6 Mb/s
2024-10-19 18:06:00,33.1 Mb/s
2024-10-19 18:06:30,27.5 Mb/s
2024-10-19 18:07:00,8.50 Mb/s
2024-10-19 18:07:30,23.9 Mb/s
2024-10-19 18:08:00,20.5 Mb/s
2024-10-19 18:08:30,3.35 Mb/s
2024-10-19 18:09:00,54.0 Mb/s
2024-10-19 18:09:30,77.6 Mb/s
2024-10-19 18:10:00,7.83 Mb/s
2024-10-19 18:10:30,58.6 Mb/s
2024-10-19 18:11:00,58.7 Mb/s
2024-10-19 18:11:30,48.8 Mb/s
2024-10-19 18:12:00,81.4 Mb/s
2024-10-19 18:12:30,74.0 Mb/s
2024-10-19 18:13:00,56.5 Mb/s
2024-10-19 18:13:30,45.8 Mb/s
2024-10-19 18:14:00,47.6 Mb/s
2024-10-19 18:14:30,16.1 Mb/s
2024-10-19 18:15:00,26.3 Mb/s
2024-10-19 18:15:30,26.8 Mb/s
2024-10-19 18:16:00,27.0 Mb/s
2024-10-19 18:16:30,11.8 Mb/s
2024-10-19 18:17:00,22.1 Mb/s
2024-10-19 18:17:30,22.2 Mb/s
2024-10-19 18:18:00,3.81 Mb/s
2024-10-19 18:18:30,65.5 Mb/s
2024-10-19 18:19:00,65.1 Mb/s
2024-10-19 18:19:30,61.3 Mb/s
2024-10-19 18:20:00,15.7 Mb/s
2024-10-19 18:20:30,57.7 Mb/s
2024-10-19 18:21:00,6.44 Mb/s
2024-10-19 18:21:30,1.22 Mb/s
2024-10-19 18:22:00,2.91 Mb/s
2024-10-19 18:22:30,22.3 Mb/s
2024-10-19 18:23:00,22.1 Mb/s
2024-10-19 18:23:30,22.1 Mb/s
2024-10-19 18:24:00,11.1 Mb/s
2024-10-19 18:24:30,2.15 Mb/s
2024-10-19 18:25:00,42.9 Mb/s
2024-10-19 18:25:30,44.0 Mb/s
2024-10-19 18:26:00,16.5 Mb/s
2024-10-19 18:26:30,358 kb/s
2024-10-19 18:27:00,17.1 Mb/s
2024-10-19 18:27:30,30.0 Mb/s
2024-10-19 18:28:00,37.5 Mb/s
2024-10-19 18:28:30,5.96 Mb/s
2024-10-19 18:29:30,36.6 Mb/s
2024-10-19 18:30:00,78.3 Mb/s
2024-10-19 18:30:30,12.6 Mb/s
2024-10-19 18:31:00,78.2 Mb/s
2024-10-19 18:31:30,79.5 Mb/s
2024-10-19 18:32:00,58.3 Mb/s
2024-10-19 18:32:30,72.6 Mb/s
2024-10-19 18:33:30,49.9 Mb/s
2024-10-19 18:34:00,26.9 Mb/s
2024-10-19 18:34:30,96.8 Mb/s
2024-10-19 18:35:00,69.4 Mb/s
2024-10-19 18:35:30,70.1 Mb/s
2024-10-19 18:36:00,70.1 Mb/s
2024-10-19 18:36:30,70.1 Mb/s
2024-10-19 18:37:00,10.8 Mb/s
2024-10-19 18:37:30,566 kb/s
2024-10-19 18:38:00,9.47 Mb/s
2024-10-19 18:38:30,12.3 Mb/s
2024-10-19 18:39:00,12.2 Mb/s
2024-10-19 18:39:30,11.6 Mb/s
2024-10-19 18:40:00,3.59 Mb/s
2024-10-19 18:40:30,18.2 Mb/s
2024-10-19 18:41:00,20.7 Mb/s
2024-10-19 18:41:30,9.52 Mb/s
2024-10-19 18:42:00,19.6 Mb/s
2024-10-19 18:42:30,25.1 Mb/s
2024-10-19 18:43:00,25.0 Mb/s
2024-10-19 18:43:30,6.84 Mb/s
2024-10-19 18:44:00,40.3 Mb/s
2024-10-19 18:44:30,13.9 Mb/s
2024-10-19 18:45:30,49.6 Mb/s
2024-10-19 18:46:00,45.0 Mb/s
2024-10-19 18:46:30,45.2 Mb/s
2024-10-19 18:47:00,17.6 Mb/s
2024-10-19 18:47:30,1.26 Mb/s
2024-10-19 18:48:00,10.4 Mb/s
2024-10-19 18:48:30,88.8 Mb/s
2024-10-19 18:49:00,69.4 Mb/s
2024-10-19 18:49:30,20.2 Mb/s
2024-10-19 18:50:00,38.3 Mb/s
2024-10-19 18:50:30,21.1 Mb/s
2024-10-19 18:51:00,74.6 Mb/s
2024-10-19 18:51:30,55.7 Mb/s
2024-10-19 18:52:00,61.5 Mb/s
2024-10-19 18:52:30,77.4 Mb/s
2024-10-19 18:53:00,77.5 Mb/s
2024-10-19 18:53:30,20.5 Mb/s
2024-10-19 18:54:00,45.3 Mb/s
2024-10-19 18:54:30,6.36 Mb/s
2024-10-19 18:55:00,20.8 Mb/s
2024-10-19 18:55:30,21.2 Mb/s
2024-10-19 18:56:00,21.2 Mb/s
2024-10-19 18:56:30,21.1 Mb/s
2024-10-19 18:57:30,34.4 Mb/s
2024-10-19 18:58:00,66.1 Mb/s
2024-10-19 18:58:30,162 kb/s
2024-10-19 18:59:00,768 kb/s
2024-10-19 18:59:30,10.1 Mb/s
2024-10-19 19:00:00,34.6 Mb/s
2024-10-19 19:00:30,9.91 Mb/s
2024-10-19 19:01:00,14.2 Mb/s
2024-10-19 19:01:30,15.2 Mb/s
2024-10-19 19:02:00,21.7 Mb/s
2024-10-19 19:02:30,104 Mb/s
2024-10-19 19:03:00,123 Mb/s
2024-10-19 19:03:30,29.2 Mb/s
2024-10-19 19:04:00,81.4 Mb/s
2024-10-19 19:04:30,82.2 Mb/s
2024-10-19 19:05:00,12.0 Mb/s
2024-10-19 19:05:30,17.1 Mb/s
2024-10-19 19:06:00,38.0 Mb/s
2024-10-19 19:06:30,38.1 Mb/s
2024-10-19 19:07:00,38.0 Mb/s
2024-10-19 19:07:30,19.5 Mb/s
2024-10-19 19:08:00,31.1 Mb/s
2024-10-19 19:08:30,66.6 Mb/s
2024-10-19 19:09:00,34.9 Mb/s
2024-10-19 19:09:30,93.3 Mb/s
2024-10-19 19:10:00,93.1 Mb/s
2024-10-19 19:10:30,30.1 Mb/s
2024-10-19 19:11:00,19.1 Mb/s
2024-10-19 19:11:30,33.6 Mb/s
2024-10-19 19:12:00,33.6 Mb/s
2024-10-19 19:12:30,33.6 Mb/s
2024-10-19 19:13:00,747 kb/s
2024-10-19 19:13:30,76.1 Mb/s
2024-10-19 19:14:00,77.4 Mb/s
2024-10-19 19:14:30,77.5 Mb/s
2024-10-19 19:15:00,77.5 Mb/s
2024-10-19 19:15:30,27.4 Mb/s
2024-10-19 19:16:00,39.9 Mb/s
2024-10-19 19:16:30,39.9 Mb/s
2024-10-19 19:17:30,2.39 Mb/s
2024-10-19 19:18:00,26.4 Mb/s
2024-10-19 19:18:30,68.2 Mb/s
2024-10-19 19:19:00,36.0 Mb/s
2024-10-19 19:19:30,73.2 Mb/s
2024-10-19 19:20:00,54.8 Mb/s
2024-10-19 19:20:30,53.6 Mb/s
2024-10-19 19:21:30,14.8 Mb/s
2024-10-19 19:22:00,11.4 Mb/s
2024-10-19 19:22:30,14.5 Mb/s
2024-10-19 19:23:00,14.5 Mb/s
2024-10-19 19:23:30,53.4 Mb/s
2024-10-19 19:24:00,72.7 Mb/s
2024-10-19 19:24:30,91.1 Mb/s
2024-10-19 19:25:30,28.4 Mb/s
2024-10-19 19:26:00,27.3 Mb/s
2024-10-19 19:26:30,26.7 Mb/s
2024-10-19 19:27:00,28.2 Mb/s
2024-10-19 19:27:30,48.2 Mb/s
2024-10-19 19:28:00,26.4 Mb/s
2024-10-19 19:28:30,2.54 Mb/s
2024-10-19 19:29:30,16.1 Mb/s
2024-10-19 19:30:00,17.3 Mb/s
2024-10-19 19:30:30,20.8 Mb/s
2024-10-19 19:31:00,15.2 Mb/s
2024-10-19 19:31:30,13.6 Mb/s
2024-10-19 19:32:00,12.5 Mb/s
2024-10-19 19:32:30,7.80 Mb/s
2024-10-19 19:33:30,6.19 Mb/s
2024-10-19 19:34:00,335 kb/s
2024-10-19 19:34:30,82.5 Mb/s
2024-10-19 19:35:00,99.5 Mb/s
2024-10-19 19:35:30,99.4 Mb/s
2024-10-19 19:36:00,93.1 Mb/s
2024-10-19 19:36:30,444 kb/s
2024-10-19 19:37:30,82.0 Mb/s
2024-10-19 19:38:00,61.4 Mb/s
2024-10-19 19:38:30,1.21 Mb/s
2024-10-19 19:39:00,880 kb/s
2024-10-19 19:39:30,19.0 Mb/s
2024-10-19 19:40:00,65.4 Mb/s
2024-10-19 19:40:30,51.8 Mb/s
2024-10-19 19:41:30,53.3 Mb/s
2024-10-19 19:42:00,56.3 Mb/s
2024-10-19 19:42:30,55.4 Mb/s
2024-10-19 19:43:00,55.3 Mb/s
2024-10-19 19:43:30,14.8 Mb/s
2024-10-19 19:44:00,22.6 Mb/s
2024-10-19 19:44:30,61.9 Mb/s
2024-10-19 19:45:30,27.2 Mb/s
2024-10-19 19:46:00,6.90 Mb/s
2024-10-19 19:46:30,68.1 Mb/s
2024-10-19 19:47:00,75.2 Mb/s
2024-10-19 19:47:30,75.5 Mb/s
2024-10-19 19:48:00,36.5 Mb/s
2024-10-19 19:48:30,11.4 Mb/s
2024-10-19 19:49:30,39.9 Mb/s
2024-10-19 19:50:00,32.3 Mb/s
2024-10-19 19:50:30,15.8 Mb/s
2024-10-19 19:51:00,15.8 Mb/s
2024-10-19 19:51:30,15.9 Mb/s
2024-10-19 19:52:00,8.64 Mb/s
2024-10-19 19:52:30,6.91 Mb/s
2024-10-19 19:53:00,33.3 Mb/s
2024-10-19 19:53:30,37.8 Mb/s
2024-10-19 19:54:00,13.2 Mb/s
2024-10-19 19:54:30,77.5 Mb/s
2024-10-19 19:55:00,94.1 Mb/s
2024-10-19 19:55:30,94.4 Mb/s
2024-10-19 19:56:00,94.2 Mb/s
2024-10-19 19:56:30,20.5 Mb/s
2024-10-19 19:57:30,35.7 Mb/s
2024-10-19 19:58:00,71.3 Mb/s
2024-10-19 19:58:30,64.3 Mb/s
2024-10-19 19:59:00,32.7 Mb/s
2024-10-19 19:59:30,39.4 Mb/s
2024-10-19 20:00:00,70.3 Mb/s
2024-10-19 20:00:30,28.1 Mb/s
2024-10-19 20:01:30,21.5 Mb/s
2024-10-19 20:02:00,7.90 Mb/s
2024-10-19 20:02:30,33.0 Mb/s
2024-10-19 20:03:00,20.6 Mb/s
2024-10-19 20:03:30,83.3 Mb/s
2024-10-19 20:04:00,82.9 Mb/s
2024-10-19 20:04:30,82.7 Mb/s
2024-10-19 20:05:00,26.9 Mb/s
2024-10-19 20:05:30,21.6 Mb/s
2024-10-19 20:06:00,41.2 Mb/s
2024-10-19 20:06:30,17.9 Mb/s
2024-10-19 20:07:00,66.2 Mb/s
2024-10-19 20:07:30,43.6 Mb/s
2024-10-19 20:08:00,158 kb/s
2024-10-19 20:08:30,164 kb/s
2024-10-19 20:09:30,114 Mb/s
2024-10-19 20:10:00,98.7 Mb/s
2024-10-19 20:10:30,22.1 Mb/s
2024-10-19 20:11:00,25.2 Mb/s
2024-10-19 20:11:30,18.9 Mb/s
2024-10-19 20:12:00,43.6 Mb/s
2024-10-19 20:12:30,59.4 Mb/s
2024-10-19 20:13:00,61.5 Mb/s
2024-10-19 20:13:30,61.8 Mb/s
2024-10-19 20:14:00,37.8 Mb/s
2024-10-19 20:14:30,1.04 Mb/s
2024-10-19 20:15:00,2.25 Mb/s
2024-10-19 20:15:30,409 kb/s
2024-10-19 20:16:00,162 kb/s
2024-10-19 20:16:30,13.3 Mb/s
2024-10-19 20:17:30,79.6 Mb/s
2024-10-19 20:18:00,71.5 Mb/s
2024-10-19 20:18:30,71.6 Mb/s
2024-10-19 20:19:00,48.5 Mb/s
2024-10-19 20:19:30,55.6 Mb/s
2024-10-19 20:20:00,98.4 Mb/s
2024-10-19 20:20:30,98.3 Mb/s
2024-10-19 20:21:30,5.18 Mb/s
2024-10-19 20:21:59,157 kb/s