"Time","payload_data_details_txFailed {Aptech=""wifi"", mac_address=""c8:3a:35:ac:04:5d""}"
2024-10-18 20:21:30,283113
2024-10-18 20:22:00,283113
2024-10-18 20:22:30,283113
2024-10-18 20:23:00,290904
2024-10-18 20:23:30,328855
2024-10-18 20:24:00,329475
2024-10-18 20:24:30,329475
2024-10-18 20:25:30,329475
2024-10-18 20:26:00,329475
2024-10-18 20:26:30,329475
2024-10-18 20:27:00,329475
2024-10-18 20:27:30,423179
2024-10-18 20:28:00,585995
2024-10-18 20:28:30,601703
2024-10-18 20:29:00,601703
2024-10-18 20:29:30,601703
2024-10-18 20:30:00,602412
2024-10-18 20:30:30,637334
2024-10-18 20:31:00,672201
2024-10-18 20:31:30,745591
2024-10-18 20:32:00,753831
2024-10-18 20:32:30,753831
2024-10-18 20:33:00,753831
2024-10-18 20:33:30,753831
2024-10-18 20:34:00,753831
2024-10-18 20:34:30,754485
2024-10-18 20:35:00,760658
2024-10-18 20:35:30,760689
2024-10-18 20:36:00,760689
2024-10-18 20:36:30,760689
2024-10-18 20:37:30,760689
2024-10-18 20:38:00,799066
2024-10-18 20:38:30,885728
2024-10-18 20:39:00,887405
2024-10-18 20:39:30,895718
2024-10-18 20:40:00,900946
2024-10-18 20:40:30,900946
2024-10-18 20:41:00,900946
2024-10-18 20:41:30,900946
2024-10-18 20:42:00,900946
2024-10-18 20:42:30,900946
2024-10-18 20:43:00,900946
2024-10-18 20:43:30,900946
2024-10-18 20:44:00,900946
2024-10-18 20:44:30,900946
2024-10-18 20:45:00,900946
2024-10-18 20:45:30,900946
2024-10-18 20:46:00,900946
2024-10-18 20:46:30,900946
2024-10-18 20:47:00,900946
2024-10-18 20:47:30,900946
2024-10-18 20:48:00,908053
2024-10-18 20:48:30,912971
2024-10-18 20:49:30,984762
2024-10-18 20:50:00,1012250
2024-10-18 20:50:30,1012250
2024-10-18 20:51:00,1012250
2024-10-18 20:51:30,1012250
2024-10-18 20:52:00,1012250
2024-10-18 20:52:30,1015030
2024-10-18 20:53:00,1040013
2024-10-18 20:53:30,1053883
2024-10-18 20:54:00,1055913
2024-10-18 20:54:30,1055913
2024-10-18 20:55:00,1055913
2024-10-18 20:55:30,1055913
2024-10-18 20:56:00,1055913
2024-10-18 20:56:30,1055913
2024-10-18 20:57:00,1055913
2024-10-18 20:57:30,1057506
2024-10-18 20:58:00,1058188
2024-10-18 20:58:30,1058188
2024-10-18 20:59:00,1058188
2024-10-18 20:59:30,1058188
2024-10-18 21:00:00,1058287
2024-10-18 21:00:30,1075368
2024-10-18 21:01:00,1101974
2024-10-18 21:01:30,1148230
2024-10-18 21:02:00,1172444
2024-10-18 21:02:30,1172444
2024-10-18 21:03:00,1172444
2024-10-18 21:03:30,1172444
2024-10-18 21:04:00,1172444
2024-10-18 21:04:30,1172444
2024-10-18 21:05:00,1172444
2024-10-18 21:05:30,1213744
2024-10-18 21:06:00,1270973
2024-10-18 21:06:30,1278979
2024-10-18 21:07:00,1281194
2024-10-18 21:07:30,1281194
2024-10-18 21:08:00,1281194
2024-10-18 21:08:30,1281194
2024-10-18 21:09:00,1281194
2024-10-18 21:09:30,1281194
2024-10-18 21:10:00,1281194
2024-10-18 21:10:30,1281194
2024-10-18 21:11:00,1281194
2024-10-18 21:11:30,1281194
2024-10-18 21:12:00,1281194
2024-10-18 21:12:30,1281194
2024-10-18 21:13:00,1282435
2024-10-18 21:13:30,1299419
2024-10-18 21:14:00,1327655
2024-10-18 21:14:30,1380023
2024-10-18 21:15:00,1392283
2024-10-18 21:15:30,1392283
2024-10-18 21:16:00,1392283
2024-10-18 21:16:30,1392283
2024-10-18 21:17:00,1392283
2024-10-18 21:17:30,1392283
2024-10-18 21:18:00,1392283
2024-10-18 21:18:30,1392604
2024-10-18 21:19:00,1395942
2024-10-18 21:19:30,1395942
2024-10-18 21:20:00,1395942
2024-10-18 21:20:30,1395942
2024-10-18 21:21:00,1395942
2024-10-18 21:21:30,1395942
2024-10-18 21:22:00,1395942
2024-10-18 21:22:30,1395942
2024-10-18 21:23:00,1395942
2024-10-18 21:23:30,1395942
2024-10-18 21:24:00,1395942
2024-10-18 21:24:30,1395942
2024-10-18 21:25:30,1395942
2024-10-18 21:26:00,1395942
2024-10-18 21:26:30,1395942
2024-10-18 21:27:00,1395942
2024-10-18 21:27:30,1395942
2024-10-18 21:28:00,1434553
2024-10-18 21:28:30,1479255
2024-10-18 21:29:00,1479284
2024-10-18 21:29:30,1479284
2024-10-18 21:30:00,1479284
2024-10-18 21:30:30,1479284
2024-10-18 21:31:00,1479284
2024-10-18 21:31:30,1479284
2024-10-18 21:32:00,1479284
2024-10-18 21:32:30,1479284
2024-10-18 21:33:00,1479284
2024-10-18 21:33:30,1479284
2024-10-18 21:34:00,1479284
2024-10-18 21:34:30,1479284
2024-10-18 21:35:00,1479284
2024-10-18 21:35:30,1479284
2024-10-18 21:36:00,1479284
2024-10-18 21:36:30,1479284
2024-10-18 21:37:00,1484599
2024-10-18 21:37:30,1489245
2024-10-18 21:38:00,1489245
2024-10-18 21:38:30,1489245
2024-10-18 21:39:00,1489245
2024-10-18 21:39:30,1489245
2024-10-18 21:40:00,1489245
2024-10-18 21:40:30,1489245
2024-10-18 21:41:00,1489245
2024-10-18 21:41:30,1489245
2024-10-18 21:42:00,1489245
2024-10-18 21:42:30,1489245
2024-10-18 21:43:00,1489245
2024-10-18 21:43:30,1489245
2024-10-18 21:44:00,1489245
2024-10-18 21:44:30,1489245
2024-10-18 21:45:00,1489245
2024-10-18 21:45:30,1489245
2024-10-18 21:46:00,1489245
2024-10-18 21:46:30,1489245
2024-10-18 21:47:00,1489245
2024-10-18 21:47:30,1489245
2024-10-18 21:48:00,1489245
2024-10-18 21:48:30,1489245
2024-10-18 21:49:00,1489245
2024-10-18 21:49:30,1489245
2024-10-18 21:50:00,1489245
2024-10-18 21:50:30,1489245
2024-10-18 21:51:00,1499165
2024-10-18 21:51:30,1558713
2024-10-18 21:52:00,1631428
2024-10-18 21:52:30,1695179
2024-10-18 21:53:00,1720495
2024-10-18 21:53:30,1720495
2024-10-18 21:54:00,1720495
2024-10-18 21:54:30,1720495
2024-10-18 21:55:00,1722573
2024-10-18 21:55:30,1759249
2024-10-18 21:56:00,1808865
2024-10-18 21:56:30,1808865
2024-10-18 21:57:00,1808865
2024-10-18 21:57:30,1808865
2024-10-18 21:58:00,1808865
2024-10-18 21:58:30,1808865
2024-10-18 21:59:00,1808865
2024-10-18 21:59:30,1808865
2024-10-18 22:00:00,1808865
2024-10-18 22:00:30,1808865
2024-10-18 22:01:00,1808865
2024-10-18 22:01:30,1808865
2024-10-18 22:02:00,1808865
2024-10-18 22:02:30,1808865
2024-10-18 22:03:00,1808865
2024-10-18 22:03:30,1808865
2024-10-18 22:04:00,1808865
2024-10-18 22:04:30,1808865
2024-10-18 22:05:00,1808865
2024-10-18 22:05:30,1808865
2024-10-18 22:06:00,1808865
2024-10-18 22:06:30,1808865
2024-10-18 22:07:00,1808865
2024-10-18 22:07:30,1808865
2024-10-18 22:08:00,1808865
2024-10-18 22:08:30,1808865
2024-10-18 22:09:00,1808865
2024-10-18 22:09:30,1808865
2024-10-18 22:10:00,1808865
2024-10-18 22:10:30,1808865
2024-10-18 22:11:00,1808865
2024-10-18 22:11:30,1808865
2024-10-18 22:12:00,1808865
2024-10-18 22:12:30,1808865
2024-10-18 22:13:00,1808865
2024-10-18 22:13:30,1808865
2024-10-18 22:14:00,1808865
2024-10-18 22:14:30,1808865
2024-10-18 22:15:00,1808865
2024-10-18 22:15:30,1808865
2024-10-18 22:16:00,1808865
2024-10-18 22:16:30,1808865
2024-10-18 22:17:00,1808865
2024-10-18 22:17:30,1823823
2024-10-18 22:18:00,1838904
2024-10-18 22:18:30,1838904
2024-10-18 22:19:00,1839115
2024-10-18 22:19:30,1840395
2024-10-18 22:20:00,1840395
2024-10-18 22:20:30,1840395
2024-10-18 22:21:30,1840395
2024-10-18 22:22:00,1840395
2024-10-18 22:22:30,1840395
2024-10-18 22:23:00,1840395
2024-10-18 22:23:30,1840395
2024-10-18 22:24:00,1840395
2024-10-18 22:24:30,1840396
2024-10-18 22:25:00,1851510
2024-10-18 22:25:30,2000885
2024-10-18 22:26:00,2065755
2024-10-18 22:26:30,2105878
2024-10-18 22:27:00,2135485
2024-10-18 22:27:30,2139432
2024-10-18 22:28:00,2139432
2024-10-18 22:28:30,2139432
2024-10-18 22:29:00,2139432
2024-10-18 22:29:30,2139432
2024-10-18 22:30:00,2139432
2024-10-18 22:30:30,2139432
2024-10-18 22:31:00,2139432
2024-10-18 22:31:30,2139432
2024-10-18 22:32:00,2139432
2024-10-18 22:32:30,2139432
2024-10-18 22:33:00,2139432
2024-10-18 22:33:30,2139432
2024-10-18 22:34:00,2139432
2024-10-18 22:34:30,2139432
2024-10-18 22:35:00,2139432
2024-10-18 22:35:30,2139432
2024-10-18 22:36:00,2139432
2024-10-18 22:36:30,2139432
2024-10-18 22:37:00,2150235
2024-10-18 22:37:30,2264532
2024-10-18 22:38:00,2319682
2024-10-18 22:38:30,2319925
2024-10-18 22:39:00,2319925
2024-10-18 22:39:30,2319925
2024-10-18 22:40:00,2335438
2024-10-18 22:40:30,2383096
2024-10-18 22:41:00,2409689
2024-10-18 22:41:30,2409900
2024-10-18 22:42:00,2409900
2024-10-18 22:42:30,2409900
2024-10-18 22:43:00,2409900
2024-10-18 22:43:30,2409900
2024-10-18 22:44:00,2409900
2024-10-18 22:44:30,2409900
2024-10-18 22:45:00,2409900
2024-10-18 22:45:30,2409900
2024-10-18 22:46:00,2409900
2024-10-18 22:46:30,2409900
2024-10-18 22:47:00,2412971
2024-10-18 22:47:30,2495863
2024-10-18 22:48:00,2695352
2024-10-18 22:48:30,2783425
2024-10-18 22:49:30,2845313
2024-10-18 22:50:00,2874573
2024-10-18 22:50:30,2949312
2024-10-18 22:51:00,3056998
2024-10-18 22:51:30,3114131
2024-10-18 22:52:00,3136834
2024-10-18 22:52:30,3139224
2024-10-18 22:53:00,3139224
2024-10-18 22:53:30,3139224
2024-10-18 22:54:00,3139224
2024-10-18 22:54:30,3139224
2024-10-18 22:55:00,3139224
2024-10-18 22:55:30,3139224
2024-10-18 22:56:00,3139224
2024-10-18 22:56:30,3139224
2024-10-18 22:57:00,3139224
2024-10-18 22:57:30,3139224
2024-10-18 22:58:00,3139224
2024-10-18 22:58:30,3139224
2024-10-18 22:59:00,3190260
2024-10-18 22:59:30,3216291
2024-10-18 23:00:00,3216291
2024-10-18 23:00:30,3216291
2024-10-18 23:01:30,3216291
2024-10-18 23:02:00,3216291
2024-10-18 23:02:30,3216291
2024-10-18 23:03:00,3216291
2024-10-18 23:03:30,3216291
2024-10-18 23:04:00,3216291
2024-10-18 23:04:30,3216291
2024-10-18 23:05:00,3216291
2024-10-18 23:05:30,3216291
2024-10-18 23:06:00,3216291
2024-10-18 23:06:30,3216291
2024-10-18 23:07:00,3216291
2024-10-18 23:07:30,3216291
2024-10-18 23:08:00,3216291
2024-10-18 23:08:30,3216291
2024-10-18 23:09:00,3216291
2024-10-18 23:09:30,3216291
2024-10-18 23:10:00,3216291
2024-10-18 23:10:30,3216291
2024-10-18 23:11:00,3216291
2024-10-18 23:11:30,3216291
2024-10-18 23:12:00,3216291
2024-10-18 23:12:30,3221415
2024-10-18 23:13:00,3242601
2024-10-18 23:13:30,3266724
2024-10-18 23:14:00,3267982
2024-10-18 23:14:30,3267982
2024-10-18 23:15:00,3267982
2024-10-18 23:15:30,3269180
2024-10-18 23:16:00,3269232
2024-10-18 23:16:30,3269232
2024-10-18 23:17:00,3269232
2024-10-18 23:17:30,3269232
2024-10-18 23:18:00,3269232
2024-10-18 23:18:30,3269232
2024-10-18 23:19:00,3269232
2024-10-18 23:19:30,3270919
2024-10-18 23:20:00,3280309
2024-10-18 23:20:30,3281467
2024-10-18 23:21:00,3281467
2024-10-18 23:21:30,3281467
2024-10-18 23:22:00,3281467
2024-10-18 23:22:30,3281467
2024-10-18 23:23:00,3281467
2024-10-18 23:23:30,3281467
2024-10-18 23:24:00,3281467
2024-10-18 23:24:30,3281467
2024-10-18 23:25:00,3281467
2024-10-18 23:25:30,3281467
2024-10-18 23:26:00,3281467
2024-10-18 23:26:30,3285960
2024-10-18 23:27:00,3301592
2024-10-18 23:27:30,3304571
2024-10-18 23:28:00,3304571
2024-10-18 23:28:30,3305078
2024-10-18 23:29:00,3322532
2024-10-18 23:29:30,3354865
2024-10-18 23:30:00,3371641
2024-10-18 23:30:30,3371641
2024-10-18 23:31:00,3371641
2024-10-18 23:31:30,3371641
2024-10-18 23:32:00,3371641
2024-10-18 23:32:30,3371641
2024-10-18 23:33:00,3371641
2024-10-18 23:33:30,3371641
2024-10-18 23:34:00,3372748
2024-10-18 23:34:30,3397118
2024-10-18 23:35:00,3407341
2024-10-18 23:35:30,3416757
2024-10-18 23:36:00,3416757
2024-10-18 23:36:30,3416757
2024-10-18 23:37:00,3416757
2024-10-18 23:37:30,3416757
2024-10-18 23:38:00,3416757
2024-10-18 23:38:30,3416757
2024-10-18 23:39:00,3416757
2024-10-18 23:39:30,3416757
2024-10-18 23:40:00,3416757
2024-10-18 23:40:30,3416757
2024-10-18 23:41:00,3416757
2024-10-18 23:41:30,3416757
2024-10-18 23:42:00,3416757
2024-10-18 23:42:30,3417027
2024-10-18 23:43:00,3436018
2024-10-18 23:43:30,3467581
2024-10-18 23:44:00,3481775
2024-10-18 23:44:30,3482085
2024-10-18 23:45:00,3482085
2024-10-18 23:45:30,3482085
2024-10-18 23:46:00,3482085
2024-10-18 23:46:30,3482085
2024-10-18 23:47:00,3482085
2024-10-18 23:47:30,3482085
2024-10-18 23:48:00,3482085
2024-10-18 23:48:30,3482086
2024-10-18 23:49:00,3482086
2024-10-18 23:49:30,3482086
2024-10-18 23:50:00,3482086
2024-10-18 23:50:30,3482086
2024-10-18 23:51:00,3482086
2024-10-18 23:51:30,3482086
2024-10-18 23:52:00,3482086
2024-10-18 23:52:30,3482086
2024-10-18 23:53:00,3482086
2024-10-18 23:53:30,3482086
2024-10-18 23:54:00,3482086
2024-10-18 23:54:30,3482086
2024-10-18 23:55:00,3482086
2024-10-18 23:55:30,3482086
2024-10-18 23:56:00,3482086
2024-10-18 23:56:30,3482086
2024-10-18 23:57:00,3482086
2024-10-18 23:57:30,3482086
2024-10-18 23:58:00,3482086
2024-10-18 23:58:30,3482086
2024-10-18 23:59:00,3482086
2024-10-18 23:59:30,3482086
2024-10-19 00:00:00,3482086
2024-10-19 00:00:30,3482086
2024-10-19 00:01:00,3482086
2024-10-19 00:01:30,3482086
2024-10-19 00:02:00,3482086
2024-10-19 00:02:30,3482086
2024-10-19 00:03:00,3482086
2024-10-19 00:03:30,3491854
2024-10-19 00:04:00,3565535
2024-10-19 00:04:30,3580465
2024-10-19 00:05:00,3694656
2024-10-19 00:05:30,3708229
2024-10-19 00:06:00,3708229
2024-10-19 00:06:30,3708229
2024-10-19 00:07:00,3708229
2024-10-19 00:07:30,3708229
2024-10-19 00:08:00,3708229
2024-10-19 00:08:30,3708229
2024-10-19 00:09:00,3708229
2024-10-19 00:09:30,3708229
2024-10-19 00:10:00,3708229
2024-10-19 00:10:30,3708229
2024-10-19 00:11:00,3708664
2024-10-19 00:11:30,3778277
2024-10-19 00:12:00,3848007
2024-10-19 00:12:30,3848333
2024-10-19 00:13:00,3848333
2024-10-19 00:13:30,3848333
2024-10-19 00:14:00,3848333
2024-10-19 00:14:30,3852742
2024-10-19 00:15:00,3871108
2024-10-19 00:15:30,3971483
2024-10-19 00:16:00,4070549
2024-10-19 00:16:30,4070912
2024-10-19 00:17:30,4071227
2024-10-19 00:18:00,4071227
2024-10-19 00:18:30,4071227
2024-10-19 00:19:00,4071227
2024-10-19 00:19:30,4071227
2024-10-19 00:20:00,4071227
2024-10-19 00:20:30,4075930
2024-10-19 00:21:00,4091080
2024-10-19 00:21:30,4112956
2024-10-19 00:22:00,4138675
2024-10-19 00:22:30,4182764
2024-10-19 00:23:00,4183951
2024-10-19 00:23:30,4183951
2024-10-19 00:24:00,4183951
2024-10-19 00:24:30,4183951
2024-10-19 00:25:00,4184153
2024-10-19 00:25:30,4196187
2024-10-19 00:26:00,4200977
2024-10-19 00:26:30,4200977
2024-10-19 00:27:00,4200977
2024-10-19 00:27:30,4209860
2024-10-19 00:28:00,4287673
2024-10-19 00:28:30,4300191
2024-10-19 00:29:00,4300191
2024-10-19 00:29:30,4300191
2024-10-19 00:30:00,4300191
2024-10-19 00:30:30,4300191
2024-10-19 00:31:00,4300191
2024-10-19 00:31:30,4300191
2024-10-19 00:32:00,4300191
2024-10-19 00:32:30,4303876
2024-10-19 00:33:00,4324391
2024-10-19 00:33:30,4326641
2024-10-19 00:34:00,4326641
2024-10-19 00:34:30,4326641
2024-10-19 00:35:00,4326641
2024-10-19 00:35:30,4326641
2024-10-19 00:36:00,4326641
2024-10-19 00:36:30,4326642
2024-10-19 00:37:30,4326642
2024-10-19 00:38:00,4326642
2024-10-19 00:38:30,4326642
2024-10-19 00:39:00,4326642
2024-10-19 00:39:30,4326642
2024-10-19 00:40:00,4326642
2024-10-19 00:40:30,4326642
2024-10-19 00:41:00,4326642
2024-10-19 00:41:30,4326642
2024-10-19 00:42:00,4326642
2024-10-19 00:42:30,4326642
2024-10-19 00:43:00,4326642
2024-10-19 00:43:30,4336165
2024-10-19 00:44:00,4442542
2024-10-19 00:44:30,4475967
2024-10-19 00:45:00,4520786
2024-10-19 00:45:30,4541793
2024-10-19 00:46:00,4611467
2024-10-19 00:46:30,4694311
2024-10-19 00:47:00,4694586
2024-10-19 00:47:30,4694586
2024-10-19 00:48:00,4694586
2024-10-19 00:48:30,4694586
2024-10-19 00:49:00,4694586
2024-10-19 00:49:30,4694586
2024-10-19 00:50:00,4694586
2024-10-19 00:50:30,4694586
2024-10-19 00:51:00,4694586
2024-10-19 00:51:30,4694586
2024-10-19 00:52:00,4694586
2024-10-19 00:52:30,4694586
2024-10-19 00:53:00,4694586
2024-10-19 00:53:30,4694586
2024-10-19 00:54:00,4694586
2024-10-19 00:54:30,4694586
2024-10-19 00:55:00,4694586
2024-10-19 00:55:30,4694586
2024-10-19 00:56:00,4694586
2024-10-19 00:56:30,4694586
2024-10-19 00:57:30,4694586
2024-10-19 00:58:00,4694586
2024-10-19 00:58:30,4694586
2024-10-19 00:59:00,4694586
2024-10-19 00:59:30,4694586
2024-10-19 01:00:00,4694586
2024-10-19 01:00:30,4697061
2024-10-19 01:01:00,4702497
2024-10-19 01:01:30,4713812
2024-10-19 01:02:00,4834291
2024-10-19 01:02:30,4920552
2024-10-19 01:03:00,4920552
2024-10-19 01:03:30,4920552
2024-10-19 01:04:00,4920552
2024-10-19 01:04:30,4920552
2024-10-19 01:05:30,4920552
2024-10-19 01:06:00,4920552
2024-10-19 01:06:30,4920552
2024-10-19 01:07:00,4920552
2024-10-19 01:07:30,4920860
2024-10-19 01:08:00,4958381
2024-10-19 01:08:30,4970378
2024-10-19 01:09:00,4970378
2024-10-19 01:09:30,4970378
2024-10-19 01:10:00,4970378
2024-10-19 01:10:30,4970378
2024-10-19 01:11:00,4970378
2024-10-19 01:11:30,4970378
2024-10-19 01:12:00,4970378
2024-10-19 01:12:30,4970378
2024-10-19 01:13:00,4970378
2024-10-19 01:13:30,4970378
2024-10-19 01:14:00,4970378
2024-10-19 01:14:30,4970378
2024-10-19 01:15:00,4970378
2024-10-19 01:15:30,5014983
2024-10-19 01:16:00,5200649
2024-10-19 01:16:30,5246103
2024-10-19 01:17:30,5273928
2024-10-19 01:18:00,5273928
2024-10-19 01:18:30,5273928
2024-10-19 01:19:00,5273928
2024-10-19 01:19:30,5273928
2024-10-19 01:20:00,5273928
2024-10-19 01:20:30,5273928
2024-10-19 01:21:30,5338417
2024-10-19 01:22:00,5356383
2024-10-19 01:22:30,5436956
2024-10-19 01:23:00,5491677
2024-10-19 01:23:30,5494011
2024-10-19 01:24:00,5494011
2024-10-19 01:24:30,5494011
2024-10-19 01:25:30,5494011
2024-10-19 01:26:00,5494011
2024-10-19 01:26:30,5494011
2024-10-19 01:27:00,5494011
2024-10-19 01:27:30,5500978
2024-10-19 01:28:00,5555997
2024-10-19 01:28:30,5612970
2024-10-19 01:29:00,5612970
2024-10-19 01:29:30,5612970
2024-10-19 01:30:00,5612970
2024-10-19 01:30:30,5612970
2024-10-19 01:31:00,5612970
2024-10-19 01:31:30,5612970
2024-10-19 01:32:00,5612970
2024-10-19 01:32:30,5612970
2024-10-19 01:33:30,5612970
2024-10-19 01:34:00,5612970
2024-10-19 01:34:30,5612970
2024-10-19 01:35:00,5612970
2024-10-19 01:35:30,5612970
2024-10-19 01:36:00,5612970
2024-10-19 01:36:30,5612970
2024-10-19 01:37:00,5612970
2024-10-19 01:37:30,5612970
2024-10-19 01:38:00,5651913
2024-10-19 01:38:30,5701575
2024-10-19 01:39:00,5763960
2024-10-19 01:39:30,5786995
2024-10-19 01:40:00,5806688
2024-10-19 01:40:30,5806688
2024-10-19 01:41:00,5806716
2024-10-19 01:41:30,5825979
2024-10-19 01:42:00,5843980
2024-10-19 01:42:30,5853526
2024-10-19 01:43:00,5853526
2024-10-19 01:43:30,5853526
2024-10-19 01:44:00,5853526
2024-10-19 01:44:30,5853526
2024-10-19 01:45:00,5853526
2024-10-19 01:45:30,5853526
2024-10-19 01:46:00,5853526
2024-10-19 01:46:30,5853526
2024-10-19 01:47:00,5853526
2024-10-19 01:47:30,5853526
2024-10-19 01:48:00,5853526
2024-10-19 01:48:30,5853526
2024-10-19 01:49:00,5853526
2024-10-19 01:49:30,5853526
2024-10-19 01:50:00,5853526
2024-10-19 01:50:30,5853526
2024-10-19 01:51:00,5853526
2024-10-19 01:51:30,5853526
2024-10-19 01:52:00,5853526
2024-10-19 01:52:30,5853526
2024-10-19 01:53:00,5853526
2024-10-19 01:53:30,5853526
2024-10-19 01:54:00,5853526
2024-10-19 01:54:30,5853526
2024-10-19 01:55:00,5853526
2024-10-19 01:55:30,5853526
2024-10-19 01:56:00,5853526
2024-10-19 01:56:30,5853526
2024-10-19 01:57:30,5853526
2024-10-19 01:58:00,5853526
2024-10-19 01:58:30,5853526
2024-10-19 01:59:00,5853526
2024-10-19 01:59:30,5871235
2024-10-19 02:00:00,5896743
2024-10-19 02:00:30,5922446
2024-10-19 02:01:00,5992405
2024-10-19 02:01:30,5993861
2024-10-19 02:02:00,5993861
2024-10-19 02:02:30,5993861
2024-10-19 02:03:00,5993861
2024-10-19 02:03:30,5993861
2024-10-19 02:04:00,5993861
2024-10-19 02:04:30,5993861
2024-10-19 02:05:30,5993861
2024-10-19 02:06:00,5993861
2024-10-19 02:06:30,5993861
2024-10-19 02:07:00,5993861
2024-10-19 02:07:30,5993861
2024-10-19 02:08:00,5993861
2024-10-19 02:08:30,5993861
2024-10-19 02:09:00,5993861
2024-10-19 02:09:30,5993861
2024-10-19 02:10:00,5993861
2024-10-19 02:10:30,5993861
2024-10-19 02:11:00,5993861
2024-10-19 02:11:30,5995595
2024-10-19 02:12:00,6043931
2024-10-19 02:12:30,6065747
2024-10-19 02:13:00,6065747
2024-10-19 02:13:30,6065747
2024-10-19 02:14:00,6065747
2024-10-19 02:14:30,6065747
2024-10-19 02:15:00,6065747
2024-10-19 02:15:30,6065747
2024-10-19 02:16:00,6065747
2024-10-19 02:16:30,6065747
2024-10-19 02:17:00,6065747
2024-10-19 02:17:30,6065747
2024-10-19 02:18:00,6065747
2024-10-19 02:18:30,6065747
2024-10-19 02:19:00,6065747
2024-10-19 02:19:30,6065747
2024-10-19 02:20:00,6065747
2024-10-19 02:20:30,6065747
2024-10-19 02:21:00,6065747
2024-10-19 02:21:30,6065747
2024-10-19 02:22:00,6065747
2024-10-19 02:22:30,6065747
2024-10-19 02:23:00,6087411
2024-10-19 02:23:30,6097796
2024-10-19 02:24:00,6097796
2024-10-19 02:24:30,6097796
2024-10-19 02:25:30,6097796
2024-10-19 02:26:00,6097796
2024-10-19 02:26:30,6097796
2024-10-19 02:27:00,6097796
2024-10-19 02:27:30,6097796
2024-10-19 02:28:00,6097796
2024-10-19 02:28:30,6097796
2024-10-19 02:29:30,6097796
2024-10-19 02:30:00,6097796
2024-10-19 02:30:30,6097796
2024-10-19 02:31:00,6097796
2024-10-19 02:31:30,6097796
2024-10-19 02:32:00,6097796
2024-10-19 02:32:30,6097796
2024-10-19 02:33:00,6097796
2024-10-19 02:33:30,6097796
2024-10-19 02:34:00,6097796
2024-10-19 02:34:30,6098402
2024-10-19 02:35:00,6107306
2024-10-19 02:35:30,6110741
2024-10-19 02:36:00,6122997
2024-10-19 02:36:30,6123009
2024-10-19 02:37:00,6123009
2024-10-19 02:37:30,6123562
2024-10-19 02:38:00,6123673
2024-10-19 02:38:30,6123673
2024-10-19 02:39:00,6123673
2024-10-19 02:39:30,6123673
2024-10-19 02:40:00,6123673
2024-10-19 02:40:30,6123673
2024-10-19 02:41:00,6123673
2024-10-19 02:41:30,6123673
2024-10-19 02:42:00,6123673
2024-10-19 02:42:30,6123673
2024-10-19 02:43:00,6123673
2024-10-19 02:43:30,6123673
2024-10-19 02:44:00,6123673
2024-10-19 02:44:30,6123673
2024-10-19 02:45:00,6123673
2024-10-19 02:45:30,6123673
2024-10-19 02:46:00,6123673
2024-10-19 02:46:30,6123673
2024-10-19 02:47:00,6123673
2024-10-19 02:47:30,6123673
2024-10-19 02:48:00,6123673
2024-10-19 02:48:30,6123673
2024-10-19 02:49:30,6123673
2024-10-19 02:50:00,6123673
2024-10-19 02:50:30,6123673
2024-10-19 02:51:00,6123673
2024-10-19 02:51:30,6123673
2024-10-19 02:52:00,6123673
2024-10-19 02:52:30,6123673
2024-10-19 02:53:00,6123673
2024-10-19 02:53:30,6123673
2024-10-19 02:54:00,6123673
2024-10-19 02:54:30,6137071
2024-10-19 02:55:00,6144848
2024-10-19 02:55:30,6146053
2024-10-19 02:56:00,6146053
2024-10-19 02:56:30,6146053
2024-10-19 02:57:00,6146053
2024-10-19 02:57:30,6146053
2024-10-19 02:58:00,6146053
2024-10-19 02:58:30,6146053
2024-10-19 02:59:00,6146053
2024-10-19 02:59:30,6179222
2024-10-19 03:00:00,6206141
2024-10-19 03:00:30,6244997
2024-10-19 03:01:00,6245418
2024-10-19 03:01:30,6245418
2024-10-19 03:02:00,6245418
2024-10-19 03:02:30,6245418
2024-10-19 03:03:00,6245418
2024-10-19 03:03:30,6245418
2024-10-19 03:04:00,6245418
2024-10-19 03:04:30,6245418
2024-10-19 03:05:30,6245418
2024-10-19 03:06:00,6245418
2024-10-19 03:06:30,6245418
2024-10-19 03:07:00,6245418
2024-10-19 03:07:30,6245418
2024-10-19 03:08:00,6245418
2024-10-19 03:08:30,6245418
2024-10-19 03:09:30,6245418
2024-10-19 03:10:00,6245418
2024-10-19 03:10:30,6245418
2024-10-19 03:11:00,6245418
2024-10-19 03:11:30,6245418
2024-10-19 03:12:00,6245418
2024-10-19 03:12:30,6245418
2024-10-19 03:13:00,6245418
2024-10-19 03:13:30,6245418
2024-10-19 03:14:00,6245418
2024-10-19 03:14:30,6245418
2024-10-19 03:15:00,6245418
2024-10-19 03:15:30,6245418
2024-10-19 03:16:00,6245418
2024-10-19 03:16:30,6245418
2024-10-19 03:17:00,6245418
2024-10-19 03:17:30,6245418
2024-10-19 03:18:00,6245418
2024-10-19 03:18:30,6245418
2024-10-19 03:19:00,6245418
2024-10-19 03:19:30,6245418
2024-10-19 03:20:00,6245418
2024-10-19 03:20:30,6245418
2024-10-19 03:21:00,6245418
2024-10-19 03:21:30,6245418
2024-10-19 03:22:00,6245418
2024-10-19 03:22:30,6245418
2024-10-19 03:23:00,6245418
2024-10-19 03:23:30,6245418
2024-10-19 03:24:00,6245418
2024-10-19 03:24:30,6245418
2024-10-19 03:25:00,6245418
2024-10-19 03:25:30,6245418
2024-10-19 03:26:00,6245418
2024-10-19 03:26:30,6245418
2024-10-19 03:27:00,6245418
2024-10-19 03:27:30,6245418
2024-10-19 03:28:00,6245418
2024-10-19 03:28:30,6245418
2024-10-19 03:29:00,6245418
2024-10-19 03:29:30,6245418
2024-10-19 03:30:00,6245418
2024-10-19 03:30:30,6245418
2024-10-19 03:31:00,6245418
2024-10-19 03:31:30,6245418
2024-10-19 03:32:00,6257728
2024-10-19 03:32:30,6313211
2024-10-19 03:33:00,6427589
2024-10-19 03:33:30,6439560
2024-10-19 03:34:00,6460198
2024-10-19 03:34:30,6460198
2024-10-19 03:35:00,6460198
2024-10-19 03:35:30,6460198
2024-10-19 03:36:00,6460198
2024-10-19 03:36:30,6460198
2024-10-19 03:37:00,6460198
2024-10-19 03:37:30,6460198
2024-10-19 03:38:00,6460198
2024-10-19 03:38:30,6460198
2024-10-19 03:39:00,6460198
2024-10-19 03:39:30,6460198
2024-10-19 03:40:00,6460198
2024-10-19 03:40:30,6460198
2024-10-19 03:41:30,6460198
2024-10-19 03:42:00,6460198
2024-10-19 03:42:30,6460198
2024-10-19 03:43:00,6460198
2024-10-19 03:43:30,6460198
2024-10-19 03:44:00,6460198
2024-10-19 03:44:30,6460198
2024-10-19 03:45:00,6460198
2024-10-19 03:45:30,6460198
2024-10-19 03:46:00,6460528
2024-10-19 03:46:30,6472017
2024-10-19 03:47:00,6516925
2024-10-19 03:47:30,6583260
2024-10-19 03:48:00,6587108
2024-10-19 03:48:30,6587108
2024-10-19 03:49:00,6587108
2024-10-19 03:49:30,6587108
2024-10-19 03:50:00,6591754
2024-10-19 03:50:30,6601111
2024-10-19 03:51:00,6601111
2024-10-19 03:51:30,6601111
2024-10-19 03:52:00,6601111
2024-10-19 03:52:30,6601111
2024-10-19 03:53:00,6601111
2024-10-19 03:53:30,6601111
2024-10-19 03:54:00,6601111
2024-10-19 03:54:30,6601111
2024-10-19 03:55:00,6601111
2024-10-19 03:55:30,6601111
2024-10-19 03:56:00,6601111
2024-10-19 03:56:30,6601111
2024-10-19 03:57:00,6601111
2024-10-19 03:57:30,6601111
2024-10-19 03:58:00,6601111
2024-10-19 03:58:30,6601111
2024-10-19 03:59:00,6601111
2024-10-19 03:59:30,6601111
2024-10-19 04:00:00,6601111
2024-10-19 04:00:30,6601111
2024-10-19 04:01:00,6601111
2024-10-19 04:01:30,6601111
2024-10-19 04:02:00,6601111
2024-10-19 04:02:30,6601111
2024-10-19 04:03:00,6601111
2024-10-19 04:03:30,6601111
2024-10-19 04:04:00,6601111
2024-10-19 04:04:30,6601111
2024-10-19 04:05:00,6601111
2024-10-19 04:05:30,6601111
2024-10-19 04:06:00,6601111
2024-10-19 04:06:30,6601111
2024-10-19 04:07:00,6601111
2024-10-19 04:07:30,6601111
2024-10-19 04:08:00,6601111
2024-10-19 04:08:30,6601111
2024-10-19 04:09:00,6601111
2024-10-19 04:09:30,6607520
2024-10-19 04:10:00,6679461
2024-10-19 04:10:30,6700995
2024-10-19 04:11:00,6700995
2024-10-19 04:11:30,6700995
2024-10-19 04:12:00,6700995
2024-10-19 04:12:30,6700995
2024-10-19 04:13:30,6700995
2024-10-19 04:14:00,6700995
2024-10-19 04:14:30,6700995
2024-10-19 04:15:00,6700995
2024-10-19 04:15:30,6700995
2024-10-19 04:16:00,6700995
2024-10-19 04:16:30,6712898
2024-10-19 04:17:00,6744453
2024-10-19 04:17:30,6805833
2024-10-19 04:18:00,6805833
2024-10-19 04:18:30,6805833
2024-10-19 04:19:00,6805833
2024-10-19 04:19:30,6806110
2024-10-19 04:20:00,6844930
2024-10-19 04:20:30,6864694
2024-10-19 04:21:00,6864694
2024-10-19 04:21:30,6864694
2024-10-19 04:22:00,6864694
2024-10-19 04:22:30,6864694
2024-10-19 04:23:00,6864694
2024-10-19 04:23:30,6864694
2024-10-19 04:24:00,6864694
2024-10-19 04:24:30,6864694
2024-10-19 04:25:00,6864694
2024-10-19 04:25:30,6865604
2024-10-19 04:26:00,6866112
2024-10-19 04:26:30,6878086
2024-10-19 04:27:00,6923610
2024-10-19 04:27:30,6928475
2024-10-19 04:28:00,6928475
2024-10-19 04:28:30,6928475
2024-10-19 04:29:30,6928475
2024-10-19 04:30:00,6928475
2024-10-19 04:30:30,6928475
2024-10-19 04:31:00,6928475
2024-10-19 04:31:30,6928475
2024-10-19 04:32:00,6928475
2024-10-19 04:32:30,6928475
2024-10-19 04:33:00,6928475
2024-10-19 04:33:30,6928475
2024-10-19 04:34:00,6943696
2024-10-19 04:34:30,7001175
2024-10-19 04:35:00,7005065
2024-10-19 04:35:30,7005065
2024-10-19 04:36:00,7005065
2024-10-19 04:36:30,7005065
2024-10-19 04:37:30,7005065
2024-10-19 04:38:00,7005065
2024-10-19 04:38:30,7005065
2024-10-19 04:39:00,7005065
2024-10-19 04:39:30,7005065
2024-10-19 04:40:00,7005065
2024-10-19 04:40:30,7005065
2024-10-19 04:41:00,7005065
2024-10-19 04:41:30,7005065
2024-10-19 04:42:00,7005065
2024-10-19 04:42:30,7005065
2024-10-19 04:43:00,7005065
2024-10-19 04:43:30,7005065
2024-10-19 04:44:00,7005065
2024-10-19 04:44:30,7005065
2024-10-19 04:45:00,7005065
2024-10-19 04:45:30,7005065
2024-10-19 04:46:00,7005065
2024-10-19 04:46:30,7005065
2024-10-19 04:47:00,7005065
2024-10-19 04:47:30,7005065
2024-10-19 04:48:00,7005065
2024-10-19 04:48:30,7005065
2024-10-19 04:49:30,7005065
2024-10-19 04:50:00,7005065
2024-10-19 04:50:30,7005065
2024-10-19 04:51:00,7005065
2024-10-19 04:51:30,7005065
2024-10-19 04:52:00,7005065
2024-10-19 04:52:30,7005065
2024-10-19 04:53:30,7005065
2024-10-19 04:54:00,7005065
2024-10-19 04:54:30,7005065
2024-10-19 04:55:00,7005065
2024-10-19 04:55:30,7005065
2024-10-19 04:56:00,7005065
2024-10-19 04:56:30,7005065
2024-10-19 04:57:00,7005065
2024-10-19 04:57:30,7005065
2024-10-19 04:58:00,7005065
2024-10-19 04:58:30,7005065
2024-10-19 04:59:00,7026875
2024-10-19 04:59:30,7088302
2024-10-19 05:00:00,7091738
2024-10-19 05:00:30,7091738
2024-10-19 05:01:00,7091738
2024-10-19 05:01:30,7091738
2024-10-19 05:02:00,7091738
2024-10-19 05:02:30,7091738
2024-10-19 05:03:00,7091738
2024-10-19 05:03:30,7091738
2024-10-19 05:04:00,7091738
2024-10-19 05:04:30,7091738
2024-10-19 05:05:00,7091738
2024-10-19 05:05:30,7091738
2024-10-19 05:06:00,7091738
2024-10-19 05:06:30,7091738
2024-10-19 05:07:00,7091738
2024-10-19 05:07:30,7091738
2024-10-19 05:08:00,7091738
2024-10-19 05:08:30,7091738
2024-10-19 05:09:00,7091738
2024-10-19 05:09:30,7091738
2024-10-19 05:10:00,7091738
2024-10-19 05:10:30,7091738
2024-10-19 05:11:00,7095371
2024-10-19 05:11:30,7149497
2024-10-19 05:12:00,7195390
2024-10-19 05:12:30,7195390
2024-10-19 05:13:00,7195390
2024-10-19 05:13:30,7195390
2024-10-19 05:14:00,7195390
2024-10-19 05:14:30,7195390
2024-10-19 05:15:00,7195390
2024-10-19 05:15:30,7195390
2024-10-19 05:16:00,7195390
2024-10-19 05:16:30,7195390
2024-10-19 05:17:30,7195390
2024-10-19 05:18:00,7195390
2024-10-19 05:18:30,7195390
2024-10-19 05:19:00,7195390
2024-10-19 05:19:30,7195390
2024-10-19 05:20:00,7195390
2024-10-19 05:20:30,7195390
2024-10-19 05:21:30,7195390
2024-10-19 05:22:00,7195390
2024-10-19 05:22:30,7195390
2024-10-19 05:23:00,7195390
2024-10-19 05:23:30,7199233
2024-10-19 05:24:00,7199552
2024-10-19 05:24:30,7199552
2024-10-19 05:25:30,7200148
2024-10-19 05:26:00,7201616
2024-10-19 05:26:30,7245277
2024-10-19 05:27:00,7360503
2024-10-19 05:27:30,7361591
2024-10-19 05:28:00,7361591
2024-10-19 05:28:30,7361591
2024-10-19 05:29:00,7361591
2024-10-19 05:29:30,7361591
2024-10-19 05:30:00,7361591
2024-10-19 05:30:30,7361591
2024-10-19 05:31:00,7361591
2024-10-19 05:31:30,7361591
2024-10-19 05:32:00,7362291
2024-10-19 05:32:30,7380708
2024-10-19 05:33:00,7384142
2024-10-19 05:33:30,7384142
2024-10-19 05:34:00,7384142
2024-10-19 05:34:30,7384142
2024-10-19 05:35:00,7384142
2024-10-19 05:35:30,7384142
2024-10-19 05:36:00,7384142
2024-10-19 05:36:30,7384142
2024-10-19 05:37:00,7384142
2024-10-19 05:37:30,7384142
2024-10-19 05:38:00,7384142
2024-10-19 05:38:30,7384142
2024-10-19 05:39:00,7384142
2024-10-19 05:39:30,7384142
2024-10-19 05:40:00,7384142
2024-10-19 05:40:30,7384906
2024-10-19 05:41:00,7424651
2024-10-19 05:41:30,7442462
2024-10-19 05:42:00,7485373
2024-10-19 05:42:30,7487880
2024-10-19 05:43:00,7487880
2024-10-19 05:43:30,7487880
2024-10-19 05:44:00,7487880
2024-10-19 05:44:30,7487880
2024-10-19 05:45:00,7487880
2024-10-19 05:45:30,7487880
2024-10-19 05:46:00,7487880
2024-10-19 05:46:30,7487880
2024-10-19 05:47:00,7487880
2024-10-19 05:47:30,7487880
2024-10-19 05:48:00,7487880
2024-10-19 05:48:30,7487880
2024-10-19 05:49:00,7487880
2024-10-19 05:49:30,7487880
2024-10-19 05:50:00,7487880
2024-10-19 05:50:30,7487880
2024-10-19 05:51:00,7487880
2024-10-19 05:51:30,7487880
2024-10-19 05:52:00,7487880
2024-10-19 05:52:30,7492742
2024-10-19 05:53:00,7550543
2024-10-19 05:53:30,7602427
2024-10-19 05:54:00,7603344
2024-10-19 05:54:30,7603344
2024-10-19 05:55:00,7603344
2024-10-19 05:55:30,7603344
2024-10-19 05:56:00,7603344
2024-10-19 05:56:30,7603344
2024-10-19 05:57:00,7603344
2024-10-19 05:57:30,7603344
2024-10-19 05:58:00,7603344
2024-10-19 05:58:30,7603344
2024-10-19 05:59:00,7603344
2024-10-19 05:59:30,7603344
2024-10-19 06:00:00,7603344
2024-10-19 06:00:30,7603344
2024-10-19 06:01:30,7603344
2024-10-19 06:02:00,7603344
2024-10-19 06:02:30,7603424
2024-10-19 06:03:00,7603464
2024-10-19 06:03:30,7603464
2024-10-19 06:04:00,7603464
2024-10-19 06:04:30,7603464
2024-10-19 06:05:00,7603464
2024-10-19 06:05:30,7603464
2024-10-19 06:06:00,7603464
2024-10-19 06:06:30,7603464
2024-10-19 06:07:00,7612644
2024-10-19 06:07:30,7669071
2024-10-19 06:08:00,7674827
2024-10-19 06:08:30,7674827
2024-10-19 06:09:00,7674827
2024-10-19 06:09:30,7674827
2024-10-19 06:10:00,7674827
2024-10-19 06:10:30,7674827
2024-10-19 06:11:00,7674827
2024-10-19 06:11:30,7674827
2024-10-19 06:12:00,7674827
2024-10-19 06:12:30,7674827
2024-10-19 06:13:00,7674827
2024-10-19 06:13:30,7674827
2024-10-19 06:14:00,7674827
2024-10-19 06:14:30,7674827
2024-10-19 06:15:00,7674827
2024-10-19 06:15:30,7674827
2024-10-19 06:16:00,7674827
2024-10-19 06:16:30,7674827
2024-10-19 06:17:00,7674827
2024-10-19 06:17:30,7674827
2024-10-19 06:18:00,7674827
2024-10-19 06:18:30,7674827
2024-10-19 06:19:00,7674827
2024-10-19 06:19:30,7674827
2024-10-19 06:20:00,7674827
2024-10-19 06:20:30,7674827
2024-10-19 06:21:30,7706660
2024-10-19 06:22:00,7709031
2024-10-19 06:22:30,7709031
2024-10-19 06:23:00,7709031
2024-10-19 06:23:30,7709031
2024-10-19 06:24:00,7709031
2024-10-19 06:24:30,7709031
2024-10-19 06:25:30,7709031
2024-10-19 06:26:00,7709031
2024-10-19 06:26:30,7709031
2024-10-19 06:27:00,7709031
2024-10-19 06:27:30,7709031
2024-10-19 06:28:00,7709031
2024-10-19 06:28:30,7709031
2024-10-19 06:29:30,7709031
2024-10-19 06:30:00,7764404
2024-10-19 06:30:30,7887480
2024-10-19 06:31:00,7917824
2024-10-19 06:31:30,7924548
2024-10-19 06:32:00,7924548
2024-10-19 06:32:30,7924548
2024-10-19 06:33:00,7924548
2024-10-19 06:33:30,7924548
2024-10-19 06:34:00,7924548
2024-10-19 06:34:30,7924548
2024-10-19 06:35:00,7924548
2024-10-19 06:35:30,7924548
2024-10-19 06:36:00,7924548
2024-10-19 06:36:30,7924548
2024-10-19 06:37:00,7924548
2024-10-19 06:37:30,7924548
2024-10-19 06:38:00,7924548
2024-10-19 06:38:30,7924548
2024-10-19 06:39:00,7924548
2024-10-19 06:39:30,7924548
2024-10-19 06:40:00,7924548
2024-10-19 06:40:30,7924548
2024-10-19 06:41:30,7924548
2024-10-19 06:42:00,7924548
2024-10-19 06:42:30,7924548
2024-10-19 06:43:00,7924548
2024-10-19 06:43:30,7924548
2024-10-19 06:44:00,7924548
2024-10-19 06:44:30,7924548
2024-10-19 06:45:30,7924548
2024-10-19 06:46:00,7924548
2024-10-19 06:46:30,7924548
2024-10-19 06:47:00,7924548
2024-10-19 06:47:30,7924548
2024-10-19 06:48:00,7924548
2024-10-19 06:48:30,7924548
2024-10-19 06:49:30,7924548
2024-10-19 06:50:00,7924548
2024-10-19 06:50:30,7924548
2024-10-19 06:51:00,7924548
2024-10-19 06:51:30,7924548
2024-10-19 06:52:00,7924548
2024-10-19 06:52:30,7924548
2024-10-19 06:53:30,7943682
2024-10-19 06:54:00,7944402
2024-10-19 06:54:30,7944402
2024-10-19 06:55:00,7944402
2024-10-19 06:55:30,7944402
2024-10-19 06:56:00,7944402
2024-10-19 06:56:30,7944402
2024-10-19 06:57:00,7944402
2024-10-19 06:57:30,7944402
2024-10-19 06:58:00,7944402
2024-10-19 06:58:30,7944402
2024-10-19 06:59:00,7944402
2024-10-19 06:59:30,7944402
2024-10-19 07:00:00,7944402
2024-10-19 07:00:30,7944402
2024-10-19 07:01:00,7944402
2024-10-19 07:01:30,7944402
2024-10-19 07:02:00,7944402
2024-10-19 07:02:30,7944402
2024-10-19 07:03:00,7944402
2024-10-19 07:03:30,7944402
2024-10-19 07:04:00,7944402
2024-10-19 07:04:30,7944402
2024-10-19 07:05:30,7944402
2024-10-19 07:06:00,7944402
2024-10-19 07:06:30,7944402
2024-10-19 07:07:00,7944402
2024-10-19 07:07:30,7944402
2024-10-19 07:08:00,7944402
2024-10-19 07:08:30,7944402
2024-10-19 07:09:00,7944402
2024-10-19 07:09:30,7944402
2024-10-19 07:10:00,7944403
2024-10-19 07:10:30,7944403
2024-10-19 07:11:00,7944403
2024-10-19 07:11:30,7944403
2024-10-19 07:12:00,7944403
2024-10-19 07:12:30,7944403
2024-10-19 07:13:30,7944403
2024-10-19 07:14:00,7944403
2024-10-19 07:14:30,7944403
2024-10-19 07:15:00,7944403
2024-10-19 07:15:30,7944403
2024-10-19 07:16:00,7944403
2024-10-19 07:16:30,7944403
2024-10-19 07:17:00,7944403
2024-10-19 07:17:30,7944403
2024-10-19 07:18:00,7944403
2024-10-19 07:18:30,7944403
2024-10-19 07:19:00,7944403
2024-10-19 07:19:30,7944403
2024-10-19 07:20:00,7944403
2024-10-19 07:20:30,7944403
2024-10-19 07:21:00,7944403
2024-10-19 07:21:30,7944403
2024-10-19 07:22:00,7944403
2024-10-19 07:22:30,7944403
2024-10-19 07:23:00,7944403
2024-10-19 07:23:30,7944403
2024-10-19 07:24:00,7944403
2024-10-19 07:24:30,7944403
2024-10-19 07:25:00,7944403
2024-10-19 07:25:30,7944403
2024-10-19 07:26:00,7944403
2024-10-19 07:26:30,7944403
2024-10-19 07:27:00,7944403
2024-10-19 07:27:30,7944403
2024-10-19 07:28:00,7944403
2024-10-19 07:28:30,7944403
2024-10-19 07:29:30,7944403
2024-10-19 07:30:00,7944403
2024-10-19 07:30:30,7944426
2024-10-19 07:31:00,7944430
2024-10-19 07:31:30,7944430
2024-10-19 07:32:00,7944430
2024-10-19 07:32:30,7944430
2024-10-19 07:33:00,7944430
2024-10-19 07:33:30,7944430
2024-10-19 07:34:00,7944430
2024-10-19 07:34:30,7944430
2024-10-19 07:35:00,7944430
2024-10-19 07:35:30,7944430
2024-10-19 07:36:00,7944430
2024-10-19 07:36:30,7944509
2024-10-19 07:37:30,8031855
2024-10-19 07:38:00,8038616
2024-10-19 07:38:30,8042791
2024-10-19 07:39:00,8042798
2024-10-19 07:39:30,8042798
2024-10-19 07:40:00,8042798
2024-10-19 07:40:30,8042798
2024-10-19 07:41:30,8042798
2024-10-19 07:42:00,8042798
2024-10-19 07:42:30,8042798
2024-10-19 07:43:00,8042798
2024-10-19 07:43:30,8042798
2024-10-19 07:44:00,8042798
2024-10-19 07:44:30,8042798
2024-10-19 07:45:00,8042798
2024-10-19 07:45:30,8042798
2024-10-19 07:46:00,8042798
2024-10-19 07:46:30,8042798
2024-10-19 07:47:00,8042798
2024-10-19 07:47:30,8042798
2024-10-19 07:48:00,8042798
2024-10-19 07:48:30,8042798
2024-10-19 07:49:00,8042799
2024-10-19 07:49:30,8042799
2024-10-19 07:50:00,8042799
2024-10-19 07:50:30,8042799
2024-10-19 07:51:00,8042799
2024-10-19 07:51:30,8050911
2024-10-19 07:52:00,8182833
2024-10-19 07:52:30,8298190
2024-10-19 07:53:00,8300595
2024-10-19 07:53:30,8300595
2024-10-19 07:54:00,8300595
2024-10-19 07:54:30,8300595
2024-10-19 07:55:00,8300595
2024-10-19 07:55:30,8321289
2024-10-19 07:56:00,8432356
2024-10-19 07:56:30,8524113
2024-10-19 07:57:30,8631861
2024-10-19 07:58:00,8631861
2024-10-19 07:58:30,8631861
2024-10-19 07:59:00,8631861
2024-10-19 07:59:30,8631861
2024-10-19 08:00:00,8631861
2024-10-19 08:00:30,8631861
2024-10-19 08:01:00,8631861
2024-10-19 08:01:30,8631861
2024-10-19 08:02:00,8631861
2024-10-19 08:02:30,8631861
2024-10-19 08:03:00,8631861
2024-10-19 08:03:30,8631861
2024-10-19 08:04:00,8631861
2024-10-19 08:04:30,8631861
2024-10-19 08:05:00,8631861
2024-10-19 08:05:30,8632483
2024-10-19 08:06:00,8633382
2024-10-19 08:06:30,8633382
2024-10-19 08:07:00,8633382
2024-10-19 08:07:30,8633382
2024-10-19 08:08:00,8633382
2024-10-19 08:08:30,8633382
2024-10-19 08:09:00,8633382
2024-10-19 08:09:30,8633382
2024-10-19 08:10:00,8633382
2024-10-19 08:10:30,8633382
2024-10-19 08:11:00,8633382
2024-10-19 08:11:30,8633382
2024-10-19 08:12:00,8638928
2024-10-19 08:12:30,8642170
2024-10-19 08:13:00,8642170
2024-10-19 08:13:30,8642170
2024-10-19 08:14:00,8642170
2024-10-19 08:14:30,8642170
2024-10-19 08:15:00,8642170
2024-10-19 08:15:30,8642170
2024-10-19 08:16:00,8642170
2024-10-19 08:16:30,8642170
2024-10-19 08:17:00,8642170
2024-10-19 08:17:30,8642170
2024-10-19 08:18:00,8642170
2024-10-19 08:18:30,8642170
2024-10-19 08:19:00,8642170
2024-10-19 08:19:30,8642170
2024-10-19 08:20:00,8642170
2024-10-19 08:20:30,8642170
2024-10-19 08:21:00,8651739
2024-10-19 08:21:30,8702933
2024-10-19 08:22:00,8803324
2024-10-19 08:22:30,8894959
2024-10-19 08:23:00,8910183
2024-10-19 08:23:30,8910183
2024-10-19 08:24:00,8910183
2024-10-19 08:24:30,8910184
2024-10-19 08:25:00,8910184
2024-10-19 08:25:30,8912837
2024-10-19 08:26:00,8915051
2024-10-19 08:26:30,8915051
2024-10-19 08:27:00,8915051
2024-10-19 08:27:30,8915051
2024-10-19 08:28:00,8915051
2024-10-19 08:28:30,8915051
2024-10-19 08:29:00,8915051
2024-10-19 08:29:30,8915051
2024-10-19 08:30:00,8915051
2024-10-19 08:30:30,8915051
2024-10-19 08:31:00,8915051
2024-10-19 08:31:30,8915051
2024-10-19 08:32:00,8915051
2024-10-19 08:32:30,8915051
2024-10-19 08:33:00,8915051
2024-10-19 08:33:30,8915051
2024-10-19 08:34:00,8915051
2024-10-19 08:34:30,8915051
2024-10-19 08:35:00,8915051
2024-10-19 08:35:30,8915051
2024-10-19 08:36:00,8915051
2024-10-19 08:36:30,8915832
2024-10-19 08:37:00,8923162
2024-10-19 08:37:30,8925287
2024-10-19 08:38:00,8925287
2024-10-19 08:38:30,8925287
2024-10-19 08:39:00,8925287
2024-10-19 08:39:30,8925287
2024-10-19 08:40:00,8925287
2024-10-19 08:40:30,8925287
2024-10-19 08:41:30,8925287
2024-10-19 08:42:00,8925287
2024-10-19 08:42:30,8925287
2024-10-19 08:43:00,8925287
2024-10-19 08:43:30,8932555
2024-10-19 08:44:00,8989421
2024-10-19 08:44:30,9064255
2024-10-19 08:45:00,9071483
2024-10-19 08:45:30,9071483
2024-10-19 08:46:00,9086189
2024-10-19 08:46:30,9178935
2024-10-19 08:47:00,9279160
2024-10-19 08:47:30,9304574
2024-10-19 08:48:00,9304574
2024-10-19 08:48:30,9304574
2024-10-19 08:49:30,9304574
2024-10-19 08:50:00,9304574
2024-10-19 08:50:30,9304574
2024-10-19 08:51:00,9304574
2024-10-19 08:51:30,9304574
2024-10-19 08:52:00,9304574
2024-10-19 08:52:30,9304574
2024-10-19 08:53:00,9304574
2024-10-19 08:53:30,9304574
2024-10-19 08:54:00,9304574
2024-10-19 08:54:30,9304574
2024-10-19 08:55:00,9304574
2024-10-19 08:55:30,9304574
2024-10-19 08:56:00,9304574
2024-10-19 08:56:30,9304574
2024-10-19 08:57:30,9304574
2024-10-19 08:58:00,9304574
2024-10-19 08:58:30,9304574
2024-10-19 08:59:00,9304574
2024-10-19 08:59:30,9304574
2024-10-19 09:00:00,9304574
2024-10-19 09:00:30,9304574
2024-10-19 09:01:00,9304574
2024-10-19 09:01:30,9304574
2024-10-19 09:02:00,9304574
2024-10-19 09:02:30,9304574
2024-10-19 09:03:00,9329101
2024-10-19 09:03:30,9359607
2024-10-19 09:04:00,9359991
2024-10-19 09:04:30,9359991
2024-10-19 09:05:00,9359991
2024-10-19 09:05:30,9359991
2024-10-19 09:06:00,9359991
2024-10-19 09:06:30,9359991
2024-10-19 09:07:00,9359991
2024-10-19 09:07:30,9359991
2024-10-19 09:08:00,9359991
2024-10-19 09:08:30,9359991
2024-10-19 09:09:00,9360356
2024-10-19 09:09:30,9366929
2024-10-19 09:10:00,9373415
2024-10-19 09:10:30,9373415
2024-10-19 09:11:00,9373415
2024-10-19 09:11:30,9373415
2024-10-19 09:12:00,9373415
2024-10-19 09:12:30,9373415
2024-10-19 09:13:00,9373415
2024-10-19 09:13:30,9373415
2024-10-19 09:14:00,9373415
2024-10-19 09:14:30,9373415
2024-10-19 09:15:00,9373415
2024-10-19 09:15:30,9373415
2024-10-19 09:16:00,9373415
2024-10-19 09:16:30,9373415
2024-10-19 09:17:00,9373415
2024-10-19 09:17:30,9373415
2024-10-19 09:18:00,9373415
2024-10-19 09:18:30,9373415
2024-10-19 09:19:00,9373415
2024-10-19 09:19:30,9373415
2024-10-19 09:20:00,9373415
2024-10-19 09:20:30,9373415
2024-10-19 09:21:00,9373415
2024-10-19 09:21:30,9373597
2024-10-19 09:22:00,9380535
2024-10-19 09:22:30,9381871
2024-10-19 09:23:00,9381871
2024-10-19 09:23:30,9381871
2024-10-19 09:24:00,9381871
2024-10-19 09:24:30,9381871
2024-10-19 09:25:00,9381871
2024-10-19 09:25:30,9381871
2024-10-19 09:26:00,9381871
2024-10-19 09:26:30,9381871
2024-10-19 09:27:00,9381871
2024-10-19 09:27:30,9381871
2024-10-19 09:28:00,9381871
2024-10-19 09:28:30,9381871
2024-10-19 09:29:30,9381871
2024-10-19 09:30:00,9381871
2024-10-19 09:30:30,9381871
2024-10-19 09:31:00,9381871
2024-10-19 09:31:30,9381871
2024-10-19 09:32:00,9381871
2024-10-19 09:32:30,9384437
2024-10-19 09:33:00,9406620
2024-10-19 09:33:30,9406771
2024-10-19 09:34:00,9406771
2024-10-19 09:34:30,9407085
2024-10-19 09:35:00,9409906
2024-10-19 09:35:30,9409922
2024-10-19 09:36:00,9409922
2024-10-19 09:36:30,9409922
2024-10-19 09:37:00,9409922
2024-10-19 09:37:30,9409922
2024-10-19 09:38:00,9409922
2024-10-19 09:38:30,9409922
2024-10-19 09:39:00,9409922
2024-10-19 09:39:30,9409922
2024-10-19 09:40:00,9409922
2024-10-19 09:40:30,9412293
2024-10-19 09:41:00,9434389
2024-10-19 09:41:30,9435522
2024-10-19 09:42:00,9435522
2024-10-19 09:42:30,9435522
2024-10-19 09:43:00,9435522
2024-10-19 09:43:30,9435522
2024-10-19 09:44:00,9435522
2024-10-19 09:44:30,9436518
2024-10-19 09:45:00,9473668
2024-10-19 09:45:30,9481217
2024-10-19 09:46:00,9489660
2024-10-19 09:46:30,9489660
2024-10-19 09:47:00,9489660
2024-10-19 09:47:30,9496992
2024-10-19 09:48:00,9508074
2024-10-19 09:48:30,9508074
2024-10-19 09:49:00,9508074
2024-10-19 09:49:30,9508074
2024-10-19 09:50:00,9508074
2024-10-19 09:50:30,9508074
2024-10-19 09:51:00,9508074
2024-10-19 09:51:30,9508074
2024-10-19 09:52:00,9508074
2024-10-19 09:52:30,9508074
2024-10-19 09:53:00,9508074
2024-10-19 09:53:30,9508074
2024-10-19 09:54:00,9508074
2024-10-19 09:54:30,9508074
2024-10-19 09:55:00,9508074
2024-10-19 09:55:30,9508074
2024-10-19 09:56:00,9508074
2024-10-19 09:56:30,9508074
2024-10-19 09:57:00,9508074
2024-10-19 09:57:30,9508074
2024-10-19 09:58:00,9508074
2024-10-19 09:58:30,9508074
2024-10-19 09:59:00,9588733
2024-10-19 09:59:30,9802637
2024-10-19 10:00:00,9980098
2024-10-19 10:00:30,10187126
2024-10-19 10:01:00,10275895
2024-10-19 10:01:30,10276238
2024-10-19 10:02:00,10300014
2024-10-19 10:02:30,10395190
2024-10-19 10:03:00,10515303
2024-10-19 10:03:30,10560291
2024-10-19 10:04:00,10560291
2024-10-19 10:04:30,10560291
2024-10-19 10:05:00,10560291
2024-10-19 10:05:30,10560291
2024-10-19 10:06:00,10560291
2024-10-19 10:06:30,10560841
2024-10-19 10:07:00,10560920
2024-10-19 10:07:30,10560920
2024-10-19 10:08:00,10560920
2024-10-19 10:08:30,10560920
2024-10-19 10:09:00,10560920
2024-10-19 10:09:30,10560920
2024-10-19 10:10:00,10560920
2024-10-19 10:10:30,10560920
2024-10-19 10:11:00,10560920
2024-10-19 10:11:30,10560920
2024-10-19 10:12:00,10560920
2024-10-19 10:12:30,10560920
2024-10-19 10:13:00,10560920
2024-10-19 10:13:30,10561279
2024-10-19 10:14:00,10564006
2024-10-19 10:14:30,10568695
2024-10-19 10:15:00,10568935
2024-10-19 10:15:30,10568935
2024-10-19 10:16:00,10568935
2024-10-19 10:16:30,10568935
2024-10-19 10:17:00,10568935
2024-10-19 10:17:30,10568935
2024-10-19 10:18:00,10568935
2024-10-19 10:18:30,10568935
2024-10-19 10:19:00,10568935
2024-10-19 10:19:30,10568935
2024-10-19 10:20:00,10568935
2024-10-19 10:20:30,10568935
2024-10-19 10:21:00,10568935
2024-10-19 10:21:30,10568935
2024-10-19 10:22:00,10568935
2024-10-19 10:22:30,10568935
2024-10-19 10:23:00,10568935
2024-10-19 10:23:30,10568935
2024-10-19 10:24:00,10568935
2024-10-19 10:24:30,10568935
2024-10-19 10:25:00,10568935
2024-10-19 10:25:30,10568935
2024-10-19 10:26:00,10568935
2024-10-19 10:26:30,10568935
2024-10-19 10:27:00,10568935
2024-10-19 10:27:30,10568935
2024-10-19 10:28:00,10568935
2024-10-19 10:28:30,10568935
2024-10-19 10:29:00,10568935
2024-10-19 10:29:30,10568935
2024-10-19 10:30:00,10568935
2024-10-19 10:30:30,10568935
2024-10-19 10:31:00,10582467
2024-10-19 10:31:30,10585510
2024-10-19 10:32:00,10585510
2024-10-19 10:32:30,10585510
2024-10-19 10:33:00,10585510
2024-10-19 10:33:30,10585510
2024-10-19 10:34:00,10585510
2024-10-19 10:34:30,10585510
2024-10-19 10:35:00,10585510
2024-10-19 10:35:30,10585510
2024-10-19 10:36:00,10585510
2024-10-19 10:36:30,10585510
2024-10-19 10:37:00,10585510
2024-10-19 10:37:30,10585510
2024-10-19 10:38:00,10585511
2024-10-19 10:38:30,10585511
2024-10-19 10:39:00,10600898
2024-10-19 10:39:30,10739361
2024-10-19 10:40:00,10780196
2024-10-19 10:40:30,10780196
2024-10-19 10:41:30,10780196
2024-10-19 10:42:00,10780196
2024-10-19 10:42:30,10780196
2024-10-19 10:43:00,10780196
2024-10-19 10:43:30,10780196
2024-10-19 10:44:00,10780196
2024-10-19 10:44:30,10780196
2024-10-19 10:45:00,10780196
2024-10-19 10:45:30,10780196
2024-10-19 10:46:00,10780196
2024-10-19 10:46:30,10780196
2024-10-19 10:47:00,10780196
2024-10-19 10:47:30,10780196
2024-10-19 10:48:00,10780196
2024-10-19 10:48:30,10780196
2024-10-19 10:49:30,10780196
2024-10-19 10:50:00,10780196
2024-10-19 10:50:30,10780196
2024-10-19 10:51:00,10780196
2024-10-19 10:51:30,10780196
2024-10-19 10:52:00,10780196
2024-10-19 10:52:30,10780196
2024-10-19 10:53:00,10780196
2024-10-19 10:53:30,10780196
2024-10-19 10:54:00,10780196
2024-10-19 10:54:30,10781559
2024-10-19 10:55:00,10782354
2024-10-19 10:55:30,10782354
2024-10-19 10:56:00,10782354
2024-10-19 10:56:30,10824549
2024-10-19 10:57:00,10856557
2024-10-19 10:57:30,10856557
2024-10-19 10:58:00,10856557
2024-10-19 10:58:30,10856557
2024-10-19 10:59:00,10856557
2024-10-19 10:59:30,10856557
2024-10-19 11:00:00,10856557
2024-10-19 11:00:30,10856616
2024-10-19 11:01:00,10864897
2024-10-19 11:01:30,10870319
2024-10-19 11:02:00,10870319
2024-10-19 11:02:30,10885148
2024-10-19 11:03:00,10920925
2024-10-19 11:03:30,10920925
2024-10-19 11:04:00,10920925
2024-10-19 11:04:30,10920925
2024-10-19 11:05:00,10920926
2024-10-19 11:05:30,10920926
2024-10-19 11:06:00,10920926
2024-10-19 11:06:30,10920926
2024-10-19 11:07:00,10920926
2024-10-19 11:07:30,10920926
2024-10-19 11:08:00,10920926
2024-10-19 11:08:30,10920926
2024-10-19 11:09:00,10920926
2024-10-19 11:09:30,10920926
2024-10-19 11:10:00,10920926
2024-10-19 11:10:30,10920926
2024-10-19 11:11:00,10920926
2024-10-19 11:11:30,10920926
2024-10-19 11:12:00,10920926
2024-10-19 11:12:30,10920926
2024-10-19 11:13:30,10920926
2024-10-19 11:14:00,10920926
2024-10-19 11:14:30,10920926
2024-10-19 11:15:00,10920926
2024-10-19 11:15:30,10920926
2024-10-19 11:16:00,10920926
2024-10-19 11:16:30,10920926
2024-10-19 11:17:30,10920926
2024-10-19 11:18:00,10920926
2024-10-19 11:18:30,10920926
2024-10-19 11:19:00,10920926
2024-10-19 11:19:30,10920926
2024-10-19 11:20:00,10920926
2024-10-19 11:20:30,10920926
2024-10-19 11:21:00,10920926
2024-10-19 11:21:30,10920926
2024-10-19 11:22:00,10929826
2024-10-19 11:22:30,10932048
2024-10-19 11:23:00,10932048
2024-10-19 11:23:30,10932049
2024-10-19 11:24:00,10932049
2024-10-19 11:24:30,10932049
2024-10-19 11:25:00,10932049
2024-10-19 11:25:30,10932049
2024-10-19 11:26:00,10932049
2024-10-19 11:26:30,10932049
2024-10-19 11:27:00,10932049
2024-10-19 11:27:30,10932049
2024-10-19 11:28:00,10932049
2024-10-19 11:28:30,10932049
2024-10-19 11:29:00,10932049
2024-10-19 11:29:30,10932049
2024-10-19 11:30:00,10932049
2024-10-19 11:30:30,10932049
2024-10-19 11:31:00,10932049
2024-10-19 11:31:30,10932049
2024-10-19 11:32:00,10932049
2024-10-19 11:32:30,10932049
2024-10-19 11:33:30,10932049
2024-10-19 11:34:00,10932049
2024-10-19 11:34:30,10932049
2024-10-19 11:35:00,10932049
2024-10-19 11:35:30,10932049
2024-10-19 11:36:00,10932049
2024-10-19 11:36:30,10932049
2024-10-19 11:37:30,10932049
2024-10-19 11:38:00,10932049
2024-10-19 11:38:30,10932049
2024-10-19 11:39:00,10932050
2024-10-19 11:39:30,10932050
2024-10-19 11:40:00,10932050
2024-10-19 11:40:30,10932050
2024-10-19 11:41:00,10932050
2024-10-19 11:41:30,10932050
2024-10-19 11:42:00,10932050
2024-10-19 11:42:30,10932050
2024-10-19 11:43:00,10932050
2024-10-19 11:43:30,10932050
2024-10-19 11:44:00,10932050
2024-10-19 11:44:30,10932050
2024-10-19 11:45:30,10943518
2024-10-19 11:46:00,11039210
2024-10-19 11:46:30,11049488
2024-10-19 11:47:00,11073270
2024-10-19 11:47:30,11149114
2024-10-19 11:48:00,11236946
2024-10-19 11:48:30,11264091
2024-10-19 11:49:30,11264909
2024-10-19 11:50:00,11264909
2024-10-19 11:50:30,11264909
2024-10-19 11:51:00,11264909
2024-10-19 11:51:30,11264909
2024-10-19 11:52:00,11264909
2024-10-19 11:52:30,11264909
2024-10-19 11:53:00,11264909
2024-10-19 11:53:30,11264909
2024-10-19 11:54:00,11264909
2024-10-19 11:54:30,11264909
2024-10-19 11:55:00,11264909
2024-10-19 11:55:30,11264909
2024-10-19 11:56:00,11264909
2024-10-19 11:56:30,11264909
2024-10-19 11:57:00,11264909
2024-10-19 11:57:30,11264909
2024-10-19 11:58:00,11264909
2024-10-19 11:58:30,11264909
2024-10-19 11:59:00,11264909
2024-10-19 11:59:30,11264909
2024-10-19 12:00:00,11264909
2024-10-19 12:00:30,11264909
2024-10-19 12:01:00,11264909
2024-10-19 12:01:30,11264909
2024-10-19 12:02:00,11264910
2024-10-19 12:02:30,11264910
2024-10-19 12:03:00,11264910
2024-10-19 12:03:30,11264910
2024-10-19 12:04:00,11264910
2024-10-19 12:04:30,11264910
2024-10-19 12:05:00,11264910
2024-10-19 12:05:30,11264910
2024-10-19 12:06:00,11264910
2024-10-19 12:06:30,11264910
2024-10-19 12:07:00,11264910
2024-10-19 12:07:30,11264910
2024-10-19 12:08:00,11264910
2024-10-19 12:08:30,11264910
2024-10-19 12:09:00,11264910
2024-10-19 12:09:30,11264910
2024-10-19 12:10:00,11264910
2024-10-19 12:10:30,11264910
2024-10-19 12:11:00,11264910
2024-10-19 12:11:30,11264910
2024-10-19 12:12:00,11264910
2024-10-19 12:12:30,11264910
2024-10-19 12:13:00,11264910
2024-10-19 12:13:30,11264910
2024-10-19 12:14:00,11264910
2024-10-19 12:14:30,11264910
2024-10-19 12:15:00,11264910
2024-10-19 12:15:30,11264910
2024-10-19 12:16:00,11264910
2024-10-19 12:16:30,11264910
2024-10-19 12:17:00,11264910
2024-10-19 12:17:30,11264910
2024-10-19 12:18:00,11264910
2024-10-19 12:18:30,11274482
2024-10-19 12:19:00,11295127
2024-10-19 12:19:30,11298246
2024-10-19 12:20:00,11298246
2024-10-19 12:20:30,11298246
2024-10-19 12:21:30,11298246
2024-10-19 12:22:00,11298246
2024-10-19 12:22:30,11298246
2024-10-19 12:23:00,11298246
2024-10-19 12:23:30,11298246
2024-10-19 12:24:00,11298246
2024-10-19 12:24:30,11298246
2024-10-19 12:25:00,11298246
2024-10-19 12:25:30,11298246
2024-10-19 12:26:00,11298246
2024-10-19 12:26:30,11298246
2024-10-19 12:27:00,11298246
2024-10-19 12:27:30,11298246
2024-10-19 12:28:00,11298246
2024-10-19 12:28:30,11298246
2024-10-19 12:29:00,11298246
2024-10-19 12:29:30,11298246
2024-10-19 12:30:00,11298246
2024-10-19 12:30:30,11298246
2024-10-19 12:31:00,11298246
2024-10-19 12:31:30,11298246
2024-10-19 12:32:00,11298246
2024-10-19 12:32:30,11298246
2024-10-19 12:33:00,11298246
2024-10-19 12:33:30,11298246
2024-10-19 12:34:00,11298246
2024-10-19 12:34:30,11298246
2024-10-19 12:35:00,11298246
2024-10-19 12:35:30,11298246
2024-10-19 12:36:00,11298246
2024-10-19 12:36:30,11298246
2024-10-19 12:37:00,11298246
2024-10-19 12:37:30,11298246
2024-10-19 12:38:00,11298246
2024-10-19 12:38:30,11298246
2024-10-19 12:39:00,11298246
2024-10-19 12:39:30,11298246
2024-10-19 12:40:00,11298246
2024-10-19 12:40:30,11306748
2024-10-19 12:41:00,11350015
2024-10-19 12:41:30,11406090
2024-10-19 12:42:00,11482753
2024-10-19 12:42:30,11487435
2024-10-19 12:43:00,11487435
2024-10-19 12:43:30,11487435
2024-10-19 12:44:00,11487435
2024-10-19 12:44:30,11487435
2024-10-19 12:45:00,11487435
2024-10-19 12:45:30,11487435
2024-10-19 12:46:00,11487435
2024-10-19 12:46:30,11487435
2024-10-19 12:47:00,11487435
2024-10-19 12:47:30,11487435
2024-10-19 12:48:00,11487435
2024-10-19 12:48:30,11487435
2024-10-19 12:49:00,11488815
2024-10-19 12:49:30,11491910
2024-10-19 12:50:00,11491910
2024-10-19 12:50:30,11495025
2024-10-19 12:51:00,11572974
2024-10-19 12:51:30,11588840
2024-10-19 12:52:00,11588840
2024-10-19 12:52:30,11588840
2024-10-19 12:53:00,11588840
2024-10-19 12:53:30,11597928
2024-10-19 12:54:00,11658898
2024-10-19 12:54:30,11659134
2024-10-19 12:55:00,11659134
2024-10-19 12:55:30,11659134
2024-10-19 12:56:00,11659134
2024-10-19 12:56:30,11659134
2024-10-19 12:57:00,11659134
2024-10-19 12:57:30,11659134
2024-10-19 12:58:00,11659144
2024-10-19 12:58:30,11661907
2024-10-19 12:59:00,11665191
2024-10-19 12:59:30,11665206
2024-10-19 13:00:00,11670490
2024-10-19 13:00:30,11671839
2024-10-19 13:01:00,11671839
2024-10-19 13:01:30,11671839
2024-10-19 13:02:00,11671839
2024-10-19 13:02:30,11680786
2024-10-19 13:03:00,11693862
2024-10-19 13:03:30,11694043
2024-10-19 13:04:00,11694043
2024-10-19 13:04:30,11694043
2024-10-19 13:05:30,11694043
2024-10-19 13:06:00,11694043
2024-10-19 13:06:30,11694043
2024-10-19 13:07:00,11694043
2024-10-19 13:07:30,11694043
2024-10-19 13:08:00,11694043
2024-10-19 13:08:30,11694043
2024-10-19 13:09:00,11694043
2024-10-19 13:09:30,11694043
2024-10-19 13:10:00,11694043
2024-10-19 13:10:30,11694043
2024-10-19 13:11:00,11694043
2024-10-19 13:11:30,11694043
2024-10-19 13:12:00,11694043
2024-10-19 13:12:30,11694043
2024-10-19 13:13:00,11694043
2024-10-19 13:13:30,11694043
2024-10-19 13:14:00,11694043
2024-10-19 13:14:30,11694043
2024-10-19 13:15:00,11694043
2024-10-19 13:15:30,11694043
2024-10-19 13:16:00,11694043
2024-10-19 13:16:30,11694043
2024-10-19 13:17:30,11694043
2024-10-19 13:18:00,11694043
2024-10-19 13:18:30,11694043
2024-10-19 13:19:00,11694043
2024-10-19 13:19:30,11694043
2024-10-19 13:20:00,11694043
2024-10-19 13:20:30,11694043
2024-10-19 13:21:00,11694043
2024-10-19 13:21:30,11694043
2024-10-19 13:22:00,11740524
2024-10-19 13:22:30,11798102
2024-10-19 13:23:00,11809129
2024-10-19 13:23:30,11809129
2024-10-19 13:24:00,11809129
2024-10-19 13:24:30,11809129
2024-10-19 13:25:30,11809129
2024-10-19 13:26:00,11809129
2024-10-19 13:26:30,11809129
2024-10-19 13:27:00,11809129
2024-10-19 13:27:30,11809129
2024-10-19 13:28:00,11809129
2024-10-19 13:28:30,11809129
2024-10-19 13:29:30,11809129
2024-10-19 13:30:00,11809129
2024-10-19 13:30:30,11809129
2024-10-19 13:31:00,11809129
2024-10-19 13:31:30,11810171
2024-10-19 13:32:00,11810758
2024-10-19 13:32:30,11810825
2024-10-19 13:33:00,11816056
2024-10-19 13:33:30,11817225
2024-10-19 13:34:00,11817225
2024-10-19 13:34:30,11817225
2024-10-19 13:35:00,11817225
2024-10-19 13:35:30,11817225
2024-10-19 13:36:00,11817225
2024-10-19 13:36:30,11817225
2024-10-19 13:37:00,11817225
2024-10-19 13:37:30,11817225
2024-10-19 13:38:00,11817225
2024-10-19 13:38:30,11817225
2024-10-19 13:39:00,11817225
2024-10-19 13:39:30,11817225
2024-10-19 13:40:00,11817225
2024-10-19 13:40:30,11817225
2024-10-19 13:41:00,11817225
2024-10-19 13:41:30,11817225
2024-10-19 13:42:00,11817255
2024-10-19 13:42:30,11819898
2024-10-19 13:43:00,11819919
2024-10-19 13:43:30,11819919
2024-10-19 13:44:00,11819919
2024-10-19 13:44:30,11819919
2024-10-19 13:45:00,11819919
2024-10-19 13:45:30,11819920
2024-10-19 13:46:00,11819920
2024-10-19 13:46:30,11819920
2024-10-19 13:47:00,11819920
2024-10-19 13:47:30,11819920
2024-10-19 13:48:00,11819920
2024-10-19 13:48:30,11819920
2024-10-19 13:49:00,11819920
2024-10-19 13:49:30,11826438
2024-10-19 13:50:00,11828673
2024-10-19 13:50:30,11828673
2024-10-19 13:51:00,11828673
2024-10-19 13:51:30,11828673
2024-10-19 13:52:00,11828673
2024-10-19 13:52:30,11828673
2024-10-19 13:53:00,11828673
2024-10-19 13:53:30,11828673
2024-10-19 13:54:00,11828673
2024-10-19 13:54:30,11828673
2024-10-19 13:55:00,11828673
2024-10-19 13:55:30,11828673
2024-10-19 13:56:00,11828673
2024-10-19 13:56:30,11828673
2024-10-19 13:57:00,11828673
2024-10-19 13:57:30,11828673
2024-10-19 13:58:00,11828673
2024-10-19 13:58:30,11828673
2024-10-19 13:59:00,11828673
2024-10-19 13:59:30,11828673
2024-10-19 14:00:00,11828673
2024-10-19 14:00:30,11828673
2024-10-19 14:01:30,11828673
2024-10-19 14:02:00,11828673
2024-10-19 14:02:30,11859714
2024-10-19 14:03:00,11874130
2024-10-19 14:03:30,11876748
2024-10-19 14:04:00,11876748
2024-10-19 14:04:30,11876748
2024-10-19 14:05:00,11876748
2024-10-19 14:05:30,11876748
2024-10-19 14:06:00,11876748
2024-10-19 14:06:30,11876748
2024-10-19 14:07:00,11876748
2024-10-19 14:07:30,11876748
2024-10-19 14:08:00,11876748
2024-10-19 14:08:30,11876748
2024-10-19 14:09:30,11876748
2024-10-19 14:10:00,11876748
2024-10-19 14:10:30,11876748
2024-10-19 14:11:00,11876748
2024-10-19 14:11:30,11876748
2024-10-19 14:12:00,11876748
2024-10-19 14:12:30,11876748
2024-10-19 14:13:00,11876748
2024-10-19 14:13:30,11876748
2024-10-19 14:14:00,11876748
2024-10-19 14:14:30,11876748
2024-10-19 14:15:00,11876748
2024-10-19 14:15:30,11876748
2024-10-19 14:16:00,11876748
2024-10-19 14:16:30,11876748
2024-10-19 14:17:00,11876748
2024-10-19 14:17:30,11876748
2024-10-19 14:18:00,11876748
2024-10-19 14:18:30,11876748
2024-10-19 14:19:00,11876748
2024-10-19 14:19:30,11876748
2024-10-19 14:20:00,11876748
2024-10-19 14:20:30,11876748
2024-10-19 14:21:00,11876748
2024-10-19 14:21:30,11876748
2024-10-19 14:22:00,11876748
2024-10-19 14:22:30,11876748
2024-10-19 14:23:00,11876748
2024-10-19 14:23:30,11887713
2024-10-19 14:24:00,11891458
2024-10-19 14:24:30,11891458
2024-10-19 14:25:00,11899857
2024-10-19 14:25:30,11899857
2024-10-19 14:26:00,11899857
2024-10-19 14:26:30,11899857
2024-10-19 14:27:00,11899857
2024-10-19 14:27:30,11899857
2024-10-19 14:28:00,11899857
2024-10-19 14:28:30,11899857
2024-10-19 14:29:00,11899857
2024-10-19 14:29:30,11899857
2024-10-19 14:30:00,11899857
2024-10-19 14:30:30,11899857
2024-10-19 14:31:00,11899857
2024-10-19 14:31:30,11899857
2024-10-19 14:32:00,11899857
2024-10-19 14:32:30,11899857
2024-10-19 14:33:00,11899857
2024-10-19 14:33:30,11899857
2024-10-19 14:34:00,11899857
2024-10-19 14:34:30,11899857
2024-10-19 14:35:00,11899857
2024-10-19 14:35:30,11899857
2024-10-19 14:36:00,11899857
2024-10-19 14:36:30,11899857
2024-10-19 14:37:30,11899857
2024-10-19 14:38:00,11899857
2024-10-19 14:38:30,11899857
2024-10-19 14:39:00,11899857
2024-10-19 14:39:30,11903641
2024-10-19 14:40:00,11916996
2024-10-19 14:40:30,11917066
2024-10-19 14:41:00,11917066
2024-10-19 14:41:30,11917066
2024-10-19 14:42:00,11917066
2024-10-19 14:42:30,11917066
2024-10-19 14:43:00,11917066
2024-10-19 14:43:30,11917066
2024-10-19 14:44:00,11917066
2024-10-19 14:44:30,11917066
2024-10-19 14:45:30,11917066
2024-10-19 14:46:00,11917066
2024-10-19 14:46:30,11917243
2024-10-19 14:47:00,11922203
2024-10-19 14:47:30,12022358
2024-10-19 14:48:00,12036624
2024-10-19 14:48:30,12036624
2024-10-19 14:49:30,12036624
2024-10-19 14:50:00,12036624
2024-10-19 14:50:30,12036624
2024-10-19 14:51:00,12036624
2024-10-19 14:51:30,12036624
2024-10-19 14:52:00,12036624
2024-10-19 14:52:30,12036624
2024-10-19 14:53:00,12036624
2024-10-19 14:53:30,12036624
2024-10-19 14:54:00,12036624
2024-10-19 14:54:30,12036671
2024-10-19 14:55:00,12041738
2024-10-19 14:55:30,12047566
2024-10-19 14:56:00,12047566
2024-10-19 14:56:30,12047566
2024-10-19 14:57:00,12047566
2024-10-19 14:57:30,12047566
2024-10-19 14:58:00,12047566
2024-10-19 14:58:30,12057281
2024-10-19 14:59:00,12083901
2024-10-19 14:59:30,12086020
2024-10-19 15:00:00,12086020
2024-10-19 15:00:30,12086020
2024-10-19 15:01:00,12104349
2024-10-19 15:01:30,12116948
2024-10-19 15:02:00,12198478
2024-10-19 15:02:30,12272780
2024-10-19 15:03:00,12286775
2024-10-19 15:03:30,12286775
2024-10-19 15:04:00,12286775
2024-10-19 15:04:30,12286775
2024-10-19 15:05:00,12286775
2024-10-19 15:05:30,12286775
2024-10-19 15:06:00,12287479
2024-10-19 15:06:30,12329352
2024-10-19 15:07:00,12362514
2024-10-19 15:07:30,12362514
2024-10-19 15:08:00,12363034
2024-10-19 15:08:30,12363124
2024-10-19 15:09:00,12363124
2024-10-19 15:09:30,12363124
2024-10-19 15:10:00,12363124
2024-10-19 15:10:30,12363124
2024-10-19 15:11:00,12363124
2024-10-19 15:11:30,12363124
2024-10-19 15:12:00,12363124
2024-10-19 15:12:30,12363124
2024-10-19 15:13:00,12363124
2024-10-19 15:13:30,12363124
2024-10-19 15:14:00,12363124
2024-10-19 15:14:30,12363124
2024-10-19 15:15:00,12363124
2024-10-19 15:15:30,12363124
2024-10-19 15:16:00,12363124
2024-10-19 15:16:30,12363124
2024-10-19 15:17:00,12363124
2024-10-19 15:17:30,12363124
2024-10-19 15:18:00,12363124
2024-10-19 15:18:30,12363124
2024-10-19 15:19:00,12363124
2024-10-19 15:19:30,12363125
2024-10-19 15:20:00,12363125
2024-10-19 15:20:30,12363125
2024-10-19 15:21:00,12363125
2024-10-19 15:21:30,12363125
2024-10-19 15:22:00,12363125
2024-10-19 15:22:30,12363125
2024-10-19 15:23:00,12363125
2024-10-19 15:23:30,12363125
2024-10-19 15:24:00,12363125
2024-10-19 15:24:30,12363125
2024-10-19 15:25:00,12363125
2024-10-19 15:25:30,12363125
2024-10-19 15:26:00,12429322
2024-10-19 15:26:30,12472021
2024-10-19 15:27:00,12472021
2024-10-19 15:27:30,12472021
2024-10-19 15:28:00,12472021
2024-10-19 15:28:30,12472021
2024-10-19 15:29:00,12472021
2024-10-19 15:29:30,12472021
2024-10-19 15:30:00,12472021
2024-10-19 15:30:30,12475935
2024-10-19 15:31:00,12496665
2024-10-19 15:31:30,12502275
2024-10-19 15:32:00,12507242
2024-10-19 15:32:30,12507242
2024-10-19 15:33:00,12507242
2024-10-19 15:33:30,12507242
2024-10-19 15:34:00,12507242
2024-10-19 15:34:30,12507242
2024-10-19 15:35:00,12507242
2024-10-19 15:35:30,12507242
2024-10-19 15:36:00,12507242
2024-10-19 15:36:30,12507242
2024-10-19 15:37:00,12507242
2024-10-19 15:37:30,12507242
2024-10-19 15:38:00,12507242
2024-10-19 15:38:30,12507242
2024-10-19 15:39:00,12507242
2024-10-19 15:39:30,12507242
2024-10-19 15:40:00,12507242
2024-10-19 15:40:30,12507242
2024-10-19 15:41:00,12507242
2024-10-19 15:41:30,12507242
2024-10-19 15:42:00,12507242
2024-10-19 15:42:30,12507242
2024-10-19 15:43:00,12507242
2024-10-19 15:43:30,12507242
2024-10-19 15:44:00,12507242
2024-10-19 15:44:30,12507242
2024-10-19 15:45:30,12551199
2024-10-19 15:46:00,12552278
2024-10-19 15:46:30,12552483
2024-10-19 15:47:00,12552483
2024-10-19 15:47:30,12552483
2024-10-19 15:48:00,12552483
2024-10-19 15:48:30,12552483
2024-10-19 15:49:30,12552483
2024-10-19 15:50:00,12552483
2024-10-19 15:50:30,12552483
2024-10-19 15:51:00,12552483
2024-10-19 15:51:30,12552483
2024-10-19 15:52:00,12552483
2024-10-19 15:52:30,12552483
2024-10-19 15:53:00,12552483
2024-10-19 15:53:30,12552483
2024-10-19 15:54:00,12552483
2024-10-19 15:54:30,12552483
2024-10-19 15:55:00,12554812
2024-10-19 15:55:30,12594165
2024-10-19 15:56:00,12645951
2024-10-19 15:56:30,12651400
2024-10-19 15:57:30,12651400
2024-10-19 15:58:00,12651400
2024-10-19 15:58:30,12651400
2024-10-19 15:59:00,12651400
2024-10-19 15:59:30,12651400
2024-10-19 16:00:00,12651400
2024-10-19 16:00:30,12651400
2024-10-19 16:01:00,12651400
2024-10-19 16:01:30,12651400
2024-10-19 16:02:00,12651400
2024-10-19 16:02:30,12651400
2024-10-19 16:03:00,12651400
2024-10-19 16:03:30,12651400
2024-10-19 16:04:00,12651400
2024-10-19 16:04:30,12651400
2024-10-19 16:05:00,12651400
2024-10-19 16:05:30,12651400
2024-10-19 16:06:00,12651400
2024-10-19 16:06:30,12651400
2024-10-19 16:07:00,12651400
2024-10-19 16:07:30,12661107
2024-10-19 16:08:00,12698607
2024-10-19 16:08:30,12742905
2024-10-19 16:09:30,12756725
2024-10-19 16:10:00,12756725
2024-10-19 16:10:30,12756725
2024-10-19 16:11:00,12756725
2024-10-19 16:11:30,12756725
2024-10-19 16:12:00,12756725
2024-10-19 16:12:30,12756725
2024-10-19 16:13:30,12756725
2024-10-19 16:14:00,12756725
2024-10-19 16:14:30,12756725
2024-10-19 16:15:00,12756725
2024-10-19 16:15:30,12756725
2024-10-19 16:16:00,12756725
2024-10-19 16:16:30,12756725
2024-10-19 16:17:00,12756725
2024-10-19 16:17:30,12756725
2024-10-19 16:18:00,12756725
2024-10-19 16:18:30,12756725
2024-10-19 16:19:00,12756725
2024-10-19 16:19:30,12756725
2024-10-19 16:20:00,12783480
2024-10-19 16:20:30,12843957
2024-10-19 16:21:00,12850988
2024-10-19 16:21:30,12850988
2024-10-19 16:22:00,12850988
2024-10-19 16:22:30,12850988
2024-10-19 16:23:00,12850988
2024-10-19 16:23:30,12850988
2024-10-19 16:24:00,12850988
2024-10-19 16:24:30,12850988
2024-10-19 16:25:30,12850988
2024-10-19 16:26:00,12850988
2024-10-19 16:26:30,12850988
2024-10-19 16:27:00,12850988
2024-10-19 16:27:30,12850988
2024-10-19 16:28:00,12850988
2024-10-19 16:28:30,12850988
2024-10-19 16:29:30,12850988
2024-10-19 16:30:00,12850988
2024-10-19 16:30:30,12850988
2024-10-19 16:31:00,12850988
2024-10-19 16:31:30,12850988
2024-10-19 16:32:00,12850988
2024-10-19 16:32:30,12853870
2024-10-19 16:33:30,12873067
2024-10-19 16:34:00,12873067
2024-10-19 16:34:30,12873067
2024-10-19 16:35:00,12873067
2024-10-19 16:35:30,12873067
2024-10-19 16:36:00,12873067
2024-10-19 16:36:30,12873067
2024-10-19 16:37:00,12876306
2024-10-19 16:37:30,12888383
2024-10-19 16:38:00,12896385
2024-10-19 16:38:30,12935735
2024-10-19 16:39:00,12965637
2024-10-19 16:39:30,12965744
2024-10-19 16:40:00,12965744
2024-10-19 16:40:30,12965744
2024-10-19 16:41:00,12965744
2024-10-19 16:41:30,12965744
2024-10-19 16:42:00,12965744
2024-10-19 16:42:30,12965744
2024-10-19 16:43:00,12965744
2024-10-19 16:43:30,12996960
2024-10-19 16:44:00,13022777
2024-10-19 16:44:30,13022777
2024-10-19 16:45:30,13046993
2024-10-19 16:46:00,13046993
2024-10-19 16:46:30,13046993
2024-10-19 16:47:00,13046993
2024-10-19 16:47:30,13046993
2024-10-19 16:48:00,13046993
2024-10-19 16:48:30,13046993
2024-10-19 16:49:00,13046993
2024-10-19 16:49:30,13046993
2024-10-19 16:50:00,13048558
2024-10-19 16:50:30,13053875
2024-10-19 16:51:00,13053875
2024-10-19 16:51:30,13053875
2024-10-19 16:52:00,13053875
2024-10-19 16:52:30,13053875
2024-10-19 16:53:00,13053875
2024-10-19 16:53:30,13053875
2024-10-19 16:54:00,13053875
2024-10-19 16:54:30,13053875
2024-10-19 16:55:00,13053875
2024-10-19 16:55:30,13053876
2024-10-19 16:56:00,13053876
2024-10-19 16:56:30,13053876
2024-10-19 16:57:00,13053876
2024-10-19 16:57:30,13053876
2024-10-19 16:58:00,13053876
2024-10-19 16:58:30,13125668
2024-10-19 16:59:00,13287885
2024-10-19 16:59:30,13357035
2024-10-19 17:00:00,13357035
2024-10-19 17:00:30,13357035
2024-10-19 17:01:00,13357035
2024-10-19 17:01:30,13357035
2024-10-19 17:02:00,13357035
2024-10-19 17:02:30,13357035
2024-10-19 17:03:00,13357035
2024-10-19 17:03:30,13357035
2024-10-19 17:04:00,13357035
2024-10-19 17:04:30,13357035
2024-10-19 17:05:00,13357035
2024-10-19 17:05:30,13357035
2024-10-19 17:06:00,13357035
2024-10-19 17:06:30,13357035
2024-10-19 17:07:00,13357035
2024-10-19 17:07:30,13357035
2024-10-19 17:08:00,13357035
2024-10-19 17:08:30,13357035
2024-10-19 17:09:00,13357035
2024-10-19 17:09:30,13357035
2024-10-19 17:10:00,13357187
2024-10-19 17:10:30,13382296
2024-10-19 17:11:00,13403622
2024-10-19 17:11:30,13403622
2024-10-19 17:12:00,13403622
2024-10-19 17:12:30,13403622
2024-10-19 17:13:00,13403622
2024-10-19 17:13:30,13403622
2024-10-19 17:14:00,13403622
2024-10-19 17:14:30,13403622
2024-10-19 17:15:00,13424813
2024-10-19 17:15:30,13470104
2024-10-19 17:16:00,13554208
2024-10-19 17:16:30,13683984
2024-10-19 17:17:00,13731412
2024-10-19 17:17:30,13731412
2024-10-19 17:18:00,13731412
2024-10-19 17:18:30,13731412
2024-10-19 17:19:00,13731412
2024-10-19 17:19:30,13743536
2024-10-19 17:20:00,13784357
2024-10-19 17:20:30,13851941
2024-10-19 17:21:00,13860898
2024-10-19 17:21:30,13860898
2024-10-19 17:22:00,13863453
2024-10-19 17:22:30,13869525
2024-10-19 17:23:00,13869525
2024-10-19 17:23:30,13869525
2024-10-19 17:24:00,13869525
2024-10-19 17:24:30,13869525
2024-10-19 17:25:30,13869525
2024-10-19 17:26:00,13869525
2024-10-19 17:26:30,13869525
2024-10-19 17:27:00,13869525
2024-10-19 17:27:30,13869525
2024-10-19 17:28:00,13886222
2024-10-19 17:28:30,13938943
2024-10-19 17:29:30,13997355
2024-10-19 17:30:00,13997355
2024-10-19 17:30:30,13997355
2024-10-19 17:31:00,13997355
2024-10-19 17:31:30,13997355
2024-10-19 17:32:00,13997355
2024-10-19 17:32:30,13997355
2024-10-19 17:33:00,13997355
2024-10-19 17:33:30,13997355
2024-10-19 17:34:00,13997355
2024-10-19 17:34:30,14011410
2024-10-19 17:35:00,14068051
2024-10-19 17:35:30,14071420
2024-10-19 17:36:00,14075413
2024-10-19 17:36:30,14075413
2024-10-19 17:37:30,14075413
2024-10-19 17:38:00,14075413
2024-10-19 17:38:30,14075413
2024-10-19 17:39:00,14075413
2024-10-19 17:39:30,14075413
2024-10-19 17:40:00,14075413
2024-10-19 17:40:30,14075413
2024-10-19 17:41:30,14075413
2024-10-19 17:42:00,14075413
2024-10-19 17:42:30,14075413
2024-10-19 17:43:00,14075413
2024-10-19 17:43:30,14075413
2024-10-19 17:44:00,14075413
2024-10-19 17:44:30,14075413
2024-10-19 17:45:30,14075413
2024-10-19 17:46:00,14075413
2024-10-19 17:46:30,14075413
2024-10-19 17:47:00,14075413
2024-10-19 17:47:30,14075413
2024-10-19 17:48:00,14075413
2024-10-19 17:48:30,14075413
2024-10-19 17:49:00,14075413
2024-10-19 17:49:30,14075413
2024-10-19 17:50:00,14075413
2024-10-19 17:50:30,14075413
2024-10-19 17:51:00,14075413
2024-10-19 17:51:30,14075413
2024-10-19 17:52:00,14075413
2024-10-19 17:52:30,14075413
2024-10-19 17:53:00,14075413
2024-10-19 17:53:30,14075413
2024-10-19 17:54:00,14075413
2024-10-19 17:54:30,14075413
2024-10-19 17:55:00,14075413
2024-10-19 17:55:30,14075413
2024-10-19 17:56:00,14075413
2024-10-19 17:56:30,14075413
2024-10-19 17:57:00,14075413
2024-10-19 17:57:30,14075413
2024-10-19 17:58:00,14075414
2024-10-19 17:58:30,14075414
2024-10-19 17:59:00,14075414
2024-10-19 17:59:30,14075414
2024-10-19 18:00:00,14075414
2024-10-19 18:00:30,14075414
2024-10-19 18:01:30,14075414
2024-10-19 18:02:00,14075414
2024-10-19 18:02:30,14075414
2024-10-19 18:03:00,14075414
2024-10-19 18:03:30,14075414
2024-10-19 18:04:00,14075414
2024-10-19 18:04:30,14075414
2024-10-19 18:05:30,14075414
2024-10-19 18:06:00,14075414
2024-10-19 18:06:30,14075414
2024-10-19 18:07:00,14075414
2024-10-19 18:07:30,14075414
2024-10-19 18:08:00,14075414
2024-10-19 18:08:30,14075414
2024-10-19 18:09:00,14075414
2024-10-19 18:09:30,14075414
2024-10-19 18:10:00,14075414
2024-10-19 18:10:30,14075414
2024-10-19 18:11:00,14075414
2024-10-19 18:11:30,14075414
2024-10-19 18:12:00,14075414
2024-10-19 18:12:30,14075414
2024-10-19 18:13:00,14075414
2024-10-19 18:13:30,14075414
2024-10-19 18:14:00,14075414
2024-10-19 18:14:30,14075414
2024-10-19 18:15:00,14075414
2024-10-19 18:15:30,14075414
2024-10-19 18:16:00,14075414
2024-10-19 18:16:30,14075414
2024-10-19 18:17:00,14075414
2024-10-19 18:17:30,14075414
2024-10-19 18:18:00,14075414
2024-10-19 18:18:30,14100867
2024-10-19 18:19:00,14105529
2024-10-19 18:19:30,14105529
2024-10-19 18:20:00,14105529
2024-10-19 18:20:30,14105529
2024-10-19 18:21:00,14105529
2024-10-19 18:21:30,14105529
2024-10-19 18:22:00,14105529
2024-10-19 18:22:30,14105529
2024-10-19 18:23:00,14105529
2024-10-19 18:23:30,14105529
2024-10-19 18:24:00,14105529
2024-10-19 18:24:30,14105529
2024-10-19 18:25:00,14105529
2024-10-19 18:25:30,14105529
2024-10-19 18:26:00,14105529
2024-10-19 18:26:30,14105529
2024-10-19 18:27:00,14123296
2024-10-19 18:27:30,14190314
2024-10-19 18:28:00,14202185
2024-10-19 18:28:30,14202185
2024-10-19 18:29:30,14202185
2024-10-19 18:30:00,14202185
2024-10-19 18:30:30,14202185
2024-10-19 18:31:00,14202185
2024-10-19 18:31:30,14202185
2024-10-19 18:32:00,14202185
2024-10-19 18:32:30,14202185
2024-10-19 18:33:30,14236256
2024-10-19 18:34:00,14237126
2024-10-19 18:34:30,14314709
2024-10-19 18:35:00,14400520
2024-10-19 18:35:30,14420712
2024-10-19 18:36:00,14420712
2024-10-19 18:36:30,14420712
2024-10-19 18:37:00,14420712
2024-10-19 18:37:30,14420712
2024-10-19 18:38:00,14420712
2024-10-19 18:38:30,14420712
2024-10-19 18:39:00,14420712
2024-10-19 18:39:30,14420712
2024-10-19 18:40:00,14420712
2024-10-19 18:40:30,14420712
2024-10-19 18:41:00,14420712
2024-10-19 18:41:30,14420712
2024-10-19 18:42:00,14420712
2024-10-19 18:42:30,14420712
2024-10-19 18:43:00,14420712
2024-10-19 18:43:30,14420712
2024-10-19 18:44:00,14420712
2024-10-19 18:44:30,14420712
2024-10-19 18:45:30,14420712
2024-10-19 18:46:00,14420712
2024-10-19 18:46:30,14420712
2024-10-19 18:47:00,14420712
2024-10-19 18:47:30,14420712
2024-10-19 18:48:00,14420712
2024-10-19 18:48:30,14420712
2024-10-19 18:49:00,14420712
2024-10-19 18:49:30,14420712
2024-10-19 18:50:00,14420712
2024-10-19 18:50:30,14420712
2024-10-19 18:51:00,14420712
2024-10-19 18:51:30,14420712
2024-10-19 18:52:00,14420712
2024-10-19 18:52:30,14420712
2024-10-19 18:53:00,14420712
2024-10-19 18:53:30,14420712
2024-10-19 18:54:00,14420712
2024-10-19 18:54:30,14420712
2024-10-19 18:55:00,14420712
2024-10-19 18:55:30,14420712
2024-10-19 18:56:00,14420712
2024-10-19 18:56:30,14420712
2024-10-19 18:57:30,14420712
2024-10-19 18:58:00,14420712
2024-10-19 18:58:30,14420712
2024-10-19 18:59:00,14420712
2024-10-19 18:59:30,14420712
2024-10-19 19:00:00,14420712
2024-10-19 19:00:30,14420712
2024-10-19 19:01:00,14420712
2024-10-19 19:01:30,14420712
2024-10-19 19:02:00,14420712
2024-10-19 19:02:30,14420712
2024-10-19 19:03:00,14420712
2024-10-19 19:03:30,14420712
2024-10-19 19:04:00,14420712
2024-10-19 19:04:30,14420712
2024-10-19 19:05:00,14479353
2024-10-19 19:05:30,14481144
2024-10-19 19:06:00,14483367
2024-10-19 19:06:30,14483367
2024-10-19 19:07:00,14483367
2024-10-19 19:07:30,14483367
2024-10-19 19:08:00,14483367
2024-10-19 19:08:30,14483367
2024-10-19 19:09:00,14483367
2024-10-19 19:09:30,14497383
2024-10-19 19:10:00,14615803
2024-10-19 19:10:30,14703500
2024-10-19 19:11:00,14704616
2024-10-19 19:11:30,14704616
2024-10-19 19:12:00,14704616
2024-10-19 19:12:30,14704616
2024-10-19 19:13:00,14704616
2024-10-19 19:13:30,14704616
2024-10-19 19:14:00,14707836
2024-10-19 19:14:30,14747550
2024-10-19 19:15:00,14751280
2024-10-19 19:15:30,14751280
2024-10-19 19:16:00,14751280
2024-10-19 19:16:30,14751280
2024-10-19 19:17:30,14751280
2024-10-19 19:18:00,14751280
2024-10-19 19:18:30,14751280
2024-10-19 19:19:00,14751280
2024-10-19 19:19:30,14751280
2024-10-19 19:20:00,14751280
2024-10-19 19:20:30,14751280
2024-10-19 19:21:30,14751280
2024-10-19 19:22:00,14751280
2024-10-19 19:22:30,14751280
2024-10-19 19:23:00,14751280
2024-10-19 19:23:30,14751280
2024-10-19 19:24:00,14751280
2024-10-19 19:24:30,14751280
2024-10-19 19:25:30,14751280
2024-10-19 19:26:00,14751280
2024-10-19 19:26:30,14751280
2024-10-19 19:27:00,14751280
2024-10-19 19:27:30,14751280
2024-10-19 19:28:00,14751280
2024-10-19 19:28:30,14751280
2024-10-19 19:29:30,14751280
2024-10-19 19:30:00,14751280
2024-10-19 19:30:30,14751280
2024-10-19 19:31:00,14751280
2024-10-19 19:31:30,14751280
2024-10-19 19:32:00,14751280
2024-10-19 19:32:30,14751280
2024-10-19 19:33:30,14810982
2024-10-19 19:34:00,14828437
2024-10-19 19:34:30,14838011
2024-10-19 19:35:00,14838011
2024-10-19 19:35:30,14838011
2024-10-19 19:36:00,14838011
2024-10-19 19:36:30,14838011
2024-10-19 19:37:30,14838011
2024-10-19 19:38:00,14838011
2024-10-19 19:38:30,14838011
2024-10-19 19:39:00,14838011
2024-10-19 19:39:30,14838011
2024-10-19 19:40:00,14838011
2024-10-19 19:40:30,14838011
2024-10-19 19:41:30,14838011
2024-10-19 19:42:00,14838011
2024-10-19 19:42:30,14838011
2024-10-19 19:43:00,14848689
2024-10-19 19:43:30,14855417
2024-10-19 19:44:00,14855417
2024-10-19 19:44:30,14855417
2024-10-19 19:45:30,14878256
2024-10-19 19:46:00,14878256
2024-10-19 19:46:30,14886874
2024-10-19 19:47:00,14906178
2024-10-19 19:47:30,14914088
2024-10-19 19:48:00,14916888
2024-10-19 19:48:30,14916888
2024-10-19 19:49:30,14916888
2024-10-19 19:50:00,14916888
2024-10-19 19:50:30,14916888
2024-10-19 19:51:00,14916888
2024-10-19 19:51:30,14916888
2024-10-19 19:52:00,14916888
2024-10-19 19:52:30,14916888
2024-10-19 19:53:00,14916888
2024-10-19 19:53:30,14916888
2024-10-19 19:54:00,14916888
2024-10-19 19:54:30,14916888
2024-10-19 19:55:00,14916888
2024-10-19 19:55:30,14916888
2024-10-19 19:56:00,14928297
2024-10-19 19:56:30,14946138
2024-10-19 19:57:30,14946138
2024-10-19 19:58:00,14946138
2024-10-19 19:58:30,14946138
2024-10-19 19:59:00,14946138
2024-10-19 19:59:30,14946138
2024-10-19 20:00:00,14946138
2024-10-19 20:00:30,14946138
2024-10-19 20:01:30,14946138
2024-10-19 20:02:00,14946138
2024-10-19 20:02:30,14946138
2024-10-19 20:03:00,14946966
2024-10-19 20:03:30,14979828
2024-10-19 20:04:00,14987455
2024-10-19 20:04:30,15001804
2024-10-19 20:05:00,15072458
2024-10-19 20:05:30,15072458
2024-10-19 20:06:00,15072458
2024-10-19 20:06:30,15072458
2024-10-19 20:07:00,15072458
2024-10-19 20:07:30,15072458
2024-10-19 20:08:00,15072458
2024-10-19 20:08:30,15072458
2024-10-19 20:09:30,15072458
2024-10-19 20:10:00,15072458
2024-10-19 20:10:30,15072458
2024-10-19 20:11:00,15072458
2024-10-19 20:11:30,15072458
2024-10-19 20:12:00,15072458
2024-10-19 20:12:30,15072458
2024-10-19 20:13:00,15072458
2024-10-19 20:13:30,15072458
2024-10-19 20:14:00,15072458
2024-10-19 20:14:30,15072458
2024-10-19 20:15:00,15072458
2024-10-19 20:15:30,15072458
2024-10-19 20:16:00,15072458
2024-10-19 20:16:30,15072458
2024-10-19 20:17:30,15072458
2024-10-19 20:18:00,15072458
2024-10-19 20:18:30,15072458
2024-10-19 20:19:00,15072458
2024-10-19 20:19:30,15072458
2024-10-19 20:20:00,15072458
2024-10-19 20:20:30,15072458
2024-10-19 20:21:30,15072458
2024-10-19 20:21:59,15072458