"Time","Total 5G Cell Downlink Traffic"
2024-10-18 20:21:00,120 kb/s
2024-10-18 20:21:30,624 kb/s
2024-10-18 20:22:00,538 kb/s
2024-10-18 20:22:30,222 kb/s
2024-10-18 20:23:00,387 kb/s
2024-10-18 20:23:30,308 kb/s
2024-10-18 20:24:00,489 kb/s
2024-10-18 20:24:30,46.6 kb/s
2024-10-18 20:25:00,1.60 kb/s
2024-10-18 20:25:30,199 kb/s
2024-10-18 20:26:00,394 kb/s
2024-10-18 20:26:30,268 kb/s
2024-10-18 20:27:00,232 kb/s
2024-10-18 20:27:30,342 kb/s
2024-10-18 20:28:00,396 kb/s
2024-10-18 20:28:30,475 kb/s
2024-10-18 20:29:00,118 kb/s
2024-10-18 20:29:30,321 kb/s
2024-10-18 20:30:00,513 kb/s
2024-10-18 20:30:30,787 kb/s
2024-10-18 20:31:00,488 kb/s
2024-10-18 20:31:30,20.6 kb/s
2024-10-18 20:32:00,533 kb/s
2024-10-18 20:32:30,127 kb/s
2024-10-18 20:33:00,357 kb/s
2024-10-18 20:33:30,359 kb/s
2024-10-18 20:34:00,306 kb/s
2024-10-18 20:34:30,72.9 kb/s
2024-10-18 20:35:00,182 kb/s
2024-10-18 20:35:30,529 kb/s
2024-10-18 20:36:00,214 kb/s
2024-10-18 20:36:30,447 kb/s
2024-10-18 20:37:00,271 kb/s
2024-10-18 20:37:30,257 kb/s
2024-10-18 20:38:00,288 kb/s
2024-10-18 20:38:30,69.1 kb/s
2024-10-18 20:39:00,451 kb/s
2024-10-18 20:39:30,440 kb/s
2024-10-18 20:40:00,326 kb/s
2024-10-18 20:40:30,104 kb/s
2024-10-18 20:41:00,122 kb/s
2024-10-18 20:41:30,874 kb/s
2024-10-18 20:42:00,209 kb/s
2024-10-18 20:42:30,108 kb/s
2024-10-18 20:43:00,50.2 kb/s
2024-10-18 20:43:30,225 kb/s
2024-10-18 20:44:00,231 kb/s
2024-10-18 20:44:30,234 kb/s
2024-10-18 20:45:00,301 kb/s
2024-10-18 20:45:30,632 kb/s
2024-10-18 20:46:00,97.7 kb/s
2024-10-18 20:46:30,123 kb/s
2024-10-18 20:47:00,91.4 kb/s
2024-10-18 20:47:30,180 kb/s
2024-10-18 20:48:00,159 kb/s
2024-10-18 20:48:30,339 b/s
2024-10-18 20:49:00,196 b/s
2024-10-18 20:49:30,21.3 b/s
2024-10-18 20:50:00,239 b/s
2024-10-18 20:50:30,50.3 kb/s
2024-10-18 20:51:00,50.6 kb/s
2024-10-18 20:51:30,363 kb/s
2024-10-18 20:52:00,524 kb/s
2024-10-18 20:52:30,140 kb/s
2024-10-18 20:53:00,107 kb/s
2024-10-18 20:53:30,509 b/s
2024-10-18 20:54:00,0 b/s
2024-10-18 20:54:30,265 b/s
2024-10-18 20:55:00,14.6 kb/s
2024-10-18 20:55:30,534 kb/s
2024-10-18 20:56:00,456 kb/s
2024-10-18 20:56:30,375 kb/s
2024-10-18 20:57:00,92.2 kb/s
2024-10-18 20:57:30,83.7 kb/s
2024-10-18 20:58:00,133 kb/s
2024-10-18 20:58:30,291 kb/s
2024-10-18 20:59:00,404 kb/s
2024-10-18 20:59:30,139 b/s
2024-10-18 21:00:00,230 b/s
2024-10-18 21:00:30,425 kb/s
2024-10-18 21:01:00,375 kb/s
2024-10-18 21:01:30,359 kb/s
2024-10-18 21:02:00,425 kb/s
2024-10-18 21:02:30,609 kb/s
2024-10-18 21:03:00,654 kb/s
2024-10-18 21:03:30,457 kb/s
2024-10-18 21:04:00,331 kb/s
2024-10-18 21:04:30,60.1 kb/s
2024-10-18 21:05:00,236 kb/s
2024-10-18 21:05:30,347 kb/s
2024-10-18 21:06:00,299 kb/s
2024-10-18 21:06:30,334 kb/s
2024-10-18 21:07:00,589 kb/s
2024-10-18 21:07:30,130 kb/s
2024-10-18 21:08:00,335 b/s
2024-10-18 21:08:30,21.3 b/s
2024-10-18 21:09:00,101 kb/s
2024-10-18 21:09:30,407 kb/s
2024-10-18 21:10:00,472 kb/s
2024-10-18 21:10:30,20.2 kb/s
2024-10-18 21:11:00,20.6 kb/s
2024-10-18 21:11:30,230 b/s
2024-10-18 21:12:00,0 b/s
2024-10-18 21:12:30,239 b/s
2024-10-18 21:13:00,183 kb/s
2024-10-18 21:13:30,108 kb/s
2024-10-18 21:14:00,169 kb/s
2024-10-18 21:14:30,157 kb/s
2024-10-18 21:15:00,149 kb/s
2024-10-18 21:15:30,56.3 kb/s
2024-10-18 21:16:00,128 kb/s
2024-10-18 21:16:30,714 kb/s
2024-10-18 21:17:00,226 kb/s
2024-10-18 21:17:30,186 kb/s
2024-10-18 21:18:00,506 kb/s
2024-10-18 21:18:30,287 kb/s
2024-10-18 21:19:00,538 kb/s
2024-10-18 21:19:30,232 kb/s
2024-10-18 21:20:00,623 kb/s
2024-10-18 21:20:30,167 kb/s
2024-10-18 21:21:00,118 kb/s
2024-10-18 21:21:30,275 kb/s
2024-10-18 21:22:00,162 kb/s
2024-10-18 21:22:30,9.69 kb/s
2024-10-18 21:23:00,340 kb/s
2024-10-18 21:23:30,310 kb/s
2024-10-18 21:24:00,285 kb/s
2024-10-18 21:24:30,198 kb/s
2024-10-18 21:25:00,616 kb/s
2024-10-18 21:25:30,403 kb/s
2024-10-18 21:26:00,397 kb/s
2024-10-18 21:26:30,397 kb/s
2024-10-18 21:27:00,376 kb/s
2024-10-18 21:27:30,262 kb/s
2024-10-18 21:28:00,498 kb/s
2024-10-18 21:28:30,203 kb/s
2024-10-18 21:29:00,503 b/s
2024-10-18 21:29:30,66.3 kb/s
2024-10-18 21:30:00,72.6 kb/s
2024-10-18 21:30:30,193 kb/s
2024-10-18 21:31:00,449 kb/s
2024-10-18 21:31:30,550 kb/s
2024-10-18 21:32:00,55.8 kb/s
2024-10-18 21:32:30,245 kb/s
2024-10-18 21:33:00,189 kb/s
2024-10-18 21:33:30,161 kb/s
2024-10-18 21:34:00,644 kb/s
2024-10-18 21:34:30,708 kb/s
2024-10-18 21:35:00,404 kb/s
2024-10-18 21:35:30,420 kb/s
2024-10-18 21:36:00,438 kb/s
2024-10-18 21:36:30,610 kb/s
2024-10-18 21:37:00,102 kb/s
2024-10-18 21:37:30,138 kb/s
2024-10-18 21:38:00,270 kb/s
2024-10-18 21:38:30,233 kb/s
2024-10-18 21:39:00,83.4 kb/s
2024-10-18 21:39:30,206 kb/s
2024-10-18 21:40:00,33.2 kb/s
2024-10-18 21:40:30,133 kb/s
2024-10-18 21:41:00,310 kb/s
2024-10-18 21:41:30,617 kb/s
2024-10-18 21:42:00,540 kb/s
2024-10-18 21:42:30,115 kb/s
2024-10-18 21:43:00,296 kb/s
2024-10-18 21:43:30,304 kb/s
2024-10-18 21:44:00,335 kb/s
2024-10-18 21:44:30,80.0 kb/s
2024-10-18 21:45:00,338 kb/s
2024-10-18 21:45:30,301 kb/s
2024-10-18 21:46:00,250 kb/s
2024-10-18 21:46:30,123 kb/s
2024-10-18 21:47:00,144 kb/s
2024-10-18 21:47:30,35.7 kb/s
2024-10-18 21:48:00,249 kb/s
2024-10-18 21:48:30,13.2 kb/s
2024-10-18 21:49:00,382 kb/s
2024-10-18 21:49:30,395 kb/s
2024-10-18 21:50:00,401 kb/s
2024-10-18 21:50:30,436 kb/s
2024-10-18 21:51:00,26.0 kb/s
2024-10-18 21:51:30,24.4 kb/s
2024-10-18 21:52:00,208 kb/s
2024-10-18 21:52:30,134 kb/s
2024-10-18 21:53:00,71.4 kb/s
2024-10-18 21:53:30,350 kb/s
2024-10-18 21:54:00,402 kb/s
2024-10-18 21:54:30,402 kb/s
2024-10-18 21:55:00,283 kb/s
2024-10-18 21:55:30,342 kb/s
2024-10-18 21:56:00,481 kb/s
2024-10-18 21:56:30,353 kb/s
2024-10-18 21:57:00,24.5 kb/s
2024-10-18 21:57:30,245 kb/s
2024-10-18 21:58:00,435 kb/s
2024-10-18 21:58:30,98.5 kb/s
2024-10-18 21:59:00,19.5 kb/s
2024-10-18 21:59:30,77.1 kb/s
2024-10-18 22:00:00,125 kb/s
2024-10-18 22:00:30,95.9 kb/s
2024-10-18 22:01:00,0 b/s
2024-10-18 22:01:30,213 kb/s
2024-10-18 22:02:00,220 kb/s
2024-10-18 22:02:30,216 kb/s
2024-10-18 22:03:00,458 kb/s
2024-10-18 22:03:30,207 kb/s
2024-10-18 22:04:00,369 kb/s
2024-10-18 22:04:30,539 kb/s
2024-10-18 22:05:00,438 kb/s
2024-10-18 22:05:30,371 kb/s
2024-10-18 22:06:00,225 kb/s
2024-10-18 22:06:30,218 kb/s
2024-10-18 22:07:00,389 kb/s
2024-10-18 22:07:30,272 kb/s
2024-10-18 22:08:00,92.7 kb/s
2024-10-18 22:08:30,123 kb/s
2024-10-18 22:09:00,601 kb/s
2024-10-18 22:09:30,64.7 kb/s
2024-10-18 22:10:00,485 kb/s
2024-10-18 22:10:30,535 kb/s
2024-10-18 22:11:00,342 kb/s
2024-10-18 22:11:30,237 kb/s
2024-10-18 22:12:00,221 kb/s
2024-10-18 22:12:30,415 kb/s
2024-10-18 22:13:00,165 kb/s
2024-10-18 22:13:30,600 kb/s
2024-10-18 22:14:00,848 kb/s
2024-10-18 22:14:30,180 kb/s
2024-10-18 22:15:00,222 b/s
2024-10-18 22:15:30,153 kb/s
2024-10-18 22:16:00,79.5 kb/s
2024-10-18 22:16:30,340 kb/s
2024-10-18 22:17:00,380 kb/s
2024-10-18 22:17:30,552 kb/s
2024-10-18 22:18:00,456 kb/s
2024-10-18 22:18:30,708 kb/s
2024-10-18 22:19:00,387 kb/s
2024-10-18 22:19:30,430 kb/s
2024-10-18 22:20:00,196 kb/s
2024-10-18 22:20:30,319 kb/s
2024-10-18 22:21:00,244 kb/s
2024-10-18 22:21:30,163 kb/s
2024-10-18 22:22:00,194 kb/s
2024-10-18 22:22:30,149 kb/s
2024-10-18 22:23:00,232 kb/s
2024-10-18 22:23:30,349 kb/s
2024-10-18 22:24:00,186 kb/s
2024-10-18 22:24:30,118 kb/s
2024-10-18 22:25:00,49.3 kb/s
2024-10-18 22:25:30,403 kb/s
2024-10-18 22:26:00,423 kb/s
2024-10-18 22:26:30,208 kb/s
2024-10-18 22:27:00,354 kb/s
2024-10-18 22:27:30,247 kb/s
2024-10-18 22:28:00,305 kb/s
2024-10-18 22:28:30,293 kb/s
2024-10-18 22:29:00,658 kb/s
2024-10-18 22:29:30,590 kb/s
2024-10-18 22:30:00,572 kb/s
2024-10-18 22:30:30,302 kb/s
2024-10-18 22:31:00,478 kb/s
2024-10-18 22:31:30,282 kb/s
2024-10-18 22:32:00,611 kb/s
2024-10-18 22:32:30,394 kb/s
2024-10-18 22:33:00,188 kb/s
2024-10-18 22:33:30,25.0 kb/s
2024-10-18 22:34:00,224 kb/s
2024-10-18 22:34:30,962 kb/s
2024-10-18 22:35:00,563 kb/s
2024-10-18 22:35:30,426 kb/s
2024-10-18 22:36:00,162 kb/s
2024-10-18 22:36:30,274 kb/s
2024-10-18 22:37:00,397 kb/s
2024-10-18 22:37:30,217 kb/s
2024-10-18 22:38:00,256 kb/s
2024-10-18 22:38:30,199 kb/s
2024-10-18 22:39:00,282 kb/s
2024-10-18 22:39:30,19.5 kb/s
2024-10-18 22:40:00,496 kb/s
2024-10-18 22:40:30,363 kb/s
2024-10-18 22:41:00,87.9 kb/s
2024-10-18 22:41:30,108 kb/s
2024-10-18 22:42:00,115 kb/s
2024-10-18 22:42:30,169 kb/s
2024-10-18 22:43:00,25.8 kb/s
2024-10-18 22:43:30,171 b/s
2024-10-18 22:44:00,21.3 b/s
2024-10-18 22:44:30,425 kb/s
2024-10-18 22:45:00,520 kb/s
2024-10-18 22:45:30,608 kb/s
2024-10-18 22:46:00,321 kb/s
2024-10-18 22:46:30,923 b/s
2024-10-18 22:47:00,265 b/s
2024-10-18 22:47:30,28.2 kb/s
2024-10-18 22:48:00,49.2 kb/s
2024-10-18 22:48:30,85.7 kb/s
2024-10-18 22:49:00,70.5 kb/s
2024-10-18 22:49:30,318 b/s
2024-10-18 22:50:00,214 b/s
2024-10-18 22:50:30,0 b/s
2024-10-18 22:51:00,0 b/s
2024-10-18 22:51:30,15.5 kb/s
2024-10-18 22:52:00,774 kb/s
2024-10-18 22:52:30,313 kb/s
2024-10-18 22:53:00,209 kb/s
2024-10-18 22:53:30,197 kb/s
2024-10-18 22:54:00,337 kb/s
2024-10-18 22:54:30,208 kb/s
2024-10-18 22:55:00,28.0 kb/s
2024-10-18 22:55:30,58.0 kb/s
2024-10-18 22:56:00,84.7 kb/s
2024-10-18 22:56:30,323 kb/s
2024-10-18 22:57:00,643 kb/s
2024-10-18 22:57:30,432 kb/s
2024-10-18 22:58:00,235 b/s
2024-10-18 22:58:30,0 b/s
2024-10-18 22:59:00,178 kb/s
2024-10-18 22:59:30,433 kb/s
2024-10-18 23:00:00,261 kb/s
2024-10-18 23:00:30,103 kb/s
2024-10-18 23:01:00,245 kb/s
2024-10-18 23:01:30,175 kb/s
2024-10-18 23:02:00,620 kb/s
2024-10-18 23:02:30,148 kb/s
2024-10-18 23:03:00,143 kb/s
2024-10-18 23:03:30,427 kb/s
2024-10-18 23:04:00,330 kb/s
2024-10-18 23:04:30,36.7 kb/s
2024-10-18 23:05:00,532 kb/s
2024-10-18 23:05:30,612 kb/s
2024-10-18 23:06:00,720 kb/s
2024-10-18 23:06:30,556 kb/s
2024-10-18 23:07:00,423 kb/s
2024-10-18 23:07:30,388 kb/s
2024-10-18 23:08:00,301 kb/s
2024-10-18 23:08:30,203 kb/s
2024-10-18 23:09:00,275 kb/s
2024-10-18 23:09:30,470 kb/s
2024-10-18 23:10:00,266 kb/s
2024-10-18 23:10:30,376 kb/s
2024-10-18 23:11:00,30.0 kb/s
2024-10-18 23:11:30,200 kb/s
2024-10-18 23:12:00,217 kb/s
2024-10-18 23:12:30,257 kb/s
2024-10-18 23:13:00,253 kb/s
2024-10-18 23:13:30,496 kb/s
2024-10-18 23:14:00,415 kb/s
2024-10-18 23:14:30,64.7 kb/s
2024-10-18 23:15:00,171 b/s
2024-10-18 23:15:30,0 b/s
2024-10-18 23:16:00,291 kb/s
2024-10-18 23:16:30,171 kb/s
2024-10-18 23:17:00,175 kb/s
2024-10-18 23:17:30,173 kb/s
2024-10-18 23:18:00,43.6 kb/s
2024-10-18 23:18:30,127 kb/s
2024-10-18 23:19:00,148 kb/s
2024-10-18 23:19:30,159 kb/s
2024-10-18 23:20:00,114 kb/s
2024-10-18 23:20:30,203 kb/s
2024-10-18 23:21:00,208 kb/s
2024-10-18 23:21:30,568 kb/s
2024-10-18 23:22:00,525 kb/s
2024-10-18 23:22:30,262 kb/s
2024-10-18 23:23:00,119 kb/s
2024-10-18 23:23:30,109 kb/s
2024-10-18 23:24:00,505 kb/s
2024-10-18 23:24:30,513 kb/s
2024-10-18 23:25:00,468 kb/s
2024-10-18 23:25:30,148 kb/s
2024-10-18 23:26:00,319 kb/s
2024-10-18 23:26:30,717 kb/s
2024-10-18 23:27:00,377 kb/s
2024-10-18 23:27:30,354 kb/s
2024-10-18 23:28:00,605 kb/s
2024-10-18 23:28:30,623 kb/s
2024-10-18 23:29:00,714 kb/s
2024-10-18 23:29:30,587 kb/s
2024-10-18 23:30:00,244 kb/s
2024-10-18 23:30:30,671 kb/s
2024-10-18 23:31:00,373 kb/s
2024-10-18 23:31:30,6.75 kb/s
2024-10-18 23:32:00,583 kb/s
2024-10-18 23:32:30,527 kb/s
2024-10-18 23:33:00,543 kb/s
2024-10-18 23:33:30,225 kb/s
2024-10-18 23:34:00,356 kb/s
2024-10-18 23:34:30,234 kb/s
2024-10-18 23:35:00,249 kb/s
2024-10-18 23:35:30,178 kb/s
2024-10-18 23:36:00,74.3 kb/s
2024-10-18 23:36:30,364 kb/s
2024-10-18 23:37:00,191 kb/s
2024-10-18 23:37:30,217 kb/s
2024-10-18 23:38:00,36.3 kb/s
2024-10-18 23:38:30,20.4 kb/s
2024-10-18 23:39:00,170 kb/s
2024-10-18 23:39:30,436 kb/s
2024-10-18 23:40:00,358 kb/s
2024-10-18 23:40:30,14.5 kb/s
2024-10-18 23:41:00,0 b/s
2024-10-18 23:41:30,74.7 b/s
2024-10-18 23:42:00,196 b/s
2024-10-18 23:42:30,192 kb/s
2024-10-18 23:43:00,609 kb/s
2024-10-18 23:43:30,697 kb/s
2024-10-18 23:44:00,211 kb/s
2024-10-18 23:44:30,74.8 kb/s
2024-10-18 23:45:00,117 kb/s
2024-10-18 23:45:30,40.5 kb/s
2024-10-18 23:46:00,536 kb/s
2024-10-18 23:46:30,318 kb/s
2024-10-18 23:47:00,75.9 kb/s
2024-10-18 23:47:30,290 kb/s
2024-10-18 23:48:00,464 kb/s
2024-10-18 23:48:30,254 b/s
2024-10-18 23:49:00,0 b/s
2024-10-18 23:49:30,170 kb/s
2024-10-18 23:50:00,32.7 kb/s
2024-10-18 23:50:30,32.8 kb/s
2024-10-18 23:51:00,32.3 kb/s
2024-10-18 23:51:30,20.9 kb/s
2024-10-18 23:52:00,488 kb/s
2024-10-18 23:52:30,238 kb/s
2024-10-18 23:53:00,244 kb/s
2024-10-18 23:53:30,178 kb/s
2024-10-18 23:54:00,239 b/s
2024-10-18 23:54:30,223 kb/s
2024-10-18 23:55:00,255 kb/s
2024-10-18 23:55:30,250 kb/s
2024-10-18 23:56:00,59.3 kb/s
2024-10-18 23:56:30,754 kb/s
2024-10-18 23:57:00,603 kb/s
2024-10-18 23:57:30,413 kb/s
2024-10-18 23:58:00,376 kb/s
2024-10-18 23:58:30,467 kb/s
2024-10-18 23:59:00,504 kb/s
2024-10-18 23:59:30,209 kb/s
2024-10-19 00:00:00,409 kb/s
2024-10-19 00:00:30,95.2 kb/s
2024-10-19 00:01:00,316 b/s
2024-10-19 00:01:30,418 kb/s
2024-10-19 00:02:00,278 kb/s
2024-10-19 00:02:30,372 kb/s
2024-10-19 00:03:00,525 kb/s
2024-10-19 00:03:30,591 kb/s
2024-10-19 00:04:00,372 kb/s
2024-10-19 00:04:30,143 kb/s
2024-10-19 00:05:00,245 kb/s
2024-10-19 00:05:30,274 kb/s
2024-10-19 00:06:00,259 kb/s
2024-10-19 00:06:30,0 b/s
2024-10-19 00:07:00,335 b/s
2024-10-19 00:07:30,349 kb/s
2024-10-19 00:08:00,308 kb/s
2024-10-19 00:08:30,421 kb/s
2024-10-19 00:09:00,373 kb/s
2024-10-19 00:09:30,18.0 kb/s
2024-10-19 00:10:00,25.6 kb/s
2024-10-19 00:10:30,25.6 kb/s
2024-10-19 00:11:00,8.65 kb/s
2024-10-19 00:11:30,0 b/s
2024-10-19 00:12:00,0 b/s
2024-10-19 00:12:30,0 b/s
2024-10-19 00:13:00,1.50 kb/s
2024-10-19 00:13:30,350 kb/s
2024-10-19 00:14:00,420 kb/s
2024-10-19 00:14:30,443 kb/s
2024-10-19 00:15:00,145 kb/s
2024-10-19 00:15:30,137 kb/s
2024-10-19 00:16:00,421 kb/s
2024-10-19 00:16:30,587 kb/s
2024-10-19 00:17:00,538 kb/s
2024-10-19 00:17:30,243 kb/s
2024-10-19 00:18:00,425 kb/s
2024-10-19 00:18:30,86.8 kb/s
2024-10-19 00:19:00,77.2 kb/s
2024-10-19 00:19:30,90.8 kb/s
2024-10-19 00:20:00,74.7 b/s
2024-10-19 00:20:30,162 kb/s
2024-10-19 00:21:00,110 kb/s
2024-10-19 00:21:30,0 b/s
2024-10-19 00:22:00,327 kb/s
2024-10-19 00:22:30,160 kb/s
2024-10-19 00:23:00,524 kb/s
2024-10-19 00:23:30,303 kb/s
2024-10-19 00:24:00,463 kb/s
2024-10-19 00:24:30,611 kb/s
2024-10-19 00:25:00,229 kb/s
2024-10-19 00:25:30,614 kb/s
2024-10-19 00:26:00,431 kb/s
2024-10-19 00:26:30,657 kb/s
2024-10-19 00:27:00,598 kb/s
2024-10-19 00:27:30,382 kb/s
2024-10-19 00:28:00,355 kb/s
2024-10-19 00:28:30,587 kb/s
2024-10-19 00:29:00,404 kb/s
2024-10-19 00:29:30,385 kb/s
2024-10-19 00:30:00,431 kb/s
2024-10-19 00:30:30,125 kb/s
2024-10-19 00:31:00,277 kb/s
2024-10-19 00:31:30,168 kb/s
2024-10-19 00:32:00,851 kb/s
2024-10-19 00:32:30,494 kb/s
2024-10-19 00:33:00,335 kb/s
2024-10-19 00:33:30,268 kb/s
2024-10-19 00:34:00,278 kb/s
2024-10-19 00:34:30,1.86 kb/s
2024-10-19 00:35:00,106 kb/s
2024-10-19 00:35:30,107 kb/s
2024-10-19 00:36:00,101 kb/s
2024-10-19 00:36:30,123 kb/s
2024-10-19 00:37:00,358 kb/s
2024-10-19 00:37:30,30.0 kb/s
2024-10-19 00:38:00,235 b/s
2024-10-19 00:38:30,451 b/s
2024-10-19 00:39:00,219 kb/s
2024-10-19 00:39:30,362 kb/s
2024-10-19 00:40:00,124 kb/s
2024-10-19 00:40:30,87.1 kb/s
2024-10-19 00:41:00,141 kb/s
2024-10-19 00:41:30,199 kb/s
2024-10-19 00:42:00,186 kb/s
2024-10-19 00:42:30,232 kb/s
2024-10-19 00:43:00,43.8 kb/s
2024-10-19 00:43:30,6.15 kb/s
2024-10-19 00:44:00,0 b/s
2024-10-19 00:44:30,49.1 kb/s
2024-10-19 00:45:00,50.5 kb/s
2024-10-19 00:45:30,48.9 kb/s
2024-10-19 00:46:00,22.7 kb/s
2024-10-19 00:46:30,129 kb/s
2024-10-19 00:47:00,138 kb/s
2024-10-19 00:47:30,787 kb/s
2024-10-19 00:48:00,603 kb/s
2024-10-19 00:48:30,74.7 b/s
2024-10-19 00:49:00,467 kb/s
2024-10-19 00:49:30,524 kb/s
2024-10-19 00:50:00,270 kb/s
2024-10-19 00:50:30,407 kb/s
2024-10-19 00:51:00,64.5 kb/s
2024-10-19 00:51:30,124 kb/s
2024-10-19 00:52:00,166 kb/s
2024-10-19 00:52:30,108 kb/s
2024-10-19 00:53:00,70.2 kb/s
2024-10-19 00:53:30,96 b/s
2024-10-19 00:54:00,146 kb/s
2024-10-19 00:54:30,368 kb/s
2024-10-19 00:55:00,657 kb/s
2024-10-19 00:55:30,231 kb/s
2024-10-19 00:56:00,200 kb/s
2024-10-19 00:56:30,147 kb/s
2024-10-19 00:57:00,32.6 kb/s
2024-10-19 00:57:30,33.6 kb/s
2024-10-19 00:58:00,257 b/s
2024-10-19 00:58:30,107 kb/s
2024-10-19 00:59:00,68.8 kb/s
2024-10-19 00:59:30,303 kb/s
2024-10-19 01:00:00,299 kb/s
2024-10-19 01:00:30,153 kb/s
2024-10-19 01:01:00,245 kb/s
2024-10-19 01:01:30,103 kb/s
2024-10-19 01:02:00,91.2 kb/s
2024-10-19 01:02:30,104 kb/s
2024-10-19 01:03:00,256 kb/s
2024-10-19 01:03:30,375 kb/s
2024-10-19 01:04:00,369 kb/s
2024-10-19 01:04:30,337 kb/s
2024-10-19 01:05:00,349 kb/s
2024-10-19 01:05:30,362 kb/s
2024-10-19 01:06:00,281 kb/s
2024-10-19 01:06:30,40.7 kb/s
2024-10-19 01:07:00,681 kb/s
2024-10-19 01:07:30,123 kb/s
2024-10-19 01:08:00,604 kb/s
2024-10-19 01:08:30,74.8 kb/s
2024-10-19 01:09:00,73.3 kb/s
2024-10-19 01:09:30,45.8 kb/s
2024-10-19 01:10:00,149 b/s
2024-10-19 01:10:30,0 b/s
2024-10-19 01:11:00,330 kb/s
2024-10-19 01:11:30,196 kb/s
2024-10-19 01:12:00,48.6 kb/s
2024-10-19 01:12:30,83.6 kb/s
2024-10-19 01:13:00,46.4 kb/s
2024-10-19 01:13:30,343 kb/s
2024-10-19 01:14:00,350 kb/s
2024-10-19 01:14:30,284 kb/s
2024-10-19 01:15:00,231 kb/s
2024-10-19 01:15:30,328 kb/s
2024-10-19 01:16:00,337 kb/s
2024-10-19 01:16:30,387 kb/s
2024-10-19 01:17:00,351 kb/s
2024-10-19 01:17:30,653 b/s
2024-10-19 01:18:00,42.7 b/s
2024-10-19 01:18:30,371 b/s
2024-10-19 01:19:00,74.7 b/s
2024-10-19 01:19:30,0 b/s
2024-10-19 01:20:00,16.8 kb/s
2024-10-19 01:20:30,166 kb/s
2024-10-19 01:21:00,109 kb/s
2024-10-19 01:21:30,97.6 kb/s
2024-10-19 01:22:00,403 kb/s
2024-10-19 01:22:30,625 kb/s
2024-10-19 01:23:00,415 kb/s
2024-10-19 01:23:30,378 kb/s
2024-10-19 01:24:00,558 kb/s
2024-10-19 01:24:30,431 kb/s
2024-10-19 01:25:00,472 kb/s
2024-10-19 01:25:30,251 kb/s
2024-10-19 01:26:00,736 kb/s
2024-10-19 01:26:30,891 kb/s
2024-10-19 01:27:00,427 kb/s
2024-10-19 01:27:30,397 kb/s
2024-10-19 01:28:00,181 kb/s
2024-10-19 01:28:30,195 kb/s
2024-10-19 01:29:00,125 kb/s
2024-10-19 01:29:30,44.9 kb/s
2024-10-19 01:30:00,240 kb/s
2024-10-19 01:30:30,356 kb/s
2024-10-19 01:31:00,63.8 kb/s
2024-10-19 01:31:30,163 kb/s
2024-10-19 01:32:00,153 kb/s
2024-10-19 01:32:30,144 kb/s
2024-10-19 01:33:00,97.1 kb/s
2024-10-19 01:33:30,408 kb/s
2024-10-19 01:34:00,399 kb/s
2024-10-19 01:34:30,129 kb/s
2024-10-19 01:35:00,165 kb/s
2024-10-19 01:35:30,267 kb/s
2024-10-19 01:36:00,349 kb/s
2024-10-19 01:36:30,229 kb/s
2024-10-19 01:37:00,231 kb/s
2024-10-19 01:37:30,124 kb/s
2024-10-19 01:38:00,99.8 kb/s
2024-10-19 01:38:30,213 b/s
2024-10-19 01:39:00,230 b/s
2024-10-19 01:39:30,171 b/s
2024-10-19 01:40:00,239 b/s
2024-10-19 01:40:30,134 kb/s
2024-10-19 01:41:00,129 kb/s
2024-10-19 01:41:30,515 kb/s
2024-10-19 01:42:00,364 kb/s
2024-10-19 01:42:30,194 kb/s
2024-10-19 01:43:00,76.8 b/s
2024-10-19 01:43:30,265 b/s
2024-10-19 01:44:00,119 kb/s
2024-10-19 01:44:30,186 kb/s
2024-10-19 01:45:00,181 kb/s
2024-10-19 01:45:30,290 kb/s
2024-10-19 01:46:00,242 kb/s
2024-10-19 01:46:30,185 kb/s
2024-10-19 01:47:00,178 kb/s
2024-10-19 01:47:30,431 kb/s
2024-10-19 01:48:00,213 b/s
2024-10-19 01:48:30,29.9 b/s
2024-10-19 01:49:00,130 kb/s
2024-10-19 01:49:30,0 b/s
2024-10-19 01:50:00,205 b/s
2024-10-19 01:50:30,374 kb/s
2024-10-19 01:51:00,484 kb/s
2024-10-19 01:51:30,260 kb/s
2024-10-19 01:52:00,273 kb/s
2024-10-19 01:52:30,596 kb/s
2024-10-19 01:53:00,481 kb/s
2024-10-19 01:53:30,435 kb/s
2024-10-19 01:54:00,63.8 kb/s
2024-10-19 01:54:30,162 kb/s
2024-10-19 01:55:00,327 kb/s
2024-10-19 01:55:30,675 kb/s
2024-10-19 01:56:00,349 kb/s
2024-10-19 01:56:30,203 kb/s
2024-10-19 01:57:00,109 kb/s
2024-10-19 01:57:30,320 kb/s
2024-10-19 01:58:00,530 kb/s
2024-10-19 01:58:30,463 kb/s
2024-10-19 01:59:00,154 kb/s
2024-10-19 01:59:30,718 kb/s
2024-10-19 02:00:00,764 kb/s
2024-10-19 02:00:30,739 kb/s
2024-10-19 02:01:00,509 kb/s
2024-10-19 02:01:30,385 kb/s
2024-10-19 02:02:00,176 kb/s
2024-10-19 02:02:30,259 kb/s
2024-10-19 02:03:00,265 kb/s
2024-10-19 02:03:30,157 kb/s
2024-10-19 02:04:00,170 kb/s
2024-10-19 02:04:30,625 kb/s
2024-10-19 02:05:00,832 kb/s
2024-10-19 02:05:30,662 kb/s
2024-10-19 02:06:00,441 kb/s
2024-10-19 02:06:30,86.7 kb/s
2024-10-19 02:07:00,538 b/s
2024-10-19 02:07:30,192 kb/s
2024-10-19 02:08:00,114 kb/s
2024-10-19 02:08:30,77.6 kb/s
2024-10-19 02:09:00,291 kb/s
2024-10-19 02:09:30,112 kb/s
2024-10-19 02:10:00,141 kb/s
2024-10-19 02:10:30,237 kb/s
2024-10-19 02:11:00,219 kb/s
2024-10-19 02:11:30,98.3 kb/s
2024-10-19 02:12:00,558 kb/s
2024-10-19 02:12:30,197 kb/s
2024-10-19 02:13:00,108 kb/s
2024-10-19 02:13:30,88.5 kb/s
2024-10-19 02:14:00,221 kb/s
2024-10-19 02:14:30,683 kb/s
2024-10-19 02:15:00,322 kb/s
2024-10-19 02:15:30,343 kb/s
2024-10-19 02:16:00,310 kb/s
2024-10-19 02:16:30,230 kb/s
2024-10-19 02:17:00,72.8 kb/s
2024-10-19 02:17:30,599 kb/s
2024-10-19 02:18:00,619 kb/s
2024-10-19 02:18:30,441 kb/s
2024-10-19 02:19:00,98.7 kb/s
2024-10-19 02:19:30,130 kb/s
2024-10-19 02:20:00,308 kb/s
2024-10-19 02:20:30,133 kb/s
2024-10-19 02:21:00,260 kb/s
2024-10-19 02:21:30,92.9 kb/s
2024-10-19 02:22:00,96 b/s
2024-10-19 02:22:30,265 b/s
2024-10-19 02:23:00,72.2 kb/s
2024-10-19 02:23:30,104 kb/s
2024-10-19 02:24:00,122 kb/s
2024-10-19 02:24:30,347 kb/s
2024-10-19 02:25:00,450 kb/s
2024-10-19 02:25:30,351 kb/s
2024-10-19 02:26:00,141 kb/s
2024-10-19 02:26:30,79.1 kb/s
2024-10-19 02:27:00,191 kb/s
2024-10-19 02:27:30,113 kb/s
2024-10-19 02:28:00,21.3 b/s
2024-10-19 02:28:30,162 kb/s
2024-10-19 02:29:00,137 kb/s
2024-10-19 02:29:30,118 kb/s
2024-10-19 02:30:00,139 kb/s
2024-10-19 02:30:30,309 kb/s
2024-10-19 02:31:00,352 kb/s
2024-10-19 02:31:30,437 kb/s
2024-10-19 02:32:00,166 kb/s
2024-10-19 02:32:30,390 kb/s
2024-10-19 02:33:00,427 kb/s
2024-10-19 02:33:30,414 kb/s
2024-10-19 02:34:00,465 kb/s
2024-10-19 02:34:30,547 kb/s
2024-10-19 02:35:00,0 b/s
2024-10-19 02:35:30,286 b/s
2024-10-19 02:36:00,140 kb/s
2024-10-19 02:36:30,163 kb/s
2024-10-19 02:37:00,292 kb/s
2024-10-19 02:37:30,735 kb/s
2024-10-19 02:38:00,445 kb/s
2024-10-19 02:38:30,587 kb/s
2024-10-19 02:39:00,30.0 kb/s
2024-10-19 02:39:30,202 kb/s
2024-10-19 02:40:00,36.2 kb/s
2024-10-19 02:40:30,386 kb/s
2024-10-19 02:41:00,417 kb/s
2024-10-19 02:41:30,12.7 kb/s
2024-10-19 02:42:00,433 kb/s
2024-10-19 02:42:30,369 kb/s
2024-10-19 02:43:00,368 kb/s
2024-10-19 02:43:30,344 kb/s
2024-10-19 02:44:00,0 b/s
2024-10-19 02:44:30,250 kb/s
2024-10-19 02:45:00,858 kb/s
2024-10-19 02:45:30,603 kb/s
2024-10-19 02:46:00,409 kb/s
2024-10-19 02:46:30,472 kb/s
2024-10-19 02:47:00,0 b/s
2024-10-19 02:47:30,92.5 kb/s
2024-10-19 02:48:00,187 kb/s
2024-10-19 02:48:30,156 kb/s
2024-10-19 02:49:00,540 kb/s
2024-10-19 02:49:30,299 kb/s
2024-10-19 02:50:00,349 kb/s
2024-10-19 02:50:30,485 kb/s
2024-10-19 02:51:00,180 kb/s
2024-10-19 02:51:30,429 kb/s
2024-10-19 02:52:00,521 kb/s
2024-10-19 02:52:30,590 kb/s
2024-10-19 02:53:00,329 kb/s
2024-10-19 02:53:30,339 kb/s
2024-10-19 02:54:00,393 kb/s
2024-10-19 02:54:30,96 b/s
2024-10-19 02:55:00,57.2 kb/s
2024-10-19 02:55:30,62.0 kb/s
2024-10-19 02:56:00,183 kb/s
2024-10-19 02:56:30,360 kb/s
2024-10-19 02:57:00,321 kb/s
2024-10-19 02:57:30,391 kb/s
2024-10-19 02:58:00,19.6 kb/s
2024-10-19 02:58:30,39.2 kb/s
2024-10-19 02:59:00,62.7 kb/s
2024-10-19 02:59:30,25.5 kb/s
2024-10-19 03:00:00,387 kb/s
2024-10-19 03:00:30,177 kb/s
2024-10-19 03:01:00,264 kb/s
2024-10-19 03:01:30,12.6 kb/s
2024-10-19 03:02:00,460 kb/s
2024-10-19 03:02:30,669 kb/s
2024-10-19 03:03:00,187 kb/s
2024-10-19 03:03:30,81.2 kb/s
2024-10-19 03:04:00,95.8 kb/s
2024-10-19 03:04:30,96.9 kb/s
2024-10-19 03:05:00,325 kb/s
2024-10-19 03:05:30,372 kb/s
2024-10-19 03:06:00,253 kb/s
2024-10-19 03:06:30,499 kb/s
2024-10-19 03:07:00,308 kb/s
2024-10-19 03:07:30,450 kb/s
2024-10-19 03:08:00,96 b/s
2024-10-19 03:08:30,333 kb/s
2024-10-19 03:09:00,378 kb/s
2024-10-19 03:09:30,424 kb/s
2024-10-19 03:10:00,237 kb/s
2024-10-19 03:10:30,177 kb/s
2024-10-19 03:11:00,409 kb/s
2024-10-19 03:11:30,217 kb/s
2024-10-19 03:12:00,398 kb/s
2024-10-19 03:12:30,164 kb/s
2024-10-19 03:13:00,125 kb/s
2024-10-19 03:13:30,253 kb/s
2024-10-19 03:14:00,408 kb/s
2024-10-19 03:14:30,282 kb/s
2024-10-19 03:15:00,129 kb/s
2024-10-19 03:15:30,132 kb/s
2024-10-19 03:16:00,230 kb/s
2024-10-19 03:16:30,167 kb/s
2024-10-19 03:17:00,324 kb/s
2024-10-19 03:17:30,311 kb/s
2024-10-19 03:18:00,223 kb/s
2024-10-19 03:18:30,456 kb/s
2024-10-19 03:19:00,230 kb/s
2024-10-19 03:19:30,143 kb/s
2024-10-19 03:20:00,131 kb/s
2024-10-19 03:20:30,105 kb/s
2024-10-19 03:21:00,445 kb/s
2024-10-19 03:21:30,476 kb/s
2024-10-19 03:22:00,99.8 kb/s
2024-10-19 03:22:30,204 kb/s
2024-10-19 03:23:00,92.0 kb/s
2024-10-19 03:23:30,0 b/s
2024-10-19 03:24:00,591 b/s
2024-10-19 03:24:30,352 kb/s
2024-10-19 03:25:00,98.1 kb/s
2024-10-19 03:25:30,117 b/s
2024-10-19 03:26:00,0 b/s
2024-10-19 03:26:30,363 kb/s
2024-10-19 03:27:00,227 kb/s
2024-10-19 03:27:30,367 kb/s
2024-10-19 03:28:00,381 kb/s
2024-10-19 03:28:30,548 kb/s
2024-10-19 03:29:00,554 kb/s
2024-10-19 03:29:30,137 kb/s
2024-10-19 03:30:00,280 kb/s
2024-10-19 03:30:30,122 kb/s
2024-10-19 03:31:00,536 kb/s
2024-10-19 03:31:30,274 kb/s
2024-10-19 03:32:00,129 kb/s
2024-10-19 03:32:30,338 kb/s
2024-10-19 03:33:00,258 kb/s
2024-10-19 03:33:30,74.7 b/s
2024-10-19 03:34:00,118 b/s
2024-10-19 03:34:30,0 b/s
2024-10-19 03:35:00,239 b/s
2024-10-19 03:35:30,239 b/s
2024-10-19 03:36:00,166 kb/s
2024-10-19 03:36:30,260 kb/s
2024-10-19 03:37:00,176 kb/s
2024-10-19 03:37:30,315 kb/s
2024-10-19 03:38:00,520 kb/s
2024-10-19 03:38:30,165 kb/s
2024-10-19 03:39:00,0 b/s
2024-10-19 03:39:30,131 kb/s
2024-10-19 03:40:00,148 kb/s
2024-10-19 03:40:30,12.3 kb/s
2024-10-19 03:41:00,230 b/s
2024-10-19 03:41:30,294 kb/s
2024-10-19 03:42:00,326 kb/s
2024-10-19 03:42:30,147 kb/s
2024-10-19 03:43:00,216 kb/s
2024-10-19 03:43:30,225 kb/s
2024-10-19 03:44:00,191 kb/s
2024-10-19 03:44:30,282 kb/s
2024-10-19 03:45:00,288 kb/s
2024-10-19 03:45:30,297 kb/s
2024-10-19 03:46:00,101 kb/s
2024-10-19 03:46:30,381 b/s
2024-10-19 03:47:00,21.3 b/s
2024-10-19 03:47:30,469 b/s
2024-10-19 03:48:00,126 kb/s
2024-10-19 03:48:30,155 kb/s
2024-10-19 03:49:00,165 kb/s
2024-10-19 03:49:30,143 kb/s
2024-10-19 03:50:00,303 kb/s
2024-10-19 03:50:30,397 kb/s
2024-10-19 03:51:00,417 kb/s
2024-10-19 03:51:30,0 b/s
2024-10-19 03:52:00,236 kb/s
2024-10-19 03:52:30,63.7 kb/s
2024-10-19 03:53:00,239 kb/s
2024-10-19 03:53:30,179 kb/s
2024-10-19 03:54:00,222 b/s
2024-10-19 03:54:30,70.6 kb/s
2024-10-19 03:55:00,265 b/s
2024-10-19 03:55:30,149 b/s
2024-10-19 03:56:00,117 b/s
2024-10-19 03:56:30,23.3 kb/s
2024-10-19 03:57:00,213 kb/s
2024-10-19 03:57:30,398 kb/s
2024-10-19 03:58:00,273 kb/s
2024-10-19 03:58:30,798 kb/s
2024-10-19 03:59:00,654 kb/s
2024-10-19 03:59:30,706 kb/s
2024-10-19 04:00:00,576 kb/s
2024-10-19 04:00:30,443 kb/s
2024-10-19 04:01:00,590 kb/s
2024-10-19 04:01:30,405 kb/s
2024-10-19 04:02:00,655 kb/s
2024-10-19 04:02:30,555 kb/s
2024-10-19 04:03:00,148 kb/s
2024-10-19 04:03:30,77.3 kb/s
2024-10-19 04:04:00,176 kb/s
2024-10-19 04:04:30,267 kb/s
2024-10-19 04:05:00,192 kb/s
2024-10-19 04:05:30,68.9 kb/s
2024-10-19 04:06:00,14.1 kb/s
2024-10-19 04:06:30,14.1 kb/s
2024-10-19 04:07:00,53.0 kb/s
2024-10-19 04:07:30,197 kb/s
2024-10-19 04:08:00,171 kb/s
2024-10-19 04:08:30,74.7 b/s
2024-10-19 04:09:00,96 b/s
2024-10-19 04:09:30,0 b/s
2024-10-19 04:10:00,165 kb/s
2024-10-19 04:10:30,375 kb/s
2024-10-19 04:11:00,300 kb/s
2024-10-19 04:11:30,508 kb/s
2024-10-19 04:12:00,169 kb/s
2024-10-19 04:12:30,152 kb/s
2024-10-19 04:13:00,109 kb/s
2024-10-19 04:13:30,328 kb/s
2024-10-19 04:14:00,328 kb/s
2024-10-19 04:14:30,141 kb/s
2024-10-19 04:15:00,648 kb/s
2024-10-19 04:15:30,576 kb/s
2024-10-19 04:16:00,198 kb/s
2024-10-19 04:16:30,32.9 kb/s
2024-10-19 04:17:00,22.7 kb/s
2024-10-19 04:17:30,139 b/s
2024-10-19 04:18:00,0 b/s
2024-10-19 04:18:30,349 kb/s
2024-10-19 04:19:00,276 kb/s
2024-10-19 04:19:30,79.7 kb/s
2024-10-19 04:20:00,37.4 kb/s
2024-10-19 04:20:30,66.5 kb/s
2024-10-19 04:21:00,180 kb/s
2024-10-19 04:21:30,258 kb/s
2024-10-19 04:22:00,214 kb/s
2024-10-19 04:22:30,342 kb/s
2024-10-19 04:23:00,409 kb/s
2024-10-19 04:23:30,42.7 b/s
2024-10-19 04:24:00,38.6 kb/s
2024-10-19 04:24:30,147 kb/s
2024-10-19 04:25:00,106 kb/s
2024-10-19 04:25:30,102 kb/s
2024-10-19 04:26:00,86.3 kb/s
2024-10-19 04:26:30,715 kb/s
2024-10-19 04:27:00,647 kb/s
2024-10-19 04:27:30,267 kb/s
2024-10-19 04:28:00,236 kb/s
2024-10-19 04:28:30,410 kb/s
2024-10-19 04:29:00,586 kb/s
2024-10-19 04:29:30,36.0 kb/s
2024-10-19 04:30:00,201 kb/s
2024-10-19 04:30:30,220 kb/s
2024-10-19 04:31:00,315 kb/s
2024-10-19 04:31:30,194 kb/s
2024-10-19 04:32:00,212 kb/s
2024-10-19 04:32:30,53.5 kb/s
2024-10-19 04:33:00,157 kb/s
2024-10-19 04:33:30,42.7 b/s
2024-10-19 04:34:00,272 kb/s
2024-10-19 04:34:30,275 kb/s
2024-10-19 04:35:00,202 kb/s
2024-10-19 04:35:30,224 kb/s
2024-10-19 04:36:00,135 kb/s
2024-10-19 04:36:30,181 kb/s
2024-10-19 04:37:00,59.4 kb/s
2024-10-19 04:37:30,62.0 kb/s
2024-10-19 04:38:00,139 b/s
2024-10-19 04:38:30,0 b/s
2024-10-19 04:39:00,74.7 b/s
2024-10-19 04:39:30,42.7 b/s
2024-10-19 04:40:00,133 kb/s
2024-10-19 04:40:30,132 kb/s
2024-10-19 04:41:00,35.4 kb/s
2024-10-19 04:41:30,139 b/s
2024-10-19 04:42:00,0 b/s
2024-10-19 04:42:30,265 b/s
2024-10-19 04:43:00,153 kb/s
2024-10-19 04:43:30,690 kb/s
2024-10-19 04:44:00,602 kb/s
2024-10-19 04:44:30,239 kb/s
2024-10-19 04:45:00,370 kb/s
2024-10-19 04:45:30,661 kb/s
2024-10-19 04:46:00,719 kb/s
2024-10-19 04:46:30,741 kb/s
2024-10-19 04:47:00,365 kb/s
2024-10-19 04:47:30,343 kb/s
2024-10-19 04:48:00,172 kb/s
2024-10-19 04:48:30,384 kb/s
2024-10-19 04:49:00,127 kb/s
2024-10-19 04:49:30,122 kb/s
2024-10-19 04:50:00,378 kb/s
2024-10-19 04:50:30,456 kb/s
2024-10-19 04:51:00,105 kb/s
2024-10-19 04:51:30,102 kb/s
2024-10-19 04:52:00,159 kb/s
2024-10-19 04:52:30,539 kb/s
2024-10-19 04:53:00,499 kb/s
2024-10-19 04:53:30,493 kb/s
2024-10-19 04:54:00,171 kb/s
2024-10-19 04:54:30,234 kb/s
2024-10-19 04:55:00,191 kb/s
2024-10-19 04:55:30,620 kb/s
2024-10-19 04:56:00,13.0 kb/s
2024-10-19 04:56:30,69.7 kb/s
2024-10-19 04:57:00,68.8 kb/s
2024-10-19 04:57:30,598 kb/s
2024-10-19 04:58:00,614 kb/s
2024-10-19 04:58:30,381 kb/s
2024-10-19 04:59:00,738 kb/s
2024-10-19 04:59:30,548 kb/s
2024-10-19 05:00:00,87.6 kb/s
2024-10-19 05:00:30,118 kb/s
2024-10-19 05:01:00,182 kb/s
2024-10-19 05:01:30,171 kb/s
2024-10-19 05:02:00,246 kb/s
2024-10-19 05:02:30,223 kb/s
2024-10-19 05:03:00,251 kb/s
2024-10-19 05:03:30,124 kb/s
2024-10-19 05:04:00,169 kb/s
2024-10-19 05:04:30,198 kb/s
2024-10-19 05:05:00,307 kb/s
2024-10-19 05:05:30,437 kb/s
2024-10-19 05:06:00,408 kb/s
2024-10-19 05:06:30,390 kb/s
2024-10-19 05:07:00,435 kb/s
2024-10-19 05:07:30,31.4 kb/s
2024-10-19 05:08:00,171 kb/s
2024-10-19 05:08:30,296 kb/s
2024-10-19 05:09:00,441 kb/s
2024-10-19 05:09:30,263 kb/s
2024-10-19 05:10:00,357 kb/s
2024-10-19 05:10:30,583 kb/s
2024-10-19 05:11:00,327 kb/s
2024-10-19 05:11:30,128 kb/s
2024-10-19 05:12:00,34.4 kb/s
2024-10-19 05:12:30,500 kb/s
2024-10-19 05:13:00,134 kb/s
2024-10-19 05:13:30,162 kb/s
2024-10-19 05:14:00,514 kb/s
2024-10-19 05:14:30,455 kb/s
2024-10-19 05:15:00,431 kb/s
2024-10-19 05:15:30,143 kb/s
2024-10-19 05:16:00,174 kb/s
2024-10-19 05:16:30,703 b/s
2024-10-19 05:17:00,74.7 b/s
2024-10-19 05:17:30,0 b/s
2024-10-19 05:18:00,291 kb/s
2024-10-19 05:18:30,269 kb/s
2024-10-19 05:19:00,364 kb/s
2024-10-19 05:19:30,244 kb/s
2024-10-19 05:20:00,175 kb/s
2024-10-19 05:20:30,60.5 kb/s
2024-10-19 05:21:00,487 kb/s
2024-10-19 05:21:30,246 kb/s
2024-10-19 05:22:00,334 kb/s
2024-10-19 05:22:30,239 b/s
2024-10-19 05:23:00,147 kb/s
2024-10-19 05:23:30,92.1 kb/s
2024-10-19 05:24:00,58.1 kb/s
2024-10-19 05:24:30,270 kb/s
2024-10-19 05:25:00,238 kb/s
2024-10-19 05:25:30,355 kb/s
2024-10-19 05:26:00,238 kb/s
2024-10-19 05:26:30,413 kb/s
2024-10-19 05:27:00,209 kb/s
2024-10-19 05:27:30,169 kb/s
2024-10-19 05:28:00,310 kb/s
2024-10-19 05:28:30,351 kb/s
2024-10-19 05:29:00,301 kb/s
2024-10-19 05:29:30,315 kb/s
2024-10-19 05:30:00,315 kb/s
2024-10-19 05:30:30,106 kb/s
2024-10-19 05:31:00,43.6 kb/s
2024-10-19 05:31:30,163 kb/s
2024-10-19 05:32:00,67.4 kb/s
2024-10-19 05:32:30,383 kb/s
2024-10-19 05:33:00,308 kb/s
2024-10-19 05:33:30,45.9 kb/s
2024-10-19 05:34:00,170 kb/s
2024-10-19 05:34:30,69.8 kb/s
2024-10-19 05:35:00,459 kb/s
2024-10-19 05:35:30,441 kb/s
2024-10-19 05:36:00,196 kb/s
2024-10-19 05:36:30,421 kb/s
2024-10-19 05:37:00,374 kb/s
2024-10-19 05:37:30,248 kb/s
2024-10-19 05:38:00,244 kb/s
2024-10-19 05:38:30,92.3 kb/s
2024-10-19 05:39:00,229 kb/s
2024-10-19 05:39:30,122 kb/s
2024-10-19 05:40:00,483 kb/s
2024-10-19 05:40:30,237 kb/s
2024-10-19 05:41:00,179 kb/s
2024-10-19 05:41:30,508 kb/s
2024-10-19 05:42:00,292 kb/s
2024-10-19 05:42:30,548 kb/s
2024-10-19 05:43:00,611 kb/s
2024-10-19 05:43:30,275 kb/s
2024-10-19 05:44:00,379 kb/s
2024-10-19 05:44:30,484 kb/s
2024-10-19 05:45:00,61.9 kb/s
2024-10-19 05:45:30,469 kb/s
2024-10-19 05:46:00,576 kb/s
2024-10-19 05:46:30,273 kb/s
2024-10-19 05:47:00,781 kb/s
2024-10-19 05:47:30,941 kb/s
2024-10-19 05:48:00,513 kb/s
2024-10-19 05:48:30,236 kb/s
2024-10-19 05:49:00,422 kb/s
2024-10-19 05:49:30,363 kb/s
2024-10-19 05:50:00,316 kb/s
2024-10-19 05:50:30,17.6 kb/s
2024-10-19 05:51:00,142 kb/s
2024-10-19 05:51:30,140 kb/s
2024-10-19 05:52:00,282 kb/s
2024-10-19 05:52:30,306 kb/s
2024-10-19 05:53:00,619 kb/s
2024-10-19 05:53:30,343 kb/s
2024-10-19 05:54:00,352 kb/s
2024-10-19 05:54:30,377 kb/s
2024-10-19 05:55:00,183 b/s
2024-10-19 05:55:30,410 b/s
2024-10-19 05:56:00,239 b/s
2024-10-19 05:56:30,540 kb/s
2024-10-19 05:57:00,217 kb/s
2024-10-19 05:57:30,243 kb/s
2024-10-19 05:58:00,163 kb/s
2024-10-19 05:58:30,398 kb/s
2024-10-19 05:59:00,236 kb/s
2024-10-19 05:59:30,252 kb/s
2024-10-19 06:00:00,377 kb/s
2024-10-19 06:00:30,135 kb/s
2024-10-19 06:01:00,160 kb/s
2024-10-19 06:01:30,123 kb/s
2024-10-19 06:02:00,193 kb/s
2024-10-19 06:02:30,404 kb/s
2024-10-19 06:03:00,160 kb/s
2024-10-19 06:03:30,205 kb/s
2024-10-19 06:04:00,303 kb/s
2024-10-19 06:04:30,285 kb/s
2024-10-19 06:05:00,506 kb/s
2024-10-19 06:05:30,313 kb/s
2024-10-19 06:06:00,608 kb/s
2024-10-19 06:06:30,376 kb/s
2024-10-19 06:07:00,413 kb/s
2024-10-19 06:07:30,435 kb/s
2024-10-19 06:08:00,673 kb/s
2024-10-19 06:08:30,616 kb/s
2024-10-19 06:09:00,640 kb/s
2024-10-19 06:09:30,466 kb/s
2024-10-19 06:10:00,134 kb/s
2024-10-19 06:10:30,161 kb/s
2024-10-19 06:11:00,369 kb/s
2024-10-19 06:11:30,147 kb/s
2024-10-19 06:12:00,215 kb/s
2024-10-19 06:12:30,481 kb/s
2024-10-19 06:13:00,424 kb/s
2024-10-19 06:13:30,285 kb/s
2024-10-19 06:14:00,385 kb/s
2024-10-19 06:14:30,383 kb/s
2024-10-19 06:15:00,310 kb/s
2024-10-19 06:15:30,314 kb/s
2024-10-19 06:16:00,67.2 kb/s
2024-10-19 06:16:30,261 kb/s
2024-10-19 06:17:00,230 kb/s
2024-10-19 06:17:30,349 kb/s
2024-10-19 06:18:00,401 kb/s
2024-10-19 06:18:30,127 kb/s
2024-10-19 06:19:00,357 kb/s
2024-10-19 06:19:30,225 kb/s
2024-10-19 06:20:00,144 kb/s
2024-10-19 06:20:30,314 b/s
2024-10-19 06:21:00,117 kb/s
2024-10-19 06:21:30,232 kb/s
2024-10-19 06:22:00,194 kb/s
2024-10-19 06:22:30,312 kb/s
2024-10-19 06:23:00,70.9 kb/s
2024-10-19 06:23:30,52.6 kb/s
2024-10-19 06:24:00,117 b/s
2024-10-19 06:24:30,192 kb/s
2024-10-19 06:25:00,241 kb/s
2024-10-19 06:25:30,456 kb/s
2024-10-19 06:26:00,308 kb/s
2024-10-19 06:26:30,269 kb/s
2024-10-19 06:27:00,121 kb/s
2024-10-19 06:27:30,38.5 kb/s
2024-10-19 06:28:00,563 kb/s
2024-10-19 06:28:30,234 kb/s
2024-10-19 06:29:00,193 kb/s
2024-10-19 06:29:30,204 kb/s
2024-10-19 06:30:00,277 b/s
2024-10-19 06:30:30,239 b/s
2024-10-19 06:31:00,130 b/s
2024-10-19 06:31:30,594 b/s
2024-10-19 06:32:00,239 b/s
2024-10-19 06:32:30,97.4 kb/s
2024-10-19 06:33:00,127 kb/s
2024-10-19 06:33:30,169 kb/s
2024-10-19 06:34:00,98.1 kb/s
2024-10-19 06:34:30,520 kb/s
2024-10-19 06:35:00,761 kb/s
2024-10-19 06:35:30,621 kb/s
2024-10-19 06:36:00,630 kb/s
2024-10-19 06:36:30,136 kb/s
2024-10-19 06:37:00,869 kb/s
2024-10-19 06:37:30,36.1 kb/s
2024-10-19 06:38:00,721 kb/s
2024-10-19 06:38:30,309 kb/s
2024-10-19 06:39:00,428 kb/s
2024-10-19 06:39:30,331 kb/s
2024-10-19 06:40:00,168 kb/s
2024-10-19 06:40:30,161 kb/s
2024-10-19 06:41:00,153 kb/s
2024-10-19 06:41:30,369 kb/s
2024-10-19 06:42:00,339 kb/s
2024-10-19 06:42:30,281 kb/s
2024-10-19 06:43:00,142 kb/s
2024-10-19 06:43:30,65.8 kb/s
2024-10-19 06:44:00,213 b/s
2024-10-19 06:44:30,51.1 kb/s
2024-10-19 06:45:00,665 kb/s
2024-10-19 06:45:30,477 kb/s
2024-10-19 06:46:00,295 kb/s
2024-10-19 06:46:30,32.4 kb/s
2024-10-19 06:47:00,164 kb/s
2024-10-19 06:47:30,407 kb/s
2024-10-19 06:48:00,220 kb/s
2024-10-19 06:48:30,280 kb/s
2024-10-19 06:49:00,332 kb/s
2024-10-19 06:49:30,401 kb/s
2024-10-19 06:50:00,274 kb/s
2024-10-19 06:50:30,33.6 kb/s
2024-10-19 06:51:00,74.7 b/s
2024-10-19 06:51:30,188 b/s
2024-10-19 06:52:00,305 b/s
2024-10-19 06:52:30,96.0 b/s
2024-10-19 06:53:00,435 b/s
2024-10-19 06:53:30,0 b/s
2024-10-19 06:54:00,9.82 kb/s
2024-10-19 06:54:30,95.1 kb/s
2024-10-19 06:55:00,48.4 kb/s
2024-10-19 06:55:30,570 b/s
2024-10-19 06:56:00,0 b/s
2024-10-19 06:56:30,117 b/s
2024-10-19 06:57:00,192 b/s
2024-10-19 06:57:30,139 b/s
2024-10-19 06:58:00,168 kb/s
2024-10-19 06:58:30,357 kb/s
2024-10-19 06:59:00,343 kb/s
2024-10-19 06:59:30,350 kb/s
2024-10-19 07:00:00,348 b/s
2024-10-19 07:00:30,96 b/s
2024-10-19 07:01:00,174 kb/s
2024-10-19 07:01:30,326 kb/s
2024-10-19 07:02:00,419 kb/s
2024-10-19 07:02:30,225 kb/s
2024-10-19 07:03:00,192 b/s
2024-10-19 07:03:30,363 b/s
2024-10-19 07:04:00,495 b/s
2024-10-19 07:04:30,22.7 kb/s
2024-10-19 07:05:00,211 kb/s
2024-10-19 07:05:30,106 kb/s
2024-10-19 07:06:00,198 kb/s
2024-10-19 07:06:30,6.69 kb/s
2024-10-19 07:07:00,6.55 kb/s
2024-10-19 07:07:30,7.48 kb/s
2024-10-19 07:08:00,436 kb/s
2024-10-19 07:08:30,407 kb/s
2024-10-19 07:09:00,344 kb/s
2024-10-19 07:09:30,0 b/s
2024-10-19 07:10:00,14.9 kb/s
2024-10-19 07:10:30,169 kb/s
2024-10-19 07:11:00,165 kb/s
2024-10-19 07:11:30,77.6 kb/s
2024-10-19 07:12:00,471 kb/s
2024-10-19 07:12:30,415 kb/s
2024-10-19 07:13:00,425 kb/s
2024-10-19 07:13:30,247 kb/s
2024-10-19 07:14:00,14.2 kb/s
2024-10-19 07:14:30,122 kb/s
2024-10-19 07:15:00,321 kb/s
2024-10-19 07:15:30,121 kb/s
2024-10-19 07:16:00,62.3 kb/s
2024-10-19 07:16:30,384 kb/s
2024-10-19 07:17:00,392 kb/s
2024-10-19 07:17:30,341 kb/s
2024-10-19 07:18:00,344 kb/s
2024-10-19 07:18:30,149 kb/s
2024-10-19 07:19:00,333 kb/s
2024-10-19 07:19:30,658 kb/s
2024-10-19 07:20:00,230 kb/s
2024-10-19 07:20:30,208 kb/s
2024-10-19 07:21:00,184 kb/s
2024-10-19 07:21:30,255 kb/s
2024-10-19 07:22:00,180 kb/s
2024-10-19 07:22:30,319 kb/s
2024-10-19 07:23:00,462 kb/s
2024-10-19 07:23:30,216 kb/s
2024-10-19 07:24:00,0 b/s
2024-10-19 07:24:30,0 b/s
2024-10-19 07:25:00,73.2 kb/s
2024-10-19 07:25:30,516 kb/s
2024-10-19 07:26:00,404 kb/s
2024-10-19 07:26:30,252 kb/s
2024-10-19 07:27:00,97.9 kb/s
2024-10-19 07:27:30,0 b/s
2024-10-19 07:28:00,305 b/s
2024-10-19 07:28:30,201 kb/s
2024-10-19 07:29:00,256 kb/s
2024-10-19 07:29:30,251 kb/s
2024-10-19 07:30:00,167 kb/s
2024-10-19 07:30:30,448 kb/s
2024-10-19 07:31:00,406 kb/s
2024-10-19 07:31:30,525 kb/s
2024-10-19 07:32:00,535 kb/s
2024-10-19 07:32:30,674 kb/s
2024-10-19 07:33:00,199 kb/s
2024-10-19 07:33:30,290 kb/s
2024-10-19 07:34:00,69.4 kb/s
2024-10-19 07:34:30,160 kb/s
2024-10-19 07:35:00,240 kb/s
2024-10-19 07:35:30,679 kb/s
2024-10-19 07:36:00,481 kb/s
2024-10-19 07:36:30,249 kb/s
2024-10-19 07:37:00,748 kb/s
2024-10-19 07:37:30,235 kb/s
2024-10-19 07:38:00,74.7 b/s
2024-10-19 07:38:30,133 kb/s
2024-10-19 07:39:00,224 kb/s
2024-10-19 07:39:30,232 kb/s
2024-10-19 07:40:00,167 kb/s
2024-10-19 07:40:30,772 b/s
2024-10-19 07:41:00,39.4 kb/s
2024-10-19 07:41:30,39.2 kb/s
2024-10-19 07:42:00,38.4 kb/s
2024-10-19 07:42:30,194 kb/s
2024-10-19 07:43:00,198 kb/s
2024-10-19 07:43:30,181 kb/s
2024-10-19 07:44:00,245 kb/s
2024-10-19 07:44:30,349 kb/s
2024-10-19 07:45:00,60.5 kb/s
2024-10-19 07:45:30,206 kb/s
2024-10-19 07:46:00,363 kb/s
2024-10-19 07:46:30,262 kb/s
2024-10-19 07:47:00,97.6 kb/s
2024-10-19 07:47:30,124 kb/s
2024-10-19 07:48:00,153 kb/s
2024-10-19 07:48:30,245 kb/s
2024-10-19 07:49:00,269 kb/s
2024-10-19 07:49:30,238 kb/s
2024-10-19 07:50:00,169 kb/s
2024-10-19 07:50:30,320 kb/s
2024-10-19 07:51:00,230 kb/s
2024-10-19 07:51:30,96.5 kb/s
2024-10-19 07:52:00,278 kb/s
2024-10-19 07:52:30,247 kb/s
2024-10-19 07:53:00,285 kb/s
2024-10-19 07:53:30,157 kb/s
2024-10-19 07:54:00,418 kb/s
2024-10-19 07:54:30,371 kb/s
2024-10-19 07:55:00,193 kb/s
2024-10-19 07:55:30,305 kb/s
2024-10-19 07:56:00,214 kb/s
2024-10-19 07:56:30,117 kb/s
2024-10-19 07:57:00,56.9 kb/s
2024-10-19 07:57:30,319 kb/s
2024-10-19 07:58:00,171 kb/s
2024-10-19 07:58:30,496 kb/s
2024-10-19 07:59:00,325 kb/s
2024-10-19 07:59:30,743 kb/s
2024-10-19 08:00:00,527 kb/s
2024-10-19 08:00:30,142 kb/s
2024-10-19 08:01:00,438 kb/s
2024-10-19 08:01:30,347 kb/s
2024-10-19 08:02:00,147 kb/s
2024-10-19 08:02:30,497 kb/s
2024-10-19 08:03:00,345 kb/s
2024-10-19 08:03:30,526 kb/s
2024-10-19 08:04:00,825 kb/s
2024-10-19 08:04:30,516 kb/s
2024-10-19 08:05:00,322 kb/s
2024-10-19 08:05:30,187 kb/s
2024-10-19 08:06:00,186 kb/s
2024-10-19 08:06:30,213 kb/s
2024-10-19 08:07:00,205 kb/s
2024-10-19 08:07:30,168 kb/s
2024-10-19 08:08:00,594 kb/s
2024-10-19 08:08:30,579 kb/s
2024-10-19 08:09:00,423 kb/s
2024-10-19 08:09:30,50.0 kb/s
2024-10-19 08:10:00,1.66 kb/s
2024-10-19 08:10:30,116 kb/s
2024-10-19 08:11:00,206 kb/s
2024-10-19 08:11:30,266 kb/s
2024-10-19 08:12:00,443 kb/s
2024-10-19 08:12:30,326 b/s
2024-10-19 08:13:00,63.4 kb/s
2024-10-19 08:13:30,208 kb/s
2024-10-19 08:14:00,256 kb/s
2024-10-19 08:14:30,350 kb/s
2024-10-19 08:15:00,289 kb/s
2024-10-19 08:15:30,262 kb/s
2024-10-19 08:16:00,200 kb/s
2024-10-19 08:16:30,288 kb/s
2024-10-19 08:17:00,10.9 kb/s
2024-10-19 08:17:30,147 b/s
2024-10-19 08:18:00,277 kb/s
2024-10-19 08:18:30,367 kb/s
2024-10-19 08:19:00,346 kb/s
2024-10-19 08:19:30,180 kb/s
2024-10-19 08:20:00,2.16 kb/s
2024-10-19 08:20:30,117 b/s
2024-10-19 08:21:00,540 b/s
2024-10-19 08:21:30,88.9 kb/s
2024-10-19 08:22:00,275 kb/s
2024-10-19 08:22:30,349 kb/s
2024-10-19 08:23:00,103 kb/s
2024-10-19 08:23:30,323 kb/s
2024-10-19 08:24:00,157 kb/s
2024-10-19 08:24:30,375 b/s
2024-10-19 08:25:00,121 kb/s
2024-10-19 08:25:30,502 kb/s
2024-10-19 08:26:00,543 kb/s
2024-10-19 08:26:30,456 kb/s
2024-10-19 08:27:00,484 kb/s
2024-10-19 08:27:30,173 kb/s
2024-10-19 08:28:00,249 kb/s
2024-10-19 08:28:30,0 b/s
2024-10-19 08:29:00,239 b/s
2024-10-19 08:29:30,0 b/s
2024-10-19 08:30:00,74.7 b/s
2024-10-19 08:30:30,375 kb/s
2024-10-19 08:31:00,292 kb/s
2024-10-19 08:31:30,114 kb/s
2024-10-19 08:32:00,133 kb/s
2024-10-19 08:32:30,238 kb/s
2024-10-19 08:33:00,204 kb/s
2024-10-19 08:33:30,334 kb/s
2024-10-19 08:34:00,516 kb/s
2024-10-19 08:34:30,511 kb/s
2024-10-19 08:35:00,369 kb/s
2024-10-19 08:35:30,348 kb/s
2024-10-19 08:36:00,636 kb/s
2024-10-19 08:36:30,444 kb/s
2024-10-19 08:37:00,494 kb/s
2024-10-19 08:37:30,51.5 kb/s
2024-10-19 08:38:00,28.9 kb/s
2024-10-19 08:38:30,493 kb/s
2024-10-19 08:39:00,413 kb/s
2024-10-19 08:39:30,346 kb/s
2024-10-19 08:40:00,255 kb/s
2024-10-19 08:40:30,425 kb/s
2024-10-19 08:41:00,361 kb/s
2024-10-19 08:41:30,241 kb/s
2024-10-19 08:42:00,266 kb/s
2024-10-19 08:42:30,243 kb/s
2024-10-19 08:43:00,202 kb/s
2024-10-19 08:43:30,84.6 kb/s
2024-10-19 08:44:00,102 kb/s
2024-10-19 08:44:30,55.7 kb/s
2024-10-19 08:45:00,127 kb/s
2024-10-19 08:45:30,123 kb/s
2024-10-19 08:46:00,1.41 kb/s
2024-10-19 08:46:30,143 kb/s
2024-10-19 08:47:00,121 kb/s
2024-10-19 08:47:30,69.2 kb/s
2024-10-19 08:48:00,50.3 kb/s
2024-10-19 08:48:30,480 b/s
2024-10-19 08:49:00,239 b/s
2024-10-19 08:49:30,45.7 kb/s
2024-10-19 08:50:00,172 kb/s
2024-10-19 08:50:30,175 kb/s
2024-10-19 08:51:00,180 kb/s
2024-10-19 08:51:30,262 kb/s
2024-10-19 08:52:00,204 kb/s
2024-10-19 08:52:30,34.3 kb/s
2024-10-19 08:53:00,0 b/s
2024-10-19 08:53:30,0 b/s
2024-10-19 08:54:00,265 b/s
2024-10-19 08:54:30,230 b/s
2024-10-19 08:55:00,73.7 kb/s
2024-10-19 08:55:30,486 kb/s
2024-10-19 08:56:00,323 kb/s
2024-10-19 08:56:30,38.3 kb/s
2024-10-19 08:57:00,0 b/s
2024-10-19 08:57:30,42.7 b/s
2024-10-19 08:58:00,96.0 kb/s
2024-10-19 08:58:30,415 kb/s
2024-10-19 08:59:00,66.2 kb/s
2024-10-19 08:59:30,230 b/s
2024-10-19 09:00:00,469 b/s
2024-10-19 09:00:30,397 kb/s
2024-10-19 09:01:00,529 kb/s
2024-10-19 09:01:30,433 kb/s
2024-10-19 09:02:00,493 kb/s
2024-10-19 09:02:30,421 kb/s
2024-10-19 09:03:00,454 kb/s
2024-10-19 09:03:30,315 kb/s
2024-10-19 09:04:00,230 b/s
2024-10-19 09:04:30,0 b/s
2024-10-19 09:05:00,91.6 kb/s
2024-10-19 09:05:30,422 kb/s
2024-10-19 09:06:00,317 kb/s
2024-10-19 09:06:30,562 kb/s
2024-10-19 09:07:00,184 kb/s
2024-10-19 09:07:30,651 kb/s
2024-10-19 09:08:00,568 kb/s
2024-10-19 09:08:30,461 kb/s
2024-10-19 09:09:00,533 kb/s
2024-10-19 09:09:30,448 kb/s
2024-10-19 09:10:00,0 b/s
2024-10-19 09:10:30,83.4 kb/s
2024-10-19 09:11:00,83.1 kb/s
2024-10-19 09:11:30,81.4 kb/s
2024-10-19 09:12:00,188 kb/s
2024-10-19 09:12:30,0 b/s
2024-10-19 09:13:00,0 b/s
2024-10-19 09:13:30,418 b/s
2024-10-19 09:14:00,311 kb/s
2024-10-19 09:14:30,266 kb/s
2024-10-19 09:15:00,375 kb/s
2024-10-19 09:15:30,500 kb/s
2024-10-19 09:16:00,317 kb/s
2024-10-19 09:16:30,512 kb/s
2024-10-19 09:17:00,243 kb/s
2024-10-19 09:17:30,627 kb/s
2024-10-19 09:18:00,563 kb/s
2024-10-19 09:18:30,435 kb/s
2024-10-19 09:19:00,728 kb/s
2024-10-19 09:19:30,134 kb/s
2024-10-19 09:20:00,134 kb/s
2024-10-19 09:20:30,175 kb/s
2024-10-19 09:21:00,199 kb/s
2024-10-19 09:21:30,210 kb/s
2024-10-19 09:22:00,345 kb/s
2024-10-19 09:22:30,146 kb/s
2024-10-19 09:23:00,192 b/s
2024-10-19 09:23:30,0 b/s
2024-10-19 09:24:00,300 kb/s
2024-10-19 09:24:30,174 kb/s
2024-10-19 09:25:00,206 kb/s
2024-10-19 09:25:30,204 kb/s
2024-10-19 09:26:00,212 kb/s
2024-10-19 09:26:30,210 kb/s
2024-10-19 09:27:00,38.9 kb/s
2024-10-19 09:27:30,21.3 b/s
2024-10-19 09:28:00,233 b/s
2024-10-19 09:28:30,218 kb/s
2024-10-19 09:29:00,145 kb/s
2024-10-19 09:29:30,155 kb/s
2024-10-19 09:30:00,99.5 kb/s
2024-10-19 09:30:30,182 kb/s
2024-10-19 09:31:00,184 kb/s
2024-10-19 09:31:30,158 kb/s
2024-10-19 09:32:00,291 kb/s
2024-10-19 09:32:30,74.7 b/s
2024-10-19 09:33:00,476 b/s
2024-10-19 09:33:30,58.5 kb/s
2024-10-19 09:34:00,171 b/s
2024-10-19 09:34:30,0 b/s
2024-10-19 09:35:00,410 b/s
2024-10-19 09:35:30,415 kb/s
2024-10-19 09:36:00,434 kb/s
2024-10-19 09:36:30,244 kb/s
2024-10-19 09:37:00,608 kb/s
2024-10-19 09:37:30,477 kb/s
2024-10-19 09:38:00,284 kb/s
2024-10-19 09:38:30,593 kb/s
2024-10-19 09:39:00,328 kb/s
2024-10-19 09:39:30,305 kb/s
2024-10-19 09:40:00,329 kb/s
2024-10-19 09:40:30,615 kb/s
2024-10-19 09:41:00,652 kb/s
2024-10-19 09:41:30,253 kb/s
2024-10-19 09:42:00,479 kb/s
2024-10-19 09:42:30,510 kb/s
2024-10-19 09:43:00,348 kb/s
2024-10-19 09:43:30,783 kb/s
2024-10-19 09:44:00,670 kb/s
2024-10-19 09:44:30,600 kb/s
2024-10-19 09:45:00,579 kb/s
2024-10-19 09:45:30,460 kb/s
2024-10-19 09:46:00,407 kb/s
2024-10-19 09:46:30,432 kb/s
2024-10-19 09:47:00,512 kb/s
2024-10-19 09:47:30,117 kb/s
2024-10-19 09:48:00,122 kb/s
2024-10-19 09:48:30,1.34 kb/s
2024-10-19 09:49:00,342 kb/s
2024-10-19 09:49:30,426 kb/s
2024-10-19 09:50:00,436 kb/s
2024-10-19 09:50:30,119 kb/s
2024-10-19 09:51:00,96.2 kb/s
2024-10-19 09:51:30,78.0 kb/s
2024-10-19 09:52:00,162 kb/s
2024-10-19 09:52:30,332 kb/s
2024-10-19 09:53:00,0 b/s
2024-10-19 09:53:30,109 kb/s
2024-10-19 09:54:00,378 b/s
2024-10-19 09:54:30,504 b/s
2024-10-19 09:55:00,95.1 kb/s
2024-10-19 09:55:30,183 kb/s
2024-10-19 09:56:00,149 kb/s
2024-10-19 09:56:30,237 kb/s
2024-10-19 09:57:00,127 kb/s
2024-10-19 09:57:30,0 b/s
2024-10-19 09:58:00,117 b/s
2024-10-19 09:58:30,0 b/s
2024-10-19 09:59:00,425 b/s
2024-10-19 09:59:30,273 b/s
2024-10-19 10:00:00,96 b/s
2024-10-19 10:00:30,0 b/s
2024-10-19 10:01:00,32.4 kb/s
2024-10-19 10:01:30,155 kb/s
2024-10-19 10:02:00,138 kb/s
2024-10-19 10:02:30,99.2 kb/s
2024-10-19 10:03:00,485 kb/s
2024-10-19 10:03:30,384 kb/s
2024-10-19 10:04:00,362 kb/s
2024-10-19 10:04:30,251 kb/s
2024-10-19 10:05:00,45.3 kb/s
2024-10-19 10:05:30,236 kb/s
2024-10-19 10:06:00,230 b/s
2024-10-19 10:06:30,441 kb/s
2024-10-19 10:07:00,488 kb/s
2024-10-19 10:07:30,335 kb/s
2024-10-19 10:08:00,115 kb/s
2024-10-19 10:08:30,585 kb/s
2024-10-19 10:09:00,208 kb/s
2024-10-19 10:09:30,165 kb/s
2024-10-19 10:10:00,381 kb/s
2024-10-19 10:10:30,581 kb/s
2024-10-19 10:11:00,515 kb/s
2024-10-19 10:11:30,233 kb/s
2024-10-19 10:12:00,209 kb/s
2024-10-19 10:12:30,44.8 kb/s
2024-10-19 10:13:00,339 b/s
2024-10-19 10:13:30,24.2 kb/s
2024-10-19 10:14:00,194 kb/s
2024-10-19 10:14:30,298 kb/s
2024-10-19 10:15:00,258 kb/s
2024-10-19 10:15:30,370 kb/s
2024-10-19 10:16:00,262 kb/s
2024-10-19 10:16:30,376 kb/s
2024-10-19 10:17:00,177 kb/s
2024-10-19 10:17:30,516 kb/s
2024-10-19 10:18:00,281 kb/s
2024-10-19 10:18:30,68.5 kb/s
2024-10-19 10:19:00,74.7 b/s
2024-10-19 10:19:30,205 b/s
2024-10-19 10:20:00,294 kb/s
2024-10-19 10:20:30,342 kb/s
2024-10-19 10:21:00,542 kb/s
2024-10-19 10:21:30,185 kb/s
2024-10-19 10:22:00,223 kb/s
2024-10-19 10:22:30,280 kb/s
2024-10-19 10:23:00,271 kb/s
2024-10-19 10:23:30,67.8 kb/s
2024-10-19 10:24:00,382 kb/s
2024-10-19 10:24:30,230 kb/s
2024-10-19 10:25:00,588 kb/s
2024-10-19 10:25:30,163 kb/s
2024-10-19 10:26:00,192 kb/s
2024-10-19 10:26:30,296 kb/s
2024-10-19 10:27:00,85.3 b/s
2024-10-19 10:27:30,7.83 kb/s
2024-10-19 10:28:00,171 kb/s
2024-10-19 10:28:30,171 kb/s
2024-10-19 10:29:00,93.5 kb/s
2024-10-19 10:29:30,0 b/s
2024-10-19 10:30:00,164 kb/s
2024-10-19 10:30:30,230 kb/s
2024-10-19 10:31:00,207 kb/s
2024-10-19 10:31:30,286 kb/s
2024-10-19 10:32:00,253 kb/s
2024-10-19 10:32:30,225 kb/s
2024-10-19 10:33:00,224 kb/s
2024-10-19 10:33:30,189 kb/s
2024-10-19 10:34:00,32.9 kb/s
2024-10-19 10:34:30,209 kb/s
2024-10-19 10:35:00,12.0 kb/s
2024-10-19 10:35:30,644 kb/s
2024-10-19 10:36:00,715 kb/s
2024-10-19 10:36:30,526 kb/s
2024-10-19 10:37:00,199 kb/s
2024-10-19 10:37:30,388 kb/s
2024-10-19 10:38:00,140 kb/s
2024-10-19 10:38:30,93.1 kb/s
2024-10-19 10:39:00,12.1 kb/s
2024-10-19 10:39:30,74.7 b/s
2024-10-19 10:40:00,209 b/s
2024-10-19 10:40:30,0 b/s
2024-10-19 10:41:00,0 b/s
2024-10-19 10:41:30,273 b/s
2024-10-19 10:42:00,74.7 b/s
2024-10-19 10:42:30,245 kb/s
2024-10-19 10:43:00,243 kb/s
2024-10-19 10:43:30,354 kb/s
2024-10-19 10:44:00,344 kb/s
2024-10-19 10:44:30,383 kb/s
2024-10-19 10:45:00,233 kb/s
2024-10-19 10:45:30,572 kb/s
2024-10-19 10:46:00,324 kb/s
2024-10-19 10:46:30,411 kb/s
2024-10-19 10:47:00,481 kb/s
2024-10-19 10:47:30,540 kb/s
2024-10-19 10:48:00,573 kb/s
2024-10-19 10:48:30,509 kb/s
2024-10-19 10:49:00,400 kb/s
2024-10-19 10:49:30,246 kb/s
2024-10-19 10:50:00,221 kb/s
2024-10-19 10:50:30,358 kb/s
2024-10-19 10:51:00,499 kb/s
2024-10-19 10:51:30,566 kb/s
2024-10-19 10:52:00,205 kb/s
2024-10-19 10:52:30,21.3 b/s
2024-10-19 10:53:00,83.6 kb/s
2024-10-19 10:53:30,26.0 kb/s
2024-10-19 10:54:00,133 kb/s
2024-10-19 10:54:30,343 kb/s
2024-10-19 10:55:00,582 kb/s
2024-10-19 10:55:30,710 kb/s
2024-10-19 10:56:00,431 kb/s
2024-10-19 10:56:30,96.6 kb/s
2024-10-19 10:57:00,151 kb/s
2024-10-19 10:57:30,524 kb/s
2024-10-19 10:58:00,555 kb/s
2024-10-19 10:58:30,361 kb/s
2024-10-19 10:59:00,254 kb/s
2024-10-19 10:59:30,460 kb/s
2024-10-19 11:00:00,485 kb/s
2024-10-19 11:00:30,64.0 kb/s
2024-10-19 11:01:00,44.4 kb/s
2024-10-19 11:01:30,118 kb/s
2024-10-19 11:02:00,115 kb/s
2024-10-19 11:02:30,247 kb/s
2024-10-19 11:03:00,210 kb/s
2024-10-19 11:03:30,215 kb/s
2024-10-19 11:04:00,214 kb/s
2024-10-19 11:04:30,64.5 kb/s
2024-10-19 11:05:00,107 kb/s
2024-10-19 11:05:30,302 kb/s
2024-10-19 11:06:00,390 kb/s
2024-10-19 11:06:30,314 kb/s
2024-10-19 11:07:00,35.9 kb/s
2024-10-19 11:07:30,163 kb/s
2024-10-19 11:08:00,369 kb/s
2024-10-19 11:08:30,474 kb/s
2024-10-19 11:09:00,656 kb/s
2024-10-19 11:09:30,461 kb/s
2024-10-19 11:10:00,576 kb/s
2024-10-19 11:10:30,88.3 kb/s
2024-10-19 11:11:00,135 kb/s
2024-10-19 11:11:30,219 kb/s
2024-10-19 11:12:00,118 kb/s
2024-10-19 11:12:30,209 kb/s
2024-10-19 11:13:00,193 kb/s
2024-10-19 11:13:30,545 kb/s
2024-10-19 11:14:00,722 kb/s
2024-10-19 11:14:30,304 kb/s
2024-10-19 11:15:00,160 kb/s
2024-10-19 11:15:30,142 kb/s
2024-10-19 11:16:00,596 kb/s
2024-10-19 11:16:30,649 kb/s
2024-10-19 11:17:00,538 kb/s
2024-10-19 11:17:30,629 kb/s
2024-10-19 11:18:00,220 kb/s
2024-10-19 11:18:30,472 kb/s
2024-10-19 11:19:00,244 kb/s
2024-10-19 11:19:30,546 kb/s
2024-10-19 11:20:00,307 kb/s
2024-10-19 11:20:30,288 kb/s
2024-10-19 11:21:00,101 kb/s
2024-10-19 11:21:30,0 b/s
2024-10-19 11:22:00,435 b/s
2024-10-19 11:22:30,431 kb/s
2024-10-19 11:23:00,371 kb/s
2024-10-19 11:23:30,585 kb/s
2024-10-19 11:24:00,201 kb/s
2024-10-19 11:24:30,330 kb/s
2024-10-19 11:25:00,525 kb/s
2024-10-19 11:25:30,422 kb/s
2024-10-19 11:26:00,46.6 kb/s
2024-10-19 11:26:30,94.1 kb/s
2024-10-19 11:27:00,780 kb/s
2024-10-19 11:27:30,424 kb/s
2024-10-19 11:28:00,391 kb/s
2024-10-19 11:28:30,373 kb/s
2024-10-19 11:29:00,595 kb/s
2024-10-19 11:29:30,112 kb/s
2024-10-19 11:30:00,252 kb/s
2024-10-19 11:30:30,650 kb/s
2024-10-19 11:31:00,868 kb/s
2024-10-19 11:31:30,439 kb/s
2024-10-19 11:32:00,574 kb/s
2024-10-19 11:32:30,868 kb/s
2024-10-19 11:33:00,454 kb/s
2024-10-19 11:33:30,629 kb/s
2024-10-19 11:34:00,436 kb/s
2024-10-19 11:34:30,646 kb/s
2024-10-19 11:35:00,318 kb/s
2024-10-19 11:35:30,387 kb/s
2024-10-19 11:36:00,555 kb/s
2024-10-19 11:36:30,518 kb/s
2024-10-19 11:37:00,230 kb/s
2024-10-19 11:37:30,157 kb/s
2024-10-19 11:38:00,113 kb/s
2024-10-19 11:38:30,61.4 kb/s
2024-10-19 11:39:00,102 kb/s
2024-10-19 11:39:30,936 kb/s
2024-10-19 11:40:00,411 kb/s
2024-10-19 11:40:30,401 kb/s
2024-10-19 11:41:00,147 kb/s
2024-10-19 11:41:30,253 kb/s
2024-10-19 11:42:00,291 kb/s
2024-10-19 11:42:30,47.2 kb/s
2024-10-19 11:43:00,386 kb/s
2024-10-19 11:43:30,76.6 kb/s
2024-10-19 11:44:00,75.7 kb/s
2024-10-19 11:44:30,161 kb/s
2024-10-19 11:45:00,188 kb/s
2024-10-19 11:45:30,306 kb/s
2024-10-19 11:46:00,205 b/s
2024-10-19 11:46:30,170 kb/s
2024-10-19 11:47:00,411 kb/s
2024-10-19 11:47:30,327 kb/s
2024-10-19 11:48:00,358 kb/s
2024-10-19 11:48:30,49.9 kb/s
2024-10-19 11:49:00,0 b/s
2024-10-19 11:49:30,192 b/s
2024-10-19 11:50:00,0 b/s
2024-10-19 11:50:30,213 b/s
2024-10-19 11:51:00,21.3 b/s
2024-10-19 11:51:30,600 kb/s
2024-10-19 11:52:00,675 kb/s
2024-10-19 11:52:30,256 kb/s
2024-10-19 11:53:00,346 kb/s
2024-10-19 11:53:30,314 kb/s
2024-10-19 11:54:00,80.5 kb/s
2024-10-19 11:54:30,165 kb/s
2024-10-19 11:55:00,139 b/s
2024-10-19 11:55:30,29.9 b/s
2024-10-19 11:56:00,140 kb/s
2024-10-19 11:56:30,94.2 kb/s
2024-10-19 11:57:00,197 kb/s
2024-10-19 11:57:30,414 kb/s
2024-10-19 11:58:00,323 kb/s
2024-10-19 11:58:30,95.5 kb/s
2024-10-19 11:59:00,36.7 kb/s
2024-10-19 11:59:30,524 kb/s
2024-10-19 12:00:00,514 kb/s
2024-10-19 12:00:30,387 kb/s
2024-10-19 12:01:00,139 b/s
2024-10-19 12:01:30,743 b/s
2024-10-19 12:02:00,269 b/s
2024-10-19 12:02:30,116 kb/s
2024-10-19 12:03:00,124 kb/s
2024-10-19 12:03:30,236 kb/s
2024-10-19 12:04:00,313 kb/s
2024-10-19 12:04:30,591 kb/s
2024-10-19 12:05:00,252 kb/s
2024-10-19 12:05:30,439 kb/s
2024-10-19 12:06:00,387 kb/s
2024-10-19 12:06:30,506 kb/s
2024-10-19 12:07:00,425 kb/s
2024-10-19 12:07:30,321 kb/s
2024-10-19 12:08:00,286 kb/s
2024-10-19 12:08:30,67.9 kb/s
2024-10-19 12:09:00,501 kb/s
2024-10-19 12:09:30,381 kb/s
2024-10-19 12:10:00,22.3 kb/s
2024-10-19 12:10:30,0 b/s
2024-10-19 12:11:00,198 kb/s
2024-10-19 12:11:30,55.9 kb/s
2024-10-19 12:12:00,14.0 kb/s
2024-10-19 12:12:30,14.4 kb/s
2024-10-19 12:13:00,14.5 kb/s
2024-10-19 12:13:30,23.8 kb/s
2024-10-19 12:14:00,282 kb/s
2024-10-19 12:14:30,299 kb/s
2024-10-19 12:15:00,283 kb/s
2024-10-19 12:15:30,300 kb/s
2024-10-19 12:16:00,302 kb/s
2024-10-19 12:16:30,61.1 kb/s
2024-10-19 12:17:00,116 kb/s
2024-10-19 12:17:30,474 kb/s
2024-10-19 12:18:00,179 kb/s
2024-10-19 12:18:30,210 kb/s
2024-10-19 12:19:00,378 kb/s
2024-10-19 12:19:30,200 kb/s
2024-10-19 12:20:00,171 kb/s
2024-10-19 12:20:30,218 kb/s
2024-10-19 12:21:00,243 kb/s
2024-10-19 12:21:30,313 kb/s
2024-10-19 12:22:00,578 kb/s
2024-10-19 12:22:30,227 kb/s
2024-10-19 12:23:00,282 kb/s
2024-10-19 12:23:30,228 kb/s
2024-10-19 12:24:00,345 kb/s
2024-10-19 12:24:30,731 kb/s
2024-10-19 12:25:00,824 kb/s
2024-10-19 12:25:30,104 kb/s
2024-10-19 12:26:00,285 kb/s
2024-10-19 12:26:30,58.2 kb/s
2024-10-19 12:27:00,422 kb/s
2024-10-19 12:27:30,401 kb/s
2024-10-19 12:28:00,184 kb/s
2024-10-19 12:28:30,260 kb/s
2024-10-19 12:29:00,219 kb/s
2024-10-19 12:29:30,106 kb/s
2024-10-19 12:30:00,96.2 kb/s
2024-10-19 12:30:30,371 kb/s
2024-10-19 12:31:00,368 kb/s
2024-10-19 12:31:30,327 kb/s
2024-10-19 12:32:00,87.2 kb/s
2024-10-19 12:32:30,144 kb/s
2024-10-19 12:33:00,13.4 kb/s
2024-10-19 12:33:30,121 kb/s
2024-10-19 12:34:00,122 kb/s
2024-10-19 12:34:30,244 kb/s
2024-10-19 12:35:00,146 kb/s
2024-10-19 12:35:30,319 kb/s
2024-10-19 12:36:00,126 kb/s
2024-10-19 12:36:30,185 kb/s
2024-10-19 12:37:00,179 b/s
2024-10-19 12:37:30,61.1 kb/s
2024-10-19 12:38:00,213 kb/s
2024-10-19 12:38:30,69.5 kb/s
2024-10-19 12:39:00,291 kb/s
2024-10-19 12:39:30,567 kb/s
2024-10-19 12:40:00,590 kb/s
2024-10-19 12:40:30,233 kb/s
2024-10-19 12:41:00,1.97 kb/s
2024-10-19 12:41:30,75.3 kb/s
2024-10-19 12:42:00,30.0 kb/s
2024-10-19 12:42:30,96.0 b/s
2024-10-19 12:43:00,222 b/s
2024-10-19 12:43:30,191 kb/s
2024-10-19 12:44:00,320 kb/s
2024-10-19 12:44:30,276 kb/s
2024-10-19 12:45:00,208 kb/s
2024-10-19 12:45:30,303 kb/s
2024-10-19 12:46:00,388 kb/s
2024-10-19 12:46:30,137 kb/s
2024-10-19 12:47:00,218 kb/s
2024-10-19 12:47:30,355 kb/s
2024-10-19 12:48:00,590 kb/s
2024-10-19 12:48:30,604 kb/s
2024-10-19 12:49:00,53.9 kb/s
2024-10-19 12:49:30,0 b/s
2024-10-19 12:50:00,96 b/s
2024-10-19 12:50:30,0 b/s
2024-10-19 12:51:00,308 b/s
2024-10-19 12:51:30,191 kb/s
2024-10-19 12:52:00,133 kb/s
2024-10-19 12:52:30,495 kb/s
2024-10-19 12:53:00,549 kb/s
2024-10-19 12:53:30,96.0 b/s
2024-10-19 12:54:00,55.9 kb/s
2024-10-19 12:54:30,565 kb/s
2024-10-19 12:55:00,391 kb/s
2024-10-19 12:55:30,163 kb/s
2024-10-19 12:56:00,456 kb/s
2024-10-19 12:56:30,367 kb/s
2024-10-19 12:57:00,410 kb/s
2024-10-19 12:57:30,113 kb/s
2024-10-19 12:58:00,501 kb/s
2024-10-19 12:58:30,509 kb/s
2024-10-19 12:59:00,85.0 kb/s
2024-10-19 12:59:30,66.2 kb/s
2024-10-19 13:00:00,424 kb/s
2024-10-19 13:00:30,227 kb/s
2024-10-19 13:01:00,20.4 kb/s
2024-10-19 13:01:30,273 kb/s
2024-10-19 13:02:00,153 kb/s
2024-10-19 13:02:30,74.7 b/s
2024-10-19 13:03:00,68.5 kb/s
2024-10-19 13:03:30,111 kb/s
2024-10-19 13:04:00,87.8 kb/s
2024-10-19 13:04:30,52.5 kb/s
2024-10-19 13:05:00,613 kb/s
2024-10-19 13:05:30,232 kb/s
2024-10-19 13:06:00,257 kb/s
2024-10-19 13:06:30,362 kb/s
2024-10-19 13:07:00,299 kb/s
2024-10-19 13:07:30,477 kb/s
2024-10-19 13:08:00,406 kb/s
2024-10-19 13:08:30,60.1 kb/s
2024-10-19 13:09:00,147 kb/s
2024-10-19 13:09:30,146 kb/s
2024-10-19 13:10:00,172 kb/s
2024-10-19 13:10:30,309 kb/s
2024-10-19 13:11:00,171 b/s
2024-10-19 13:11:30,188 b/s
2024-10-19 13:12:00,24.0 kb/s
2024-10-19 13:12:30,146 kb/s
2024-10-19 13:13:00,146 kb/s
2024-10-19 13:13:30,234 kb/s
2024-10-19 13:14:00,182 kb/s
2024-10-19 13:14:30,371 kb/s
2024-10-19 13:15:00,190 kb/s
2024-10-19 13:15:30,53.7 kb/s
2024-10-19 13:16:00,639 kb/s
2024-10-19 13:16:30,647 kb/s
2024-10-19 13:17:00,456 kb/s
2024-10-19 13:17:30,286 kb/s
2024-10-19 13:18:00,250 kb/s
2024-10-19 13:18:30,443 kb/s
2024-10-19 13:19:00,403 kb/s
2024-10-19 13:19:30,227 kb/s
2024-10-19 13:20:00,307 kb/s
2024-10-19 13:20:30,498 kb/s
2024-10-19 13:21:00,93.8 kb/s
2024-10-19 13:21:30,0 b/s
2024-10-19 13:22:00,466 kb/s
2024-10-19 13:22:30,248 kb/s
2024-10-19 13:23:00,74.7 b/s
2024-10-19 13:23:30,0 b/s
2024-10-19 13:24:00,265 b/s
2024-10-19 13:24:30,127 kb/s
2024-10-19 13:25:00,174 kb/s
2024-10-19 13:25:30,117 kb/s
2024-10-19 13:26:00,435 kb/s
2024-10-19 13:26:30,416 kb/s
2024-10-19 13:27:00,154 kb/s
2024-10-19 13:27:30,18.7 kb/s
2024-10-19 13:28:00,0 b/s
2024-10-19 13:28:30,495 b/s
2024-10-19 13:29:00,356 kb/s
2024-10-19 13:29:30,251 kb/s
2024-10-19 13:30:00,279 kb/s
2024-10-19 13:30:30,117 b/s
2024-10-19 13:31:00,172 kb/s
2024-10-19 13:31:30,346 kb/s
2024-10-19 13:32:00,359 kb/s
2024-10-19 13:32:30,0 b/s
2024-10-19 13:33:00,221 kb/s
2024-10-19 13:33:30,612 kb/s
2024-10-19 13:34:00,526 kb/s
2024-10-19 13:34:30,420 kb/s
2024-10-19 13:35:00,382 kb/s
2024-10-19 13:35:30,143 kb/s
2024-10-19 13:36:00,710 kb/s
2024-10-19 13:36:30,452 kb/s
2024-10-19 13:37:00,440 kb/s
2024-10-19 13:37:30,334 kb/s
2024-10-19 13:38:00,53.9 kb/s
2024-10-19 13:38:30,61.8 kb/s
2024-10-19 13:39:00,62.3 kb/s
2024-10-19 13:39:30,60.8 kb/s
2024-10-19 13:40:00,222 b/s
2024-10-19 13:40:30,335 b/s
2024-10-19 13:41:00,273 b/s
2024-10-19 13:41:30,435 b/s
2024-10-19 13:42:00,385 kb/s
2024-10-19 13:42:30,86.8 kb/s
2024-10-19 13:43:00,207 kb/s
2024-10-19 13:43:30,238 kb/s
2024-10-19 13:44:00,545 kb/s
2024-10-19 13:44:30,411 kb/s
2024-10-19 13:45:00,310 kb/s
2024-10-19 13:45:30,413 kb/s
2024-10-19 13:46:00,502 kb/s
2024-10-19 13:46:30,260 kb/s
2024-10-19 13:47:00,510 kb/s
2024-10-19 13:47:30,457 kb/s
2024-10-19 13:48:00,303 kb/s
2024-10-19 13:48:30,722 b/s
2024-10-19 13:49:00,189 kb/s
2024-10-19 13:49:30,601 kb/s
2024-10-19 13:50:00,569 kb/s
2024-10-19 13:50:30,422 kb/s
2024-10-19 13:51:00,617 kb/s
2024-10-19 13:51:30,227 kb/s
2024-10-19 13:52:00,157 kb/s
2024-10-19 13:52:30,20.4 kb/s
2024-10-19 13:53:00,239 b/s
2024-10-19 13:53:30,117 b/s
2024-10-19 13:54:00,132 kb/s
2024-10-19 13:54:30,385 kb/s
2024-10-19 13:55:00,336 kb/s
2024-10-19 13:55:30,175 kb/s
2024-10-19 13:56:00,531 kb/s
2024-10-19 13:56:30,730 kb/s
2024-10-19 13:57:00,473 kb/s
2024-10-19 13:57:30,138 kb/s
2024-10-19 13:58:00,0 b/s
2024-10-19 13:58:30,184 kb/s
2024-10-19 13:59:00,179 kb/s
2024-10-19 13:59:30,673 kb/s
2024-10-19 14:00:00,646 kb/s
2024-10-19 14:00:30,189 kb/s
2024-10-19 14:01:00,160 kb/s
2024-10-19 14:01:30,248 kb/s
2024-10-19 14:02:00,253 kb/s
2024-10-19 14:02:30,294 kb/s
2024-10-19 14:03:00,142 kb/s
2024-10-19 14:03:30,205 kb/s
2024-10-19 14:04:00,485 kb/s
2024-10-19 14:04:30,448 kb/s
2024-10-19 14:05:00,197 kb/s
2024-10-19 14:05:30,516 kb/s
2024-10-19 14:06:00,229 kb/s
2024-10-19 14:06:30,218 kb/s
2024-10-19 14:07:00,38.2 kb/s
2024-10-19 14:07:30,42.7 b/s
2024-10-19 14:08:00,132 kb/s
2024-10-19 14:08:30,271 kb/s
2024-10-19 14:09:00,260 kb/s
2024-10-19 14:09:30,256 kb/s
2024-10-19 14:10:00,201 kb/s
2024-10-19 14:10:30,193 kb/s
2024-10-19 14:11:00,64.2 kb/s
2024-10-19 14:11:30,85.9 kb/s
2024-10-19 14:12:00,118 kb/s
2024-10-19 14:12:30,28.8 kb/s
2024-10-19 14:13:00,65.1 kb/s
2024-10-19 14:13:30,68.2 kb/s
2024-10-19 14:14:00,53.2 kb/s
2024-10-19 14:14:30,47.7 kb/s
2024-10-19 14:15:00,340 kb/s
2024-10-19 14:15:30,124 kb/s
2024-10-19 14:16:00,161 kb/s
2024-10-19 14:16:30,189 kb/s
2024-10-19 14:17:00,171 b/s
2024-10-19 14:17:30,0 b/s
2024-10-19 14:18:00,183 kb/s
2024-10-19 14:18:30,273 kb/s
2024-10-19 14:19:00,51.0 kb/s
2024-10-19 14:19:30,133 kb/s
2024-10-19 14:20:00,116 kb/s
2024-10-19 14:20:30,351 kb/s
2024-10-19 14:21:00,197 kb/s
2024-10-19 14:21:30,198 kb/s
2024-10-19 14:22:00,183 kb/s
2024-10-19 14:22:30,136 kb/s
2024-10-19 14:23:00,282 b/s
2024-10-19 14:23:30,138 kb/s
2024-10-19 14:24:00,8.74 kb/s
2024-10-19 14:24:30,33.4 kb/s
2024-10-19 14:25:00,578 b/s
2024-10-19 14:25:30,203 kb/s
2024-10-19 14:26:00,410 kb/s
2024-10-19 14:26:30,470 kb/s
2024-10-19 14:27:00,397 kb/s
2024-10-19 14:27:30,155 kb/s
2024-10-19 14:28:00,13.9 kb/s
2024-10-19 14:28:30,162 kb/s
2024-10-19 14:29:00,123 kb/s
2024-10-19 14:29:30,107 kb/s
2024-10-19 14:30:00,110 kb/s
2024-10-19 14:30:30,102 kb/s
2024-10-19 14:31:00,33.1 kb/s
2024-10-19 14:31:30,156 kb/s
2024-10-19 14:32:00,548 kb/s
2024-10-19 14:32:30,413 kb/s
2024-10-19 14:33:00,344 kb/s
2024-10-19 14:33:30,167 kb/s
2024-10-19 14:34:00,45.6 kb/s
2024-10-19 14:34:30,19.7 kb/s
2024-10-19 14:35:00,13.0 kb/s
2024-10-19 14:35:30,192 b/s
2024-10-19 14:36:00,200 kb/s
2024-10-19 14:36:30,230 kb/s
2024-10-19 14:37:00,277 kb/s
2024-10-19 14:37:30,143 kb/s
2024-10-19 14:38:00,10.9 kb/s
2024-10-19 14:38:30,117 b/s
2024-10-19 14:39:00,111 b/s
2024-10-19 14:39:30,21.3 b/s
2024-10-19 14:40:00,144 kb/s
2024-10-19 14:40:30,140 kb/s
2024-10-19 14:41:00,98.6 kb/s
2024-10-19 14:41:30,20.3 kb/s
2024-10-19 14:42:00,44.7 kb/s
2024-10-19 14:42:30,96.5 kb/s
2024-10-19 14:43:00,392 kb/s
2024-10-19 14:43:30,279 kb/s
2024-10-19 14:44:00,371 kb/s
2024-10-19 14:44:30,305 b/s
2024-10-19 14:45:00,18.8 kb/s
2024-10-19 14:45:30,21.3 b/s
2024-10-19 14:46:00,570 b/s
2024-10-19 14:46:30,284 kb/s
2024-10-19 14:47:00,460 kb/s
2024-10-19 14:47:30,417 kb/s
2024-10-19 14:48:00,581 kb/s
2024-10-19 14:48:30,245 kb/s
2024-10-19 14:49:00,257 kb/s
2024-10-19 14:49:30,196 kb/s
2024-10-19 14:50:00,34.6 kb/s
2024-10-19 14:50:30,229 kb/s
2024-10-19 14:51:00,178 kb/s
2024-10-19 14:51:30,254 kb/s
2024-10-19 14:52:00,375 kb/s
2024-10-19 14:52:30,414 kb/s
2024-10-19 14:53:00,250 kb/s
2024-10-19 14:53:30,16.9 kb/s
2024-10-19 14:54:00,235 kb/s
2024-10-19 14:54:30,235 kb/s
2024-10-19 14:55:00,266 kb/s
2024-10-19 14:55:30,75.5 kb/s
2024-10-19 14:56:00,215 kb/s
2024-10-19 14:56:30,288 kb/s
2024-10-19 14:57:00,273 kb/s
2024-10-19 14:57:30,265 kb/s
2024-10-19 14:58:00,300 kb/s
2024-10-19 14:58:30,632 kb/s
2024-10-19 14:59:00,498 kb/s
2024-10-19 14:59:30,346 b/s
2024-10-19 15:00:00,203 kb/s
2024-10-19 15:00:30,194 kb/s
2024-10-19 15:01:00,326 kb/s
2024-10-19 15:01:30,437 b/s
2024-10-19 15:02:00,0 b/s
2024-10-19 15:02:30,206 kb/s
2024-10-19 15:03:00,307 kb/s
2024-10-19 15:03:30,472 kb/s
2024-10-19 15:04:00,878 b/s
2024-10-19 15:04:30,89.1 kb/s
2024-10-19 15:05:00,114 kb/s
2024-10-19 15:05:30,9.46 kb/s
2024-10-19 15:06:00,96 b/s
2024-10-19 15:06:30,455 kb/s
2024-10-19 15:07:00,404 kb/s
2024-10-19 15:07:30,419 kb/s
2024-10-19 15:08:00,385 kb/s
2024-10-19 15:08:30,205 kb/s
2024-10-19 15:09:00,203 kb/s
2024-10-19 15:09:30,371 kb/s
2024-10-19 15:10:00,419 kb/s
2024-10-19 15:10:30,415 kb/s
2024-10-19 15:11:00,293 kb/s
2024-10-19 15:11:30,282 kb/s
2024-10-19 15:12:00,72.9 kb/s
2024-10-19 15:12:30,92.7 kb/s
2024-10-19 15:13:00,71.7 kb/s
2024-10-19 15:13:30,603 kb/s
2024-10-19 15:14:00,591 kb/s
2024-10-19 15:14:30,80.5 kb/s
2024-10-19 15:15:00,375 kb/s
2024-10-19 15:15:30,699 kb/s
2024-10-19 15:16:00,115 kb/s
2024-10-19 15:16:30,573 b/s
2024-10-19 15:17:00,239 b/s
2024-10-19 15:17:30,0 b/s
2024-10-19 15:18:00,230 b/s
2024-10-19 15:18:30,370 kb/s
2024-10-19 15:19:00,400 kb/s
2024-10-19 15:19:30,804 kb/s
2024-10-19 15:20:00,571 kb/s
2024-10-19 15:20:30,352 kb/s
2024-10-19 15:21:00,244 kb/s
2024-10-19 15:21:30,441 kb/s
2024-10-19 15:22:00,251 kb/s
2024-10-19 15:22:30,400 kb/s
2024-10-19 15:23:00,691 kb/s
2024-10-19 15:23:30,87.9 kb/s
2024-10-19 15:24:00,247 b/s
2024-10-19 15:24:30,230 b/s
2024-10-19 15:25:00,369 kb/s
2024-10-19 15:25:30,286 b/s
2024-10-19 15:26:00,213 b/s
2024-10-19 15:26:30,95.3 kb/s
2024-10-19 15:27:00,256 kb/s
2024-10-19 15:27:30,164 kb/s
2024-10-19 15:28:00,137 kb/s
2024-10-19 15:28:30,161 kb/s
2024-10-19 15:29:00,193 kb/s
2024-10-19 15:29:30,180 kb/s
2024-10-19 15:30:00,197 kb/s
2024-10-19 15:30:30,200 kb/s
2024-10-19 15:31:00,188 kb/s
2024-10-19 15:31:30,88.1 kb/s
2024-10-19 15:32:00,636 b/s
2024-10-19 15:32:30,0 b/s
2024-10-19 15:33:00,0 b/s
2024-10-19 15:33:30,171 kb/s
2024-10-19 15:34:00,34.0 kb/s
2024-10-19 15:34:30,0 b/s
2024-10-19 15:35:00,0 b/s
2024-10-19 15:35:30,80.1 kb/s
2024-10-19 15:36:00,473 kb/s
2024-10-19 15:36:30,109 kb/s
2024-10-19 15:37:00,42.7 b/s
2024-10-19 15:37:30,273 b/s
2024-10-19 15:38:00,0 b/s
2024-10-19 15:38:30,242 kb/s
2024-10-19 15:39:00,393 kb/s
2024-10-19 15:39:30,402 kb/s
2024-10-19 15:40:00,531 kb/s
2024-10-19 15:40:30,65.9 kb/s
2024-10-19 15:41:00,155 kb/s
2024-10-19 15:41:30,127 kb/s
2024-10-19 15:42:00,110 kb/s
2024-10-19 15:42:30,551 kb/s
2024-10-19 15:43:00,710 kb/s
2024-10-19 15:43:30,454 kb/s
2024-10-19 15:44:00,270 kb/s
2024-10-19 15:44:30,328 kb/s
2024-10-19 15:45:00,310 kb/s
2024-10-19 15:45:30,239 b/s
2024-10-19 15:46:00,71.4 kb/s
2024-10-19 15:46:30,135 kb/s
2024-10-19 15:47:00,415 kb/s
2024-10-19 15:47:30,318 kb/s
2024-10-19 15:48:00,259 kb/s
2024-10-19 15:48:30,17.4 kb/s
2024-10-19 15:49:00,573 b/s
2024-10-19 15:49:30,134 kb/s
2024-10-19 15:50:00,227 kb/s
2024-10-19 15:50:30,327 kb/s
2024-10-19 15:51:00,83.4 kb/s
2024-10-19 15:51:30,53.0 kb/s
2024-10-19 15:52:00,96.0 b/s
2024-10-19 15:52:30,39.7 kb/s
2024-10-19 15:53:00,38.2 kb/s
2024-10-19 15:53:30,38.7 kb/s
2024-10-19 15:54:00,247 kb/s
2024-10-19 15:54:30,420 kb/s
2024-10-19 15:55:00,88.5 kb/s
2024-10-19 15:55:30,0 b/s
2024-10-19 15:56:00,469 b/s
2024-10-19 15:56:30,168 kb/s
2024-10-19 15:57:00,428 kb/s
2024-10-19 15:57:30,375 kb/s
2024-10-19 15:58:00,384 kb/s
2024-10-19 15:58:30,619 b/s
2024-10-19 15:59:00,403 kb/s
2024-10-19 15:59:30,373 kb/s
2024-10-19 16:00:00,482 kb/s
2024-10-19 16:00:30,285 kb/s
2024-10-19 16:01:00,42.7 kb/s
2024-10-19 16:01:30,647 b/s
2024-10-19 16:02:00,707 kb/s
2024-10-19 16:02:30,443 kb/s
2024-10-19 16:03:00,139 kb/s
2024-10-19 16:03:30,222 kb/s
2024-10-19 16:04:00,303 kb/s
2024-10-19 16:04:30,590 kb/s
2024-10-19 16:05:00,251 kb/s
2024-10-19 16:05:30,711 kb/s
2024-10-19 16:06:00,571 kb/s
2024-10-19 16:06:30,539 kb/s
2024-10-19 16:07:00,396 kb/s
2024-10-19 16:07:30,495 kb/s
2024-10-19 16:08:00,366 kb/s
2024-10-19 16:08:30,388 kb/s
2024-10-19 16:09:00,411 kb/s
2024-10-19 16:09:30,641 kb/s
2024-10-19 16:10:00,664 kb/s
2024-10-19 16:10:30,689 kb/s
2024-10-19 16:11:00,74.7 b/s
2024-10-19 16:11:30,597 kb/s
2024-10-19 16:12:00,425 kb/s
2024-10-19 16:12:30,174 kb/s
2024-10-19 16:13:00,175 kb/s
2024-10-19 16:13:30,172 kb/s
2024-10-19 16:14:00,465 kb/s
2024-10-19 16:14:30,440 kb/s
2024-10-19 16:15:00,223 kb/s
2024-10-19 16:15:30,49.2 kb/s
2024-10-19 16:16:00,41.4 kb/s
2024-10-19 16:16:30,170 kb/s
2024-10-19 16:17:00,543 kb/s
2024-10-19 16:17:30,556 kb/s
2024-10-19 16:18:00,301 kb/s
2024-10-19 16:18:30,379 kb/s
2024-10-19 16:19:00,368 kb/s
2024-10-19 16:19:30,129 kb/s
2024-10-19 16:20:00,493 kb/s
2024-10-19 16:20:30,501 kb/s
2024-10-19 16:21:00,497 kb/s
2024-10-19 16:21:30,483 kb/s
2024-10-19 16:22:00,141 kb/s
2024-10-19 16:22:30,324 kb/s
2024-10-19 16:23:00,312 kb/s
2024-10-19 16:23:30,187 kb/s
2024-10-19 16:24:00,743 kb/s
2024-10-19 16:24:30,480 kb/s
2024-10-19 16:25:00,552 kb/s
2024-10-19 16:25:30,495 kb/s
2024-10-19 16:26:00,26.1 kb/s
2024-10-19 16:26:30,204 kb/s
2024-10-19 16:27:00,166 kb/s
2024-10-19 16:27:30,291 kb/s
2024-10-19 16:28:00,248 kb/s
2024-10-19 16:28:30,365 kb/s
2024-10-19 16:29:00,539 kb/s
2024-10-19 16:29:30,138 kb/s
2024-10-19 16:30:00,53.3 kb/s
2024-10-19 16:30:30,557 b/s
2024-10-19 16:31:00,104 kb/s
2024-10-19 16:31:30,160 kb/s
2024-10-19 16:32:00,230 b/s
2024-10-19 16:32:30,155 kb/s
2024-10-19 16:33:00,230 kb/s
2024-10-19 16:33:30,591 kb/s
2024-10-19 16:34:00,689 kb/s
2024-10-19 16:34:30,242 kb/s
2024-10-19 16:35:00,269 kb/s
2024-10-19 16:35:30,534 kb/s
2024-10-19 16:36:00,622 kb/s
2024-10-19 16:36:30,589 kb/s
2024-10-19 16:37:00,352 kb/s
2024-10-19 16:37:30,462 kb/s
2024-10-19 16:38:00,62.5 kb/s
2024-10-19 16:38:30,382 kb/s
2024-10-19 16:39:00,357 kb/s
2024-10-19 16:39:30,421 kb/s
2024-10-19 16:40:00,201 kb/s
2024-10-19 16:40:30,431 kb/s
2024-10-19 16:41:00,233 kb/s
2024-10-19 16:41:30,392 kb/s
2024-10-19 16:42:00,565 kb/s
2024-10-19 16:42:30,580 kb/s
2024-10-19 16:43:00,130 kb/s
2024-10-19 16:43:30,508 kb/s
2024-10-19 16:44:00,315 kb/s
2024-10-19 16:44:30,292 kb/s
2024-10-19 16:45:00,171 b/s
2024-10-19 16:45:30,0 b/s
2024-10-19 16:46:00,56.6 kb/s
2024-10-19 16:46:30,122 kb/s
2024-10-19 16:47:00,198 kb/s
2024-10-19 16:47:30,341 kb/s
2024-10-19 16:48:00,533 kb/s
2024-10-19 16:48:30,411 kb/s
2024-10-19 16:49:00,48.5 kb/s
2024-10-19 16:49:30,630 b/s
2024-10-19 16:50:00,118 b/s
2024-10-19 16:50:30,0 b/s
2024-10-19 16:51:00,42.7 b/s
2024-10-19 16:51:30,272 kb/s
2024-10-19 16:52:00,781 kb/s
2024-10-19 16:52:30,414 kb/s
2024-10-19 16:53:00,669 kb/s
2024-10-19 16:53:30,535 kb/s
2024-10-19 16:54:00,314 kb/s
2024-10-19 16:54:30,984 kb/s
2024-10-19 16:55:00,702 kb/s
2024-10-19 16:55:30,463 kb/s
2024-10-19 16:56:00,283 kb/s
2024-10-19 16:56:30,381 kb/s
2024-10-19 16:57:00,332 kb/s
2024-10-19 16:57:30,168 kb/s
2024-10-19 16:58:00,76.5 kb/s
2024-10-19 16:58:30,74.7 b/s
2024-10-19 16:59:00,210 kb/s
2024-10-19 16:59:30,455 kb/s
2024-10-19 17:00:00,262 kb/s
2024-10-19 17:00:30,41.4 kb/s
2024-10-19 17:01:00,79.0 kb/s
2024-10-19 17:01:30,232 kb/s
2024-10-19 17:02:00,306 kb/s
2024-10-19 17:02:30,389 kb/s
2024-10-19 17:03:00,143 kb/s
2024-10-19 17:03:30,185 kb/s
2024-10-19 17:04:00,265 kb/s
2024-10-19 17:04:30,161 kb/s
2024-10-19 17:05:00,171 kb/s
2024-10-19 17:05:30,74.7 b/s
2024-10-19 17:06:00,29.9 b/s
2024-10-19 17:06:30,262 kb/s
2024-10-19 17:07:00,268 kb/s
2024-10-19 17:07:30,259 kb/s
2024-10-19 17:08:00,171 b/s
2024-10-19 17:08:30,35.8 kb/s
2024-10-19 17:09:00,182 kb/s
2024-10-19 17:09:30,546 kb/s
2024-10-19 17:10:00,31.5 kb/s
2024-10-19 17:10:30,422 kb/s
2024-10-19 17:11:00,157 kb/s
2024-10-19 17:11:30,565 kb/s
2024-10-19 17:12:00,406 kb/s
2024-10-19 17:12:30,228 kb/s
2024-10-19 17:13:00,178 kb/s
2024-10-19 17:13:30,29.9 b/s
2024-10-19 17:14:00,162 kb/s
2024-10-19 17:14:30,143 kb/s
2024-10-19 17:15:00,140 kb/s
2024-10-19 17:15:30,135 kb/s
2024-10-19 17:16:00,466 kb/s
2024-10-19 17:16:30,445 kb/s
2024-10-19 17:17:00,393 kb/s
2024-10-19 17:17:30,131 kb/s
2024-10-19 17:18:00,195 kb/s
2024-10-19 17:18:30,314 kb/s
2024-10-19 17:19:00,444 kb/s
2024-10-19 17:19:30,90.7 kb/s
2024-10-19 17:20:00,127 kb/s
2024-10-19 17:20:30,0 b/s
2024-10-19 17:21:00,206 kb/s
2024-10-19 17:21:30,234 kb/s
2024-10-19 17:22:00,336 kb/s
2024-10-19 17:22:30,422 b/s
2024-10-19 17:23:00,74.7 b/s
2024-10-19 17:23:30,74.7 b/s
2024-10-19 17:24:00,0 b/s
2024-10-19 17:24:30,130 kb/s
2024-10-19 17:25:00,141 kb/s
2024-10-19 17:25:30,108 kb/s
2024-10-19 17:26:00,0 b/s
2024-10-19 17:26:30,125 kb/s
2024-10-19 17:27:00,131 kb/s
2024-10-19 17:27:30,133 kb/s
2024-10-19 17:28:00,96.0 b/s
2024-10-19 17:28:30,0 b/s
2024-10-19 17:29:00,495 b/s
2024-10-19 17:29:30,487 kb/s
2024-10-19 17:30:00,564 kb/s
2024-10-19 17:30:30,271 kb/s
2024-10-19 17:31:00,66.9 kb/s
2024-10-19 17:31:30,63.5 kb/s
2024-10-19 17:32:00,64.0 kb/s
2024-10-19 17:32:30,62.8 kb/s
2024-10-19 17:33:00,51.1 kb/s
2024-10-19 17:33:30,678 kb/s
2024-10-19 17:34:00,540 kb/s
2024-10-19 17:34:30,218 kb/s
2024-10-19 17:35:00,234 kb/s
2024-10-19 17:35:30,273 kb/s
2024-10-19 17:36:00,236 kb/s
2024-10-19 17:36:30,218 kb/s
2024-10-19 17:37:00,74.7 b/s
2024-10-19 17:37:30,388 b/s
2024-10-19 17:38:00,239 b/s
2024-10-19 17:38:30,566 kb/s
2024-10-19 17:39:00,550 kb/s
2024-10-19 17:39:30,513 kb/s
2024-10-19 17:40:00,288 kb/s
2024-10-19 17:40:30,61.9 b/s
2024-10-19 17:41:00,423 kb/s
2024-10-19 17:41:30,487 kb/s
2024-10-19 17:42:00,365 kb/s
2024-10-19 17:42:30,204 kb/s
2024-10-19 17:43:00,153 kb/s
2024-10-19 17:43:30,12.7 kb/s
2024-10-19 17:44:00,532 kb/s
2024-10-19 17:44:30,532 kb/s
2024-10-19 17:45:00,679 kb/s
2024-10-19 17:45:30,398 kb/s
2024-10-19 17:46:00,376 kb/s
2024-10-19 17:46:30,314 kb/s
2024-10-19 17:47:00,218 kb/s
2024-10-19 17:47:30,341 kb/s
2024-10-19 17:48:00,114 kb/s
2024-10-19 17:48:30,243 kb/s
2024-10-19 17:49:00,209 kb/s
2024-10-19 17:49:30,22.3 kb/s
2024-10-19 17:50:00,727 kb/s
2024-10-19 17:50:30,489 kb/s
2024-10-19 17:51:00,467 kb/s
2024-10-19 17:51:30,22.1 kb/s
2024-10-19 17:52:00,276 kb/s
2024-10-19 17:52:30,180 kb/s
2024-10-19 17:53:00,860 kb/s
2024-10-19 17:53:30,437 kb/s
2024-10-19 17:54:00,481 kb/s
2024-10-19 17:54:30,382 kb/s
2024-10-19 17:55:00,582 kb/s
2024-10-19 17:55:30,386 kb/s
2024-10-19 17:56:00,151 kb/s
2024-10-19 17:56:30,251 kb/s
2024-10-19 17:57:00,29.9 b/s
2024-10-19 17:57:30,549 kb/s
2024-10-19 17:58:00,422 kb/s
2024-10-19 17:58:30,259 kb/s
2024-10-19 17:59:00,282 kb/s
2024-10-19 17:59:30,686 kb/s
2024-10-19 18:00:00,593 kb/s
2024-10-19 18:00:30,495 kb/s
2024-10-19 18:01:00,107 kb/s
2024-10-19 18:01:30,874 b/s
2024-10-19 18:02:00,471 kb/s
2024-10-19 18:02:30,337 kb/s
2024-10-19 18:03:00,439 kb/s
2024-10-19 18:03:30,300 kb/s
2024-10-19 18:04:00,647 b/s
2024-10-19 18:04:30,139 kb/s
2024-10-19 18:05:00,116 kb/s
2024-10-19 18:05:30,306 kb/s
2024-10-19 18:06:00,644 kb/s
2024-10-19 18:06:30,243 kb/s
2024-10-19 18:07:00,385 kb/s
2024-10-19 18:07:30,192 b/s
2024-10-19 18:08:00,273 b/s
2024-10-19 18:08:30,302 kb/s
2024-10-19 18:09:00,51.0 kb/s
2024-10-19 18:09:30,128 kb/s
2024-10-19 18:10:00,294 kb/s
2024-10-19 18:10:30,246 kb/s
2024-10-19 18:11:00,268 b/s
2024-10-19 18:11:30,404 kb/s
2024-10-19 18:12:00,509 kb/s
2024-10-19 18:12:30,344 kb/s
2024-10-19 18:13:00,338 kb/s
2024-10-19 18:13:30,522 kb/s
2024-10-19 18:14:00,681 kb/s
2024-10-19 18:14:30,490 kb/s
2024-10-19 18:15:00,207 kb/s
2024-10-19 18:15:30,328 kb/s
2024-10-19 18:16:00,265 kb/s
2024-10-19 18:16:30,142 kb/s
2024-10-19 18:17:00,26.4 kb/s
2024-10-19 18:17:30,121 kb/s
2024-10-19 18:18:00,222 b/s
2024-10-19 18:18:30,121 kb/s
2024-10-19 18:19:00,669 b/s
2024-10-19 18:19:30,0 b/s
2024-10-19 18:20:00,74.7 b/s
2024-10-19 18:20:30,0 b/s
2024-10-19 18:21:00,307 kb/s
2024-10-19 18:21:30,319 kb/s
2024-10-19 18:22:00,60.6 kb/s
2024-10-19 18:22:30,112 kb/s
2024-10-19 18:23:00,5.12 kb/s
2024-10-19 18:23:30,0 b/s
2024-10-19 18:24:00,21.3 b/s
2024-10-19 18:24:30,230 b/s
2024-10-19 18:25:00,255 kb/s
2024-10-19 18:25:30,477 kb/s
2024-10-19 18:26:00,639 kb/s
2024-10-19 18:26:30,269 kb/s
2024-10-19 18:27:00,298 kb/s
2024-10-19 18:27:30,0 b/s
2024-10-19 18:28:00,166 kb/s
2024-10-19 18:28:30,466 kb/s
2024-10-19 18:29:00,451 kb/s
2024-10-19 18:29:30,304 kb/s
2024-10-19 18:30:00,265 b/s
2024-10-19 18:30:30,20.3 kb/s
2024-10-19 18:31:00,497 kb/s
2024-10-19 18:31:30,205 kb/s
2024-10-19 18:32:00,219 kb/s
2024-10-19 18:32:30,134 kb/s
2024-10-19 18:33:00,151 kb/s
2024-10-19 18:33:30,201 kb/s
2024-10-19 18:34:00,313 kb/s
2024-10-19 18:34:30,616 kb/s
2024-10-19 18:35:00,454 kb/s
2024-10-19 18:35:30,634 kb/s
2024-10-19 18:36:00,166 kb/s
2024-10-19 18:36:30,392 kb/s
2024-10-19 18:37:00,628 kb/s
2024-10-19 18:37:30,149 kb/s
2024-10-19 18:38:00,481 kb/s
2024-10-19 18:38:30,191 kb/s
2024-10-19 18:39:00,185 kb/s
2024-10-19 18:39:30,126 b/s
2024-10-19 18:40:00,273 kb/s
2024-10-19 18:40:30,98.4 kb/s
2024-10-19 18:41:00,45.4 kb/s
2024-10-19 18:41:30,63.9 kb/s
2024-10-19 18:42:00,236 kb/s
2024-10-19 18:42:30,445 kb/s
2024-10-19 18:43:00,571 kb/s
2024-10-19 18:43:30,634 kb/s
2024-10-19 18:44:00,789 kb/s
2024-10-19 18:44:30,309 kb/s
2024-10-19 18:45:00,316 kb/s
2024-10-19 18:45:30,301 kb/s
2024-10-19 18:46:00,523 kb/s
2024-10-19 18:46:30,364 kb/s
2024-10-19 18:47:00,655 kb/s
2024-10-19 18:47:30,551 kb/s
2024-10-19 18:48:00,438 kb/s
2024-10-19 18:48:30,508 kb/s
2024-10-19 18:49:00,837 b/s
2024-10-19 18:49:30,102 kb/s
2024-10-19 18:50:00,168 kb/s
2024-10-19 18:50:30,119 kb/s
2024-10-19 18:51:00,497 kb/s
2024-10-19 18:51:30,475 kb/s
2024-10-19 18:52:00,176 kb/s
2024-10-19 18:52:30,88.6 kb/s
2024-10-19 18:53:00,114 kb/s
2024-10-19 18:53:30,507 kb/s
2024-10-19 18:54:00,487 kb/s
2024-10-19 18:54:30,335 kb/s
2024-10-19 18:55:00,250 kb/s
2024-10-19 18:55:30,44.5 kb/s
2024-10-19 18:56:00,307 kb/s
2024-10-19 18:56:30,196 b/s
2024-10-19 18:57:00,230 b/s
2024-10-19 18:57:30,472 kb/s
2024-10-19 18:58:00,209 kb/s
2024-10-19 18:58:30,127 kb/s
2024-10-19 18:59:00,180 kb/s
2024-10-19 18:59:30,141 kb/s
2024-10-19 19:00:00,42.7 b/s
2024-10-19 19:00:30,503 b/s
2024-10-19 19:01:00,265 b/s
2024-10-19 19:01:30,326 kb/s
2024-10-19 19:02:00,495 kb/s
2024-10-19 19:02:30,300 kb/s
2024-10-19 19:03:00,192 b/s
2024-10-19 19:03:30,573 b/s
2024-10-19 19:04:00,343 kb/s
2024-10-19 19:04:30,412 kb/s
2024-10-19 19:05:00,312 kb/s
2024-10-19 19:05:30,428 kb/s
2024-10-19 19:06:00,158 kb/s
2024-10-19 19:06:30,248 kb/s
2024-10-19 19:07:00,167 kb/s
2024-10-19 19:07:30,131 kb/s
2024-10-19 19:08:00,136 kb/s
2024-10-19 19:08:30,121 kb/s
2024-10-19 19:09:00,102 kb/s
2024-10-19 19:09:30,440 kb/s
2024-10-19 19:10:00,377 kb/s
2024-10-19 19:10:30,467 kb/s
2024-10-19 19:11:00,0 b/s
2024-10-19 19:11:30,557 kb/s
2024-10-19 19:12:00,448 kb/s
2024-10-19 19:12:30,239 b/s
2024-10-19 19:13:00,0 b/s
2024-10-19 19:13:30,0 b/s
2024-10-19 19:14:00,222 kb/s
2024-10-19 19:14:30,400 kb/s
2024-10-19 19:15:00,753 kb/s
2024-10-19 19:15:30,238 kb/s
2024-10-19 19:16:00,96.0 b/s
2024-10-19 19:16:30,573 b/s
2024-10-19 19:17:00,305 b/s
2024-10-19 19:17:30,266 kb/s
2024-10-19 19:18:00,511 kb/s
2024-10-19 19:18:30,243 kb/s
2024-10-19 19:19:00,363 b/s
2024-10-19 19:19:30,0 b/s
2024-10-19 19:20:00,0 b/s
2024-10-19 19:20:30,472 kb/s
2024-10-19 19:21:00,442 kb/s
2024-10-19 19:21:30,374 kb/s
2024-10-19 19:22:00,372 kb/s
2024-10-19 19:22:30,434 kb/s
2024-10-19 19:23:00,356 kb/s
2024-10-19 19:23:30,322 kb/s
2024-10-19 19:24:00,419 kb/s
2024-10-19 19:24:30,179 kb/s
2024-10-19 19:25:00,228 b/s
2024-10-19 19:25:30,75.1 kb/s
2024-10-19 19:26:00,421 kb/s
2024-10-19 19:26:30,431 kb/s
2024-10-19 19:27:00,156 kb/s
2024-10-19 19:27:30,241 kb/s
2024-10-19 19:28:00,109 kb/s
2024-10-19 19:28:30,128 kb/s
2024-10-19 19:29:00,118 kb/s
2024-10-19 19:29:30,381 kb/s
2024-10-19 19:30:00,171 kb/s
2024-10-19 19:30:30,460 kb/s
2024-10-19 19:31:00,414 kb/s
2024-10-19 19:31:30,571 kb/s
2024-10-19 19:32:00,692 kb/s
2024-10-19 19:32:30,651 kb/s
2024-10-19 19:33:00,450 kb/s
2024-10-19 19:33:30,124 kb/s
2024-10-19 19:34:00,279 kb/s
2024-10-19 19:34:30,553 kb/s
2024-10-19 19:35:00,203 b/s
2024-10-19 19:35:30,230 b/s
2024-10-19 19:36:00,519 kb/s
2024-10-19 19:36:30,114 kb/s
2024-10-19 19:37:00,80.3 kb/s
2024-10-19 19:37:30,80.3 kb/s
2024-10-19 19:38:00,51.3 kb/s
2024-10-19 19:38:30,6.76 kb/s
2024-10-19 19:39:00,54.7 kb/s
2024-10-19 19:39:30,117 kb/s
2024-10-19 19:40:00,236 kb/s
2024-10-19 19:40:30,388 kb/s
2024-10-19 19:41:00,402 kb/s
2024-10-19 19:41:30,319 kb/s
2024-10-19 19:42:00,32.7 kb/s
2024-10-19 19:42:30,145 kb/s
2024-10-19 19:43:00,104 kb/s
2024-10-19 19:43:30,286 kb/s
2024-10-19 19:44:00,848 kb/s
2024-10-19 19:44:30,380 kb/s
2024-10-19 19:45:00,230 kb/s
2024-10-19 19:45:30,356 kb/s
2024-10-19 19:46:00,529 kb/s
2024-10-19 19:46:30,403 kb/s
2024-10-19 19:47:00,174 kb/s
2024-10-19 19:47:30,190 kb/s
2024-10-19 19:48:00,220 kb/s
2024-10-19 19:48:30,103 kb/s
2024-10-19 19:49:00,77.2 kb/s
2024-10-19 19:49:30,96 b/s
2024-10-19 19:50:00,222 b/s
2024-10-19 19:50:30,269 kb/s
2024-10-19 19:51:00,392 kb/s
2024-10-19 19:51:30,402 kb/s
2024-10-19 19:52:00,601 kb/s
2024-10-19 19:52:30,110 kb/s
2024-10-19 19:53:00,205 kb/s
2024-10-19 19:53:30,212 kb/s
2024-10-19 19:54:00,25.5 kb/s
2024-10-19 19:54:30,26.4 kb/s
2024-10-19 19:55:00,244 kb/s
2024-10-19 19:55:30,239 kb/s
2024-10-19 19:56:00,689 kb/s
2024-10-19 19:56:30,96 b/s
2024-10-19 19:57:00,0 b/s
2024-10-19 19:57:30,21.3 b/s
2024-10-19 19:58:00,230 b/s
2024-10-19 19:58:30,96 b/s
2024-10-19 19:59:00,175 kb/s
2024-10-19 19:59:30,415 kb/s
2024-10-19 20:00:00,423 kb/s
2024-10-19 20:00:30,335 b/s
2024-10-19 20:01:00,215 kb/s
2024-10-19 20:01:30,197 kb/s
2024-10-19 20:02:00,19.4 kb/s
2024-10-19 20:02:30,590 kb/s
2024-10-19 20:03:00,528 kb/s
2024-10-19 20:03:30,618 kb/s
2024-10-19 20:04:00,183 kb/s
2024-10-19 20:04:30,221 kb/s
2024-10-19 20:05:00,391 kb/s
2024-10-19 20:05:30,547 kb/s
2024-10-19 20:06:00,319 kb/s
2024-10-19 20:06:30,388 kb/s
2024-10-19 20:07:00,74.7 b/s
2024-10-19 20:07:30,239 b/s
2024-10-19 20:08:00,97.9 kb/s
2024-10-19 20:08:30,463 kb/s
2024-10-19 20:09:00,213 kb/s
2024-10-19 20:09:30,260 kb/s
2024-10-19 20:10:00,425 kb/s
2024-10-19 20:10:30,347 kb/s
2024-10-19 20:11:00,436 b/s
2024-10-19 20:11:30,163 kb/s
2024-10-19 20:12:00,86.3 kb/s
2024-10-19 20:12:30,557 b/s
2024-10-19 20:13:00,605 kb/s
2024-10-19 20:13:30,563 kb/s
2024-10-19 20:14:00,491 kb/s
2024-10-19 20:14:30,160 kb/s
2024-10-19 20:15:00,0 b/s
2024-10-19 20:15:30,96 b/s
2024-10-19 20:16:00,452 b/s
2024-10-19 20:16:30,364 kb/s
2024-10-19 20:17:00,169 kb/s
2024-10-19 20:17:30,18.6 kb/s
2024-10-19 20:18:00,280 kb/s
2024-10-19 20:18:30,440 kb/s
2024-10-19 20:19:00,138 kb/s
2024-10-19 20:19:30,24.3 kb/s
2024-10-19 20:20:00,230 b/s
2024-10-19 20:20:30,0 b/s
2024-10-19 20:21:00,19.9 kb/s
2024-10-19 20:21:30,252 kb/s