"Time","payload_data_details_inactiveTime {Aptech=""wifi"", mac_address=""c8:3a:35:a4:06:9d""}"
2024-10-18 20:21:30,4.33 ms
2024-10-18 20:22:00,10 ms
2024-10-18 20:22:30,76.7 ms
2024-10-18 20:23:00,269 ms
2024-10-18 20:23:30,109 ms
2024-10-18 20:24:00,136 ms
2024-10-18 20:24:30,259 ms
2024-10-18 20:25:30,13.0 ms
2024-10-18 20:26:00,11.7 ms
2024-10-18 20:26:30,7.67 ms
2024-10-18 20:27:00,72.7 ms
2024-10-18 20:27:30,143 ms
2024-10-18 20:28:00,14.1 ms
2024-10-18 20:28:30,109 ms
2024-10-18 20:29:00,33.8 ms
2024-10-18 20:29:30,3.83 ms
2024-10-18 20:30:00,3.83 ms
2024-10-18 20:30:30,7.50 ms
2024-10-18 20:31:00,25.5 ms
2024-10-18 20:31:30,112 ms
2024-10-18 20:32:00,12.5 ms
2024-10-18 20:32:30,46.6 ms
2024-10-18 20:33:00,7 ms
2024-10-18 20:33:30,8.50 ms
2024-10-18 20:34:00,70.5 ms
2024-10-18 20:34:30,72.8 ms
2024-10-18 20:35:00,9.17 ms
2024-10-18 20:35:30,4.17 ms
2024-10-18 20:36:00,2.83 ms
2024-10-18 20:36:30,3.38 ms
2024-10-18 20:37:30,126 ms
2024-10-18 20:38:00,201 ms
2024-10-18 20:38:30,216 ms
2024-10-18 20:39:00,237 ms
2024-10-18 20:39:30,9.17 ms
2024-10-18 20:40:00,5.74 ms
2024-10-18 20:40:30,5.50 ms
2024-10-18 20:41:00,13.2 ms
2024-10-18 20:41:30,54.2 ms
2024-10-18 20:42:00,90.8 ms
2024-10-18 20:42:30,38.5 ms
2024-10-18 20:43:00,88.3 ms
2024-10-18 20:43:30,5.04 ms
2024-10-18 20:44:00,4.67 ms
2024-10-18 20:44:30,3.83 ms
2024-10-18 20:45:00,239 ms
2024-10-18 20:45:30,218 ms
2024-10-18 20:46:00,287 ms
2024-10-18 20:46:30,259 ms
2024-10-18 20:47:00,99.1 ms
2024-10-18 20:47:30,147 ms
2024-10-18 20:48:00,208 ms
2024-10-18 20:48:30,222 ms
2024-10-18 20:49:30,261 ms
2024-10-18 20:50:00,182 ms
2024-10-18 20:50:30,34.8 ms
2024-10-18 20:51:00,129 ms
2024-10-18 20:51:30,15.2 ms
2024-10-18 20:52:00,14 ms
2024-10-18 20:52:30,225 ms
2024-10-18 20:53:00,272 ms
2024-10-18 20:53:30,238 ms
2024-10-18 20:54:00,19.5 ms
2024-10-18 20:54:30,17.5 ms
2024-10-18 20:55:00,15.7 ms
2024-10-18 20:55:30,129 ms
2024-10-18 20:56:00,22.6 ms
2024-10-18 20:56:30,254 ms
2024-10-18 20:57:00,18.3 ms
2024-10-18 20:57:30,36.8 ms
2024-10-18 20:58:00,198 ms
2024-10-18 20:58:30,209 ms
2024-10-18 20:59:00,239 ms
2024-10-18 20:59:30,238 ms
2024-10-18 21:00:00,181 ms
2024-10-18 21:00:30,11 ms
2024-10-18 21:01:00,10.2 ms
2024-10-18 21:01:30,12 ms
2024-10-18 21:02:00,25.8 ms
2024-10-18 21:02:30,41.7 ms
2024-10-18 21:03:00,125 ms
2024-10-18 21:03:30,234 ms
2024-10-18 21:04:00,232 ms
2024-10-18 21:04:30,224 ms
2024-10-18 21:05:00,264 ms
2024-10-18 21:05:30,203 ms
2024-10-18 21:06:00,233 ms
2024-10-18 21:06:30,9 ms
2024-10-18 21:07:00,6.33 ms
2024-10-18 21:07:30,4.17 ms
2024-10-18 21:08:00,4.70 ms
2024-10-18 21:08:30,201 ms
2024-10-18 21:09:00,259 ms
2024-10-18 21:09:30,254 ms
2024-10-18 21:10:00,202 ms
2024-10-18 21:10:30,106 ms
2024-10-18 21:11:00,148 ms
2024-10-18 21:11:30,251 ms
2024-10-18 21:12:00,238 ms
2024-10-18 21:12:30,285 ms
2024-10-18 21:13:00,14.7 ms
2024-10-18 21:13:30,27.2 ms
2024-10-18 21:14:00,8.83 ms
2024-10-18 21:14:30,10.5 ms
2024-10-18 21:15:00,12.2 ms
2024-10-18 21:15:30,169 ms
2024-10-18 21:16:00,70 ms
2024-10-18 21:16:30,4 ms
2024-10-18 21:17:00,6 ms
2024-10-18 21:17:30,125 ms
2024-10-18 21:18:00,3.83 ms
2024-10-18 21:18:30,3.83 ms
2024-10-18 21:19:00,7.17 ms
2024-10-18 21:19:30,6.67 ms
2024-10-18 21:20:00,9.50 ms
2024-10-18 21:20:30,10.2 ms
2024-10-18 21:21:00,200 ms
2024-10-18 21:21:30,5.17 ms
2024-10-18 21:22:00,206 ms
2024-10-18 21:22:30,209 ms
2024-10-18 21:23:00,268 ms
2024-10-18 21:23:30,212 ms
2024-10-18 21:24:00,221 ms
2024-10-18 21:24:30,13.5 ms
2024-10-18 21:25:30,3.80 ms
2024-10-18 21:26:00,8.33 ms
2024-10-18 21:26:30,31.2 ms
2024-10-18 21:27:00,99 ms
2024-10-18 21:27:30,98.8 ms
2024-10-18 21:28:00,72.8 ms
2024-10-18 21:28:30,271 ms
2024-10-18 21:29:00,7.83 ms
2024-10-18 21:29:30,6.83 ms
2024-10-18 21:30:00,49 ms
2024-10-18 21:30:30,165 ms
2024-10-18 21:31:00,67.2 ms
2024-10-18 21:31:30,30.3 ms
2024-10-18 21:32:00,42 ms
2024-10-18 21:32:30,26.5 ms
2024-10-18 21:33:00,278 ms
2024-10-18 21:33:30,41.2 ms
2024-10-18 21:34:00,17.7 ms
2024-10-18 21:34:30,54.5 ms
2024-10-18 21:35:00,6.67 ms
2024-10-18 21:35:30,3.67 ms
2024-10-18 21:36:00,4 ms
2024-10-18 21:36:30,3.38 ms
2024-10-18 21:37:00,280 ms
2024-10-18 21:37:30,139 ms
2024-10-18 21:38:00,21.3 ms
2024-10-18 21:38:30,125 ms
2024-10-18 21:39:00,115 ms
2024-10-18 21:39:30,10.2 ms
2024-10-18 21:40:00,150 ms
2024-10-18 21:40:30,28.3 ms
2024-10-18 21:41:00,5.67 ms
2024-10-18 21:41:30,2.83 ms
2024-10-18 21:42:00,3.83 ms
2024-10-18 21:42:30,159 ms
2024-10-18 21:43:00,5 ms
2024-10-18 21:43:30,4.83 ms
2024-10-18 21:44:00,4.67 ms
2024-10-18 21:44:30,274 ms
2024-10-18 21:45:00,32.5 ms
2024-10-18 21:45:30,5 ms
2024-10-18 21:46:00,7.50 ms
2024-10-18 21:46:30,15.3 ms
2024-10-18 21:47:00,84.3 ms
2024-10-18 21:47:30,275 ms
2024-10-18 21:48:00,212 ms
2024-10-18 21:48:30,269 ms
2024-10-18 21:49:00,232 ms
2024-10-18 21:49:30,56.5 ms
2024-10-18 21:50:00,23 ms
2024-10-18 21:50:30,34.4 ms
2024-10-18 21:51:00,117 ms
2024-10-18 21:51:30,198 ms
2024-10-18 21:52:00,235 ms
2024-10-18 21:52:30,286 ms
2024-10-18 21:53:00,214 ms
2024-10-18 21:53:30,198 ms
2024-10-18 21:54:00,6 ms
2024-10-18 21:54:30,7.83 ms
2024-10-18 21:55:00,118 ms
2024-10-18 21:55:30,47.3 ms
2024-10-18 21:56:00,4.50 ms
2024-10-18 21:56:30,5.23 ms
2024-10-18 21:57:00,147 ms
2024-10-18 21:57:30,6.17 ms
2024-10-18 21:58:00,3.65 ms
2024-10-18 21:58:30,122 ms
2024-10-18 21:59:00,102 ms
2024-10-18 21:59:30,5.67 ms
2024-10-18 22:00:00,7.67 ms
2024-10-18 22:00:30,15.8 ms
2024-10-18 22:01:00,245 ms
2024-10-18 22:01:30,7.17 ms
2024-10-18 22:02:00,8.50 ms
2024-10-18 22:02:30,155 ms
2024-10-18 22:03:00,254 ms
2024-10-18 22:03:30,210 ms
2024-10-18 22:04:00,204 ms
2024-10-18 22:04:30,208 ms
2024-10-18 22:05:00,218 ms
2024-10-18 22:05:30,210 ms
2024-10-18 22:06:00,238 ms
2024-10-18 22:06:30,90 ms
2024-10-18 22:07:00,4.67 ms
2024-10-18 22:07:30,50.1 ms
2024-10-18 22:08:00,130 ms
2024-10-18 22:08:30,2.17 ms
2024-10-18 22:09:00,3.33 ms
2024-10-18 22:09:30,151 ms
2024-10-18 22:10:00,264 ms
2024-10-18 22:10:30,208 ms
2024-10-18 22:11:00,260 ms
2024-10-18 22:11:30,250 ms
2024-10-18 22:12:00,72.2 ms
2024-10-18 22:12:30,7.69 ms
2024-10-18 22:13:00,5.33 ms
2024-10-18 22:13:30,2.50 ms
2024-10-18 22:14:00,3.83 ms
2024-10-18 22:14:30,179 ms
2024-10-18 22:15:00,233 ms
2024-10-18 22:15:30,32.2 ms
2024-10-18 22:16:00,8.17 ms
2024-10-18 22:16:30,3.33 ms
2024-10-18 22:17:00,3.67 ms
2024-10-18 22:17:30,5.67 ms
2024-10-18 22:18:00,198 ms
2024-10-18 22:18:30,264 ms
2024-10-18 22:19:00,195 ms
2024-10-18 22:19:30,136 ms
2024-10-18 22:20:00,6.43 ms
2024-10-18 22:20:30,6.29 ms
2024-10-18 22:21:30,152 ms
2024-10-18 22:22:00,27.5 ms
2024-10-18 22:22:30,189 ms
2024-10-18 22:23:00,266 ms
2024-10-18 22:23:30,295 ms
2024-10-18 22:24:00,236 ms
2024-10-18 22:24:30,165 ms
2024-10-18 22:25:00,4.25 ms
2024-10-18 22:25:30,6 ms
2024-10-18 22:26:00,4.33 ms
2024-10-18 22:26:30,40.5 ms
2024-10-18 22:27:00,15.7 ms
2024-10-18 22:27:30,11 ms
2024-10-18 22:28:00,8.33 ms
2024-10-18 22:28:30,9.23 ms
2024-10-18 22:29:00,23.5 ms
2024-10-18 22:29:30,32.8 ms
2024-10-18 22:30:00,67.7 ms
2024-10-18 22:30:30,269 ms
2024-10-18 22:31:00,22.8 ms
2024-10-18 22:31:30,4.50 ms
2024-10-18 22:32:00,3.67 ms
2024-10-18 22:32:30,2.46 ms
2024-10-18 22:33:00,87.5 ms
2024-10-18 22:33:30,104 ms
2024-10-18 22:34:00,48.2 ms
2024-10-18 22:34:30,16.7 ms
2024-10-18 22:35:00,19.3 ms
2024-10-18 22:35:30,57.8 ms
2024-10-18 22:36:00,116 ms
2024-10-18 22:36:30,93.3 ms
2024-10-18 22:37:00,4.83 ms
2024-10-18 22:37:30,6.43 ms
2024-10-18 22:38:00,3.67 ms
2024-10-18 22:38:30,24.2 ms
2024-10-18 22:39:00,29.5 ms
2024-10-18 22:39:30,165 ms
2024-10-18 22:40:00,302 ms
2024-10-18 22:40:30,131 ms
2024-10-18 22:41:00,105 ms
2024-10-18 22:41:30,8 ms
2024-10-18 22:42:00,11.7 ms
2024-10-18 22:42:30,28.8 ms
2024-10-18 22:43:00,210 ms
2024-10-18 22:43:30,222 ms
2024-10-18 22:44:00,154 ms
2024-10-18 22:44:30,32.9 ms
2024-10-18 22:45:00,4.67 ms
2024-10-18 22:45:30,6.67 ms
2024-10-18 22:46:00,71.2 ms
2024-10-18 22:46:30,37.5 ms
2024-10-18 22:47:00,3.48 ms
2024-10-18 22:47:30,23.7 ms
2024-10-18 22:48:00,109 ms
2024-10-18 22:48:30,215 ms
2024-10-18 22:49:30,274 ms
2024-10-18 22:50:00,219 ms
2024-10-18 22:50:30,275 ms
2024-10-18 22:51:00,222 ms
2024-10-18 22:51:30,147 ms
2024-10-18 22:52:00,10.7 ms
2024-10-18 22:52:30,9.23 ms
2024-10-18 22:53:00,8 ms
2024-10-18 22:53:30,11.8 ms
2024-10-18 22:54:00,13.5 ms
2024-10-18 22:54:30,104 ms
2024-10-18 22:55:00,297 ms
2024-10-18 22:55:30,182 ms
2024-10-18 22:56:00,215 ms
2024-10-18 22:56:30,18.9 ms
2024-10-18 22:57:00,298 ms
2024-10-18 22:57:30,275 ms
2024-10-18 22:58:00,274 ms
2024-10-18 22:58:30,223 ms
2024-10-18 22:59:00,230 ms
2024-10-18 22:59:30,99.2 ms
2024-10-18 23:00:00,154 ms
2024-10-18 23:00:30,232 ms
2024-10-18 23:01:30,10.9 ms
2024-10-18 23:02:00,9.33 ms
2024-10-18 23:02:30,105 ms
2024-10-18 23:03:00,149 ms
2024-10-18 23:03:30,33.3 ms
2024-10-18 23:04:00,262 ms
2024-10-18 23:04:30,188 ms
2024-10-18 23:05:00,3.83 ms
2024-10-18 23:05:30,5.67 ms
2024-10-18 23:06:00,4.83 ms
2024-10-18 23:06:30,5.50 ms
2024-10-18 23:07:00,53.8 ms
2024-10-18 23:07:30,198 ms
2024-10-18 23:08:00,66.2 ms
2024-10-18 23:08:30,8.17 ms
2024-10-18 23:09:00,8.17 ms
2024-10-18 23:09:30,5.83 ms
2024-10-18 23:10:00,268 ms
2024-10-18 23:10:30,221 ms
2024-10-18 23:11:00,170 ms
2024-10-18 23:11:30,41.8 ms
2024-10-18 23:12:00,39.7 ms
2024-10-18 23:12:30,28.7 ms
2024-10-18 23:13:00,129 ms
2024-10-18 23:13:30,239 ms
2024-10-18 23:14:00,224 ms
2024-10-18 23:14:30,259 ms
2024-10-18 23:15:00,188 ms
2024-10-18 23:15:30,263 ms
2024-10-18 23:16:00,98.4 ms
2024-10-18 23:16:30,249 ms
2024-10-18 23:17:00,196 ms
2024-10-18 23:17:30,269 ms
2024-10-18 23:18:00,210 ms
2024-10-18 23:18:30,314 ms
2024-10-18 23:19:00,171 ms
2024-10-18 23:19:30,23.2 ms
2024-10-18 23:20:00,17.0 ms
2024-10-18 23:20:30,14.6 ms
2024-10-18 23:21:00,60.9 ms
2024-10-18 23:21:30,5.57 ms
2024-10-18 23:22:00,5.17 ms
2024-10-18 23:22:30,7.50 ms
2024-10-18 23:23:00,126 ms
2024-10-18 23:23:30,16.8 ms
2024-10-18 23:24:00,24.2 ms
2024-10-18 23:24:30,43.2 ms
2024-10-18 23:25:00,121 ms
2024-10-18 23:25:30,9 ms
2024-10-18 23:26:00,12.2 ms
2024-10-18 23:26:30,50.7 ms
2024-10-18 23:27:00,94.8 ms
2024-10-18 23:27:30,46.3 ms
2024-10-18 23:28:00,218 ms
2024-10-18 23:28:30,48.8 ms
2024-10-18 23:29:00,52.2 ms
2024-10-18 23:29:30,9.67 ms
2024-10-18 23:30:00,102 ms
2024-10-18 23:30:30,4.67 ms
2024-10-18 23:31:00,8.50 ms
2024-10-18 23:31:30,250 ms
2024-10-18 23:32:00,45.5 ms
2024-10-18 23:32:30,55.5 ms
2024-10-18 23:33:00,111 ms
2024-10-18 23:33:30,25.3 ms
2024-10-18 23:34:00,4.17 ms
2024-10-18 23:34:30,8.33 ms
2024-10-18 23:35:00,6.83 ms
2024-10-18 23:35:30,55.2 ms
2024-10-18 23:36:00,108 ms
2024-10-18 23:36:30,77.4 ms
2024-10-18 23:37:00,11.1 ms
2024-10-18 23:37:30,86.2 ms
2024-10-18 23:38:00,260 ms
2024-10-18 23:38:30,275 ms
2024-10-18 23:39:00,209 ms
2024-10-18 23:39:30,170 ms
2024-10-18 23:40:00,77.5 ms
2024-10-18 23:40:30,327 ms
2024-10-18 23:41:00,181 ms
2024-10-18 23:41:30,246 ms
2024-10-18 23:42:00,165 ms
2024-10-18 23:42:30,11 ms
2024-10-18 23:43:00,10.4 ms
2024-10-18 23:43:30,7.50 ms
2024-10-18 23:44:00,94.3 ms
2024-10-18 23:44:30,57.7 ms
2024-10-18 23:45:00,9 ms
2024-10-18 23:45:30,122 ms
2024-10-18 23:46:00,2 ms
2024-10-18 23:46:30,2.43 ms
2024-10-18 23:47:00,261 ms
2024-10-18 23:47:30,200 ms
2024-10-18 23:48:00,137 ms
2024-10-18 23:48:30,255 ms
2024-10-18 23:49:00,57.3 ms
2024-10-18 23:49:30,43.2 ms
2024-10-18 23:50:00,61.8 ms
2024-10-18 23:50:30,36.8 ms
2024-10-18 23:51:00,83.7 ms
2024-10-18 23:51:30,150 ms
2024-10-18 23:52:00,22.8 ms
2024-10-18 23:52:30,12.8 ms
2024-10-18 23:53:00,7.67 ms
2024-10-18 23:53:30,43 ms
2024-10-18 23:54:00,186 ms
2024-10-18 23:54:30,12 ms
2024-10-18 23:55:00,11.3 ms
2024-10-18 23:55:30,13.3 ms
2024-10-18 23:56:00,187 ms
2024-10-18 23:56:30,159 ms
2024-10-18 23:57:00,220 ms
2024-10-18 23:57:30,93.7 ms
2024-10-18 23:58:00,4 ms
2024-10-18 23:58:30,3.67 ms
2024-10-18 23:59:00,2.50 ms
2024-10-18 23:59:30,59 ms
2024-10-19 00:00:00,4.83 ms
2024-10-19 00:00:30,113 ms
2024-10-19 00:01:00,255 ms
2024-10-19 00:01:30,15.8 ms
2024-10-19 00:02:00,17.2 ms
2024-10-19 00:02:30,22.5 ms
2024-10-19 00:03:00,57 ms
2024-10-19 00:03:30,41.5 ms
2024-10-19 00:04:00,229 ms
2024-10-19 00:04:30,134 ms
2024-10-19 00:05:00,7.33 ms
2024-10-19 00:05:30,253 ms
2024-10-19 00:06:00,232 ms
2024-10-19 00:06:30,264 ms
2024-10-19 00:07:00,270 ms
2024-10-19 00:07:30,185 ms
2024-10-19 00:08:00,10.2 ms
2024-10-19 00:08:30,13 ms
2024-10-19 00:09:00,104 ms
2024-10-19 00:09:30,60 ms
2024-10-19 00:10:00,9.83 ms
2024-10-19 00:10:30,9.91 ms
2024-10-19 00:11:00,260 ms
2024-10-19 00:11:30,163 ms
2024-10-19 00:12:00,207 ms
2024-10-19 00:12:30,233 ms
2024-10-19 00:13:00,112 ms
2024-10-19 00:13:30,46.7 ms
2024-10-19 00:14:00,133 ms
2024-10-19 00:14:30,206 ms
2024-10-19 00:15:00,242 ms
2024-10-19 00:15:30,224 ms
2024-10-19 00:16:00,84 ms
2024-10-19 00:16:30,47.7 ms
2024-10-19 00:17:30,185 ms
2024-10-19 00:18:00,67.2 ms
2024-10-19 00:18:30,303 ms
2024-10-19 00:19:00,414 ms
2024-10-19 00:19:30,376 ms
2024-10-19 00:20:00,299 ms
2024-10-19 00:20:30,23.8 ms
2024-10-19 00:21:00,125 ms
2024-10-19 00:21:30,216 ms
2024-10-19 00:22:00,85.5 ms
2024-10-19 00:22:30,8.50 ms
2024-10-19 00:23:00,4.83 ms
2024-10-19 00:23:30,16.8 ms
2024-10-19 00:24:00,11.2 ms
2024-10-19 00:24:30,20.2 ms
2024-10-19 00:25:00,119 ms
2024-10-19 00:25:30,125 ms
2024-10-19 00:26:00,112 ms
2024-10-19 00:26:30,5.50 ms
2024-10-19 00:27:00,4.35 ms
2024-10-19 00:27:30,4.17 ms
2024-10-19 00:28:00,6.50 ms
2024-10-19 00:28:30,25.7 ms
2024-10-19 00:29:00,235 ms
2024-10-19 00:29:30,263 ms
2024-10-19 00:30:00,232 ms
2024-10-19 00:30:30,107 ms
2024-10-19 00:31:00,4.17 ms
2024-10-19 00:31:30,2.17 ms
2024-10-19 00:32:00,2.33 ms
2024-10-19 00:32:30,2.83 ms
2024-10-19 00:33:00,14.5 ms
2024-10-19 00:33:30,4.50 ms
2024-10-19 00:34:00,133 ms
2024-10-19 00:34:30,231 ms
2024-10-19 00:35:00,253 ms
2024-10-19 00:35:30,267 ms
2024-10-19 00:36:00,109 ms
2024-10-19 00:36:30,105 ms
2024-10-19 00:37:30,248 ms
2024-10-19 00:38:00,273 ms
2024-10-19 00:38:30,195 ms
2024-10-19 00:39:00,210 ms
2024-10-19 00:39:30,4.50 ms
2024-10-19 00:40:00,190 ms
2024-10-19 00:40:30,269 ms
2024-10-19 00:41:00,260 ms
2024-10-19 00:41:30,84.5 ms
2024-10-19 00:42:00,13.3 ms
2024-10-19 00:42:30,12.3 ms
2024-10-19 00:43:00,54.8 ms
2024-10-19 00:43:30,242 ms
2024-10-19 00:44:00,205 ms
2024-10-19 00:44:30,253 ms
2024-10-19 00:45:00,203 ms
2024-10-19 00:45:30,238 ms
2024-10-19 00:46:00,213 ms
2024-10-19 00:46:30,5.39 ms
2024-10-19 00:47:00,193 ms
2024-10-19 00:47:30,201 ms
2024-10-19 00:48:00,243 ms
2024-10-19 00:48:30,297 ms
2024-10-19 00:49:00,78.1 ms
2024-10-19 00:49:30,76.7 ms
2024-10-19 00:50:00,111 ms
2024-10-19 00:50:30,39.5 ms
2024-10-19 00:51:00,40.7 ms
2024-10-19 00:51:30,7.83 ms
2024-10-19 00:52:00,5.83 ms
2024-10-19 00:52:30,4 ms
2024-10-19 00:53:00,5.17 ms
2024-10-19 00:53:30,98.2 ms
2024-10-19 00:54:00,4.50 ms
2024-10-19 00:54:30,5.39 ms
2024-10-19 00:55:00,2.50 ms
2024-10-19 00:55:30,9 ms
2024-10-19 00:56:00,138 ms
2024-10-19 00:56:30,39.1 ms
2024-10-19 00:57:30,280 ms
2024-10-19 00:58:00,123 ms
2024-10-19 00:58:30,29.7 ms
2024-10-19 00:59:00,30.8 ms
2024-10-19 00:59:30,10.2 ms
2024-10-19 01:00:00,116 ms
2024-10-19 01:00:30,212 ms
2024-10-19 01:01:00,25.6 ms
2024-10-19 01:01:30,102 ms
2024-10-19 01:02:00,36.5 ms
2024-10-19 01:02:30,73.3 ms
2024-10-19 01:03:00,6.50 ms
2024-10-19 01:03:30,8.17 ms
2024-10-19 01:04:00,1.83 ms
2024-10-19 01:04:30,4.92 ms
2024-10-19 01:05:30,5.83 ms
2024-10-19 01:06:00,9 ms
2024-10-19 01:06:30,47.2 ms
2024-10-19 01:07:00,3.33 ms
2024-10-19 01:07:30,7.50 ms
2024-10-19 01:08:00,6.09 ms
2024-10-19 01:08:30,6.83 ms
2024-10-19 01:09:00,5.83 ms
2024-10-19 01:09:30,10.3 ms
2024-10-19 01:10:00,8.67 ms
2024-10-19 01:10:30,163 ms
2024-10-19 01:11:00,238 ms
2024-10-19 01:11:30,68.5 ms
2024-10-19 01:12:00,70.5 ms
2024-10-19 01:12:30,24.3 ms
2024-10-19 01:13:00,5.67 ms
2024-10-19 01:13:30,6.33 ms
2024-10-19 01:14:00,4.67 ms
2024-10-19 01:14:30,233 ms
2024-10-19 01:15:00,235 ms
2024-10-19 01:15:30,251 ms
2024-10-19 01:16:00,111 ms
2024-10-19 01:16:30,12.3 ms
2024-10-19 01:17:30,138 ms
2024-10-19 01:18:00,241 ms
2024-10-19 01:18:30,199 ms
2024-10-19 01:19:00,282 ms
2024-10-19 01:19:30,233 ms
2024-10-19 01:20:00,133 ms
2024-10-19 01:20:30,11.1 ms
2024-10-19 01:21:30,32.6 ms
2024-10-19 01:22:00,18 ms
2024-10-19 01:22:30,17.8 ms
2024-10-19 01:23:00,11.2 ms
2024-10-19 01:23:30,10 ms
2024-10-19 01:24:00,70.2 ms
2024-10-19 01:24:30,298 ms
2024-10-19 01:25:30,6.89 ms
2024-10-19 01:26:00,5.33 ms
2024-10-19 01:26:30,7.65 ms
2024-10-19 01:27:00,177 ms
2024-10-19 01:27:30,64.2 ms
2024-10-19 01:28:00,83.8 ms
2024-10-19 01:28:30,122 ms
2024-10-19 01:29:00,28.3 ms
2024-10-19 01:29:30,51 ms
2024-10-19 01:30:00,7.83 ms
2024-10-19 01:30:30,4.83 ms
2024-10-19 01:31:00,41.7 ms
2024-10-19 01:31:30,33.0 ms
2024-10-19 01:32:00,35.2 ms
2024-10-19 01:32:30,47.1 ms
2024-10-19 01:33:30,2.82 ms
2024-10-19 01:34:00,5.04 ms
2024-10-19 01:34:30,216 ms
2024-10-19 01:35:00,220 ms
2024-10-19 01:35:30,36.7 ms
2024-10-19 01:36:00,11.8 ms
2024-10-19 01:36:30,9.67 ms
2024-10-19 01:37:00,5.83 ms
2024-10-19 01:37:30,24 ms
2024-10-19 01:38:00,155 ms
2024-10-19 01:38:30,175 ms
2024-10-19 01:39:00,240 ms
2024-10-19 01:39:30,265 ms
2024-10-19 01:40:00,135 ms
2024-10-19 01:40:30,23.7 ms
2024-10-19 01:41:00,14 ms
2024-10-19 01:41:30,6.61 ms
2024-10-19 01:42:00,2.17 ms
2024-10-19 01:42:30,68.5 ms
2024-10-19 01:43:00,151 ms
2024-10-19 01:43:30,141 ms
2024-10-19 01:44:00,6 ms
2024-10-19 01:44:30,4.92 ms
2024-10-19 01:45:00,4 ms
2024-10-19 01:45:30,82.7 ms
2024-10-19 01:46:00,80.7 ms
2024-10-19 01:46:30,13.8 ms
2024-10-19 01:47:00,13.8 ms
2024-10-19 01:47:30,155 ms
2024-10-19 01:48:00,271 ms
2024-10-19 01:48:30,70.9 ms
2024-10-19 01:49:00,4 ms
2024-10-19 01:49:30,219 ms
2024-10-19 01:50:00,7.67 ms
2024-10-19 01:50:30,5.50 ms
2024-10-19 01:51:00,3.50 ms
2024-10-19 01:51:30,3.67 ms
2024-10-19 01:52:00,3.50 ms
2024-10-19 01:52:30,1.85 ms
2024-10-19 01:53:00,8 ms
2024-10-19 01:53:30,106 ms
2024-10-19 01:54:00,250 ms
2024-10-19 01:54:30,128 ms
2024-10-19 01:55:00,7.33 ms
2024-10-19 01:55:30,2.83 ms
2024-10-19 01:56:00,3.83 ms
2024-10-19 01:56:30,4.92 ms
2024-10-19 01:57:30,321 ms
2024-10-19 01:58:00,182 ms
2024-10-19 01:58:30,283 ms
2024-10-19 01:59:00,135 ms
2024-10-19 01:59:30,4.50 ms
2024-10-19 02:00:00,5.67 ms
2024-10-19 02:00:30,6.77 ms
2024-10-19 02:01:00,171 ms
2024-10-19 02:01:30,15.7 ms
2024-10-19 02:02:00,13.8 ms
2024-10-19 02:02:30,17 ms
2024-10-19 02:03:00,10.3 ms
2024-10-19 02:03:30,11.5 ms
2024-10-19 02:04:00,12.5 ms
2024-10-19 02:04:30,10 ms
2024-10-19 02:05:30,38.4 ms
2024-10-19 02:06:00,32.5 ms
2024-10-19 02:06:30,8.83 ms
2024-10-19 02:07:00,174 ms
2024-10-19 02:07:30,16.5 ms
2024-10-19 02:08:00,18.8 ms
2024-10-19 02:08:30,176 ms
2024-10-19 02:09:00,32.5 ms
2024-10-19 02:09:30,26.4 ms
2024-10-19 02:10:00,72.2 ms
2024-10-19 02:10:30,27 ms
2024-10-19 02:11:00,9.83 ms
2024-10-19 02:11:30,72.5 ms
2024-10-19 02:12:00,35.2 ms
2024-10-19 02:12:30,6 ms
2024-10-19 02:13:00,79.2 ms
2024-10-19 02:13:30,72 ms
2024-10-19 02:14:00,28.8 ms
2024-10-19 02:14:30,43.3 ms
2024-10-19 02:15:00,11.3 ms
2024-10-19 02:15:30,200 ms
2024-10-19 02:16:00,109 ms
2024-10-19 02:16:30,78.7 ms
2024-10-19 02:17:00,217 ms
2024-10-19 02:17:30,4.17 ms
2024-10-19 02:18:00,1.50 ms
2024-10-19 02:18:30,2 ms
2024-10-19 02:19:00,99 ms
2024-10-19 02:19:30,11.7 ms
2024-10-19 02:20:00,48.2 ms
2024-10-19 02:20:30,247 ms
2024-10-19 02:21:00,267 ms
2024-10-19 02:21:30,225 ms
2024-10-19 02:22:00,268 ms
2024-10-19 02:22:30,165 ms
2024-10-19 02:23:00,6.67 ms
2024-10-19 02:23:30,17.7 ms
2024-10-19 02:24:00,19 ms
2024-10-19 02:24:30,6.77 ms
2024-10-19 02:25:30,24 ms
2024-10-19 02:26:00,55.7 ms
2024-10-19 02:26:30,112 ms
2024-10-19 02:27:00,20.5 ms
2024-10-19 02:27:30,59 ms
2024-10-19 02:28:00,278 ms
2024-10-19 02:28:30,8.92 ms
2024-10-19 02:29:30,122 ms
2024-10-19 02:30:00,51.2 ms
2024-10-19 02:30:30,9.33 ms
2024-10-19 02:31:00,16.3 ms
2024-10-19 02:31:30,148 ms
2024-10-19 02:32:00,20 ms
2024-10-19 02:32:30,8.62 ms
2024-10-19 02:33:00,4.62 ms
2024-10-19 02:33:30,3.83 ms
2024-10-19 02:34:00,6.83 ms
2024-10-19 02:34:30,8.83 ms
2024-10-19 02:35:00,89.2 ms
2024-10-19 02:35:30,203 ms
2024-10-19 02:36:00,64.2 ms
2024-10-19 02:36:30,68 ms
2024-10-19 02:37:00,4 ms
2024-10-19 02:37:30,5.22 ms
2024-10-19 02:38:00,5.50 ms
2024-10-19 02:38:30,98.5 ms
2024-10-19 02:39:00,132 ms
2024-10-19 02:39:30,216 ms
2024-10-19 02:40:00,45.7 ms
2024-10-19 02:40:30,2.83 ms
2024-10-19 02:41:00,18.2 ms
2024-10-19 02:41:30,156 ms
2024-10-19 02:42:00,9.50 ms
2024-10-19 02:42:30,12.2 ms
2024-10-19 02:43:00,196 ms
2024-10-19 02:43:30,205 ms
2024-10-19 02:44:00,251 ms
2024-10-19 02:44:30,241 ms
2024-10-19 02:45:00,4.50 ms
2024-10-19 02:45:30,4.33 ms
2024-10-19 02:46:00,4.50 ms
2024-10-19 02:46:30,37.7 ms
2024-10-19 02:47:00,185 ms
2024-10-19 02:47:30,171 ms
2024-10-19 02:48:00,101 ms
2024-10-19 02:48:30,233 ms
2024-10-19 02:49:30,2.83 ms
2024-10-19 02:50:00,2.33 ms
2024-10-19 02:50:30,19 ms
2024-10-19 02:51:00,122 ms
2024-10-19 02:51:30,2.83 ms
2024-10-19 02:52:00,4 ms
2024-10-19 02:52:30,86.8 ms
2024-10-19 02:53:00,233 ms
2024-10-19 02:53:30,255 ms
2024-10-19 02:54:00,198 ms
2024-10-19 02:54:30,253 ms
2024-10-19 02:55:00,125 ms
2024-10-19 02:55:30,196 ms
2024-10-19 02:56:00,55.2 ms
2024-10-19 02:56:30,5.43 ms
2024-10-19 02:57:00,4 ms
2024-10-19 02:57:30,88 ms
2024-10-19 02:58:00,123 ms
2024-10-19 02:58:30,198 ms
2024-10-19 02:59:00,234 ms
2024-10-19 02:59:30,133 ms
2024-10-19 03:00:00,9.83 ms
2024-10-19 03:00:30,154 ms
2024-10-19 03:01:00,46.1 ms
2024-10-19 03:01:30,17.2 ms
2024-10-19 03:02:00,75.7 ms
2024-10-19 03:02:30,224 ms
2024-10-19 03:03:00,221 ms
2024-10-19 03:03:30,84 ms
2024-10-19 03:04:00,11.5 ms
2024-10-19 03:04:30,8.62 ms
2024-10-19 03:05:30,6 ms
2024-10-19 03:06:00,13.8 ms
2024-10-19 03:06:30,55.3 ms
2024-10-19 03:07:00,111 ms
2024-10-19 03:07:30,144 ms
2024-10-19 03:08:00,182 ms
2024-10-19 03:08:30,209 ms
2024-10-19 03:09:30,89.3 ms
2024-10-19 03:10:00,78.3 ms
2024-10-19 03:10:30,4.33 ms
2024-10-19 03:11:00,4 ms
2024-10-19 03:11:30,4.50 ms
2024-10-19 03:12:00,4.83 ms
2024-10-19 03:12:30,6.15 ms
2024-10-19 03:13:00,8 ms
2024-10-19 03:13:30,5.83 ms
2024-10-19 03:14:00,5 ms
2024-10-19 03:14:30,3.13 ms
2024-10-19 03:15:00,208 ms
2024-10-19 03:15:30,217 ms
2024-10-19 03:16:00,279 ms
2024-10-19 03:16:30,192 ms
2024-10-19 03:17:00,265 ms
2024-10-19 03:17:30,118 ms
2024-10-19 03:18:00,18.5 ms
2024-10-19 03:18:30,3.48 ms
2024-10-19 03:19:00,117 ms
2024-10-19 03:19:30,25.5 ms
2024-10-19 03:20:00,10.3 ms
2024-10-19 03:20:30,69 ms
2024-10-19 03:21:00,3.33 ms
2024-10-19 03:21:30,8.17 ms
2024-10-19 03:22:00,124 ms
2024-10-19 03:22:30,20.5 ms
2024-10-19 03:23:00,44 ms
2024-10-19 03:23:30,110 ms
2024-10-19 03:24:00,171 ms
2024-10-19 03:24:30,36.6 ms
2024-10-19 03:25:00,194 ms
2024-10-19 03:25:30,215 ms
2024-10-19 03:26:00,254 ms
2024-10-19 03:26:30,40.2 ms
2024-10-19 03:27:00,4.33 ms
2024-10-19 03:27:30,3.30 ms
2024-10-19 03:28:00,4.67 ms
2024-10-19 03:28:30,18.9 ms
2024-10-19 03:29:00,106 ms
2024-10-19 03:29:30,116 ms
2024-10-19 03:30:00,4.33 ms
2024-10-19 03:30:30,48.3 ms
2024-10-19 03:31:00,84 ms
2024-10-19 03:31:30,217 ms
2024-10-19 03:32:00,18.7 ms
2024-10-19 03:32:30,8.57 ms
2024-10-19 03:33:00,12 ms
2024-10-19 03:33:30,39.5 ms
2024-10-19 03:34:00,253 ms
2024-10-19 03:34:30,174 ms
2024-10-19 03:35:00,268 ms
2024-10-19 03:35:30,187 ms
2024-10-19 03:36:00,3.33 ms
2024-10-19 03:36:30,5.57 ms
2024-10-19 03:37:00,7.33 ms
2024-10-19 03:37:30,19.2 ms
2024-10-19 03:38:00,142 ms
2024-10-19 03:38:30,278 ms
2024-10-19 03:39:00,222 ms
2024-10-19 03:39:30,41.3 ms
2024-10-19 03:40:00,25 ms
2024-10-19 03:40:30,110 ms
2024-10-19 03:41:30,8.80 ms
2024-10-19 03:42:00,28.2 ms
2024-10-19 03:42:30,132 ms
2024-10-19 03:43:00,13.3 ms
2024-10-19 03:43:30,14.2 ms
2024-10-19 03:44:00,74.2 ms
2024-10-19 03:44:30,123 ms
2024-10-19 03:45:00,8.80 ms
2024-10-19 03:45:30,12 ms
2024-10-19 03:46:00,150 ms
2024-10-19 03:46:30,270 ms
2024-10-19 03:47:00,46 ms
2024-10-19 03:47:30,18.5 ms
2024-10-19 03:48:00,22.3 ms
2024-10-19 03:48:30,26.8 ms
2024-10-19 03:49:00,141 ms
2024-10-19 03:49:30,249 ms
2024-10-19 03:50:00,72.5 ms
2024-10-19 03:50:30,7.33 ms
2024-10-19 03:51:00,6.17 ms
2024-10-19 03:51:30,11.2 ms
2024-10-19 03:52:00,28 ms
2024-10-19 03:52:30,25.2 ms
2024-10-19 03:53:00,19.5 ms
2024-10-19 03:53:30,116 ms
2024-10-19 03:54:00,179 ms
2024-10-19 03:54:30,156 ms
2024-10-19 03:55:00,275 ms
2024-10-19 03:55:30,201 ms
2024-10-19 03:56:00,222 ms
2024-10-19 03:56:30,218 ms
2024-10-19 03:57:00,6.33 ms
2024-10-19 03:57:30,3.50 ms
2024-10-19 03:58:00,7.33 ms
2024-10-19 03:58:30,153 ms
2024-10-19 03:59:00,55.2 ms
2024-10-19 03:59:30,18.7 ms
2024-10-19 04:00:00,4.50 ms
2024-10-19 04:00:30,2.46 ms
2024-10-19 04:01:00,3.14 ms
2024-10-19 04:01:30,258 ms
2024-10-19 04:02:00,242 ms
2024-10-19 04:02:30,258 ms
2024-10-19 04:03:00,241 ms
2024-10-19 04:03:30,63.8 ms
2024-10-19 04:04:00,15.2 ms
2024-10-19 04:04:30,23.4 ms
2024-10-19 04:05:00,9.20 ms
2024-10-19 04:05:30,200 ms
2024-10-19 04:06:00,5.33 ms
2024-10-19 04:06:30,129 ms
2024-10-19 04:07:00,277 ms
2024-10-19 04:07:30,221 ms
2024-10-19 04:08:00,269 ms
2024-10-19 04:08:30,232 ms
2024-10-19 04:09:00,321 ms
2024-10-19 04:09:30,203 ms
2024-10-19 04:10:00,266 ms
2024-10-19 04:10:30,10.4 ms
2024-10-19 04:11:00,9.67 ms
2024-10-19 04:11:30,9.17 ms
2024-10-19 04:12:00,10.5 ms
2024-10-19 04:12:30,8.29 ms
2024-10-19 04:13:30,6.40 ms
2024-10-19 04:14:00,115 ms
2024-10-19 04:14:30,26.8 ms
2024-10-19 04:15:00,5.83 ms
2024-10-19 04:15:30,4.17 ms
2024-10-19 04:16:00,231 ms
2024-10-19 04:16:30,184 ms
2024-10-19 04:17:00,218 ms
2024-10-19 04:17:30,107 ms
2024-10-19 04:18:00,3.67 ms
2024-10-19 04:18:30,4.17 ms
2024-10-19 04:19:00,32 ms
2024-10-19 04:19:30,162 ms
2024-10-19 04:20:00,198 ms
2024-10-19 04:20:30,213 ms
2024-10-19 04:21:00,3.20 ms
2024-10-19 04:21:30,8 ms
2024-10-19 04:22:00,136 ms
2024-10-19 04:22:30,84 ms
2024-10-19 04:23:00,33.2 ms
2024-10-19 04:23:30,285 ms
2024-10-19 04:24:00,79.2 ms
2024-10-19 04:24:30,11.8 ms
2024-10-19 04:25:00,20.5 ms
2024-10-19 04:25:30,124 ms
2024-10-19 04:26:00,45 ms
2024-10-19 04:26:30,12.2 ms
2024-10-19 04:27:00,6.83 ms
2024-10-19 04:27:30,6.26 ms
2024-10-19 04:28:00,3.67 ms
2024-10-19 04:28:30,3.43 ms
2024-10-19 04:29:30,170 ms
2024-10-19 04:30:00,264 ms
2024-10-19 04:30:30,125 ms
2024-10-19 04:31:00,12.8 ms
2024-10-19 04:31:30,5.22 ms
2024-10-19 04:32:00,6.67 ms
2024-10-19 04:32:30,190 ms
2024-10-19 04:33:00,262 ms
2024-10-19 04:33:30,192 ms
2024-10-19 04:34:00,274 ms
2024-10-19 04:34:30,205 ms
2024-10-19 04:35:00,17 ms
2024-10-19 04:35:30,8.33 ms
2024-10-19 04:36:00,9.33 ms
2024-10-19 04:36:30,6.77 ms
2024-10-19 04:37:30,297 ms
2024-10-19 04:38:00,229 ms
2024-10-19 04:38:30,247 ms
2024-10-19 04:39:00,240 ms
2024-10-19 04:39:30,268 ms
2024-10-19 04:40:00,26.8 ms
2024-10-19 04:40:30,24.3 ms
2024-10-19 04:41:00,205 ms
2024-10-19 04:41:30,187 ms
2024-10-19 04:42:00,269 ms
2024-10-19 04:42:30,222 ms
2024-10-19 04:43:00,24 ms
2024-10-19 04:43:30,5 ms
2024-10-19 04:44:00,6.67 ms
2024-10-19 04:44:30,18.2 ms
2024-10-19 04:45:00,15.3 ms
2024-10-19 04:45:30,5.50 ms
2024-10-19 04:46:00,6.83 ms
2024-10-19 04:46:30,5.83 ms
2024-10-19 04:47:00,24.2 ms
2024-10-19 04:47:30,102 ms
2024-10-19 04:48:00,142 ms
2024-10-19 04:48:30,35.7 ms
2024-10-19 04:49:30,10.6 ms
2024-10-19 04:50:00,77 ms
2024-10-19 04:50:30,8.67 ms
2024-10-19 04:51:00,6.17 ms
2024-10-19 04:51:30,101 ms
2024-10-19 04:52:00,312 ms
2024-10-19 04:52:30,225 ms
2024-10-19 04:53:30,44 ms
2024-10-19 04:54:00,14 ms
2024-10-19 04:54:30,10 ms
2024-10-19 04:55:00,143 ms
2024-10-19 04:55:30,5.83 ms
2024-10-19 04:56:00,8.33 ms
2024-10-19 04:56:30,20.3 ms
2024-10-19 04:57:00,17.7 ms
2024-10-19 04:57:30,4.50 ms
2024-10-19 04:58:00,5.91 ms
2024-10-19 04:58:30,231 ms
2024-10-19 04:59:00,6 ms
2024-10-19 04:59:30,9 ms
2024-10-19 05:00:00,47.8 ms
2024-10-19 05:00:30,256 ms
2024-10-19 05:01:00,212 ms
2024-10-19 05:01:30,266 ms
2024-10-19 05:02:00,115 ms
2024-10-19 05:02:30,12.5 ms
2024-10-19 05:03:00,12.2 ms
2024-10-19 05:03:30,173 ms
2024-10-19 05:04:00,256 ms
2024-10-19 05:04:30,221 ms
2024-10-19 05:05:00,236 ms
2024-10-19 05:05:30,262 ms
2024-10-19 05:06:00,240 ms
2024-10-19 05:06:30,251 ms
2024-10-19 05:07:00,260 ms
2024-10-19 05:07:30,144 ms
2024-10-19 05:08:00,5.67 ms
2024-10-19 05:08:30,55.4 ms
2024-10-19 05:09:00,273 ms
2024-10-19 05:09:30,265 ms
2024-10-19 05:10:00,216 ms
2024-10-19 05:10:30,40.7 ms
2024-10-19 05:11:00,29 ms
2024-10-19 05:11:30,93.7 ms
2024-10-19 05:12:00,42.1 ms
2024-10-19 05:12:30,6.86 ms
2024-10-19 05:13:00,5.33 ms
2024-10-19 05:13:30,5.17 ms
2024-10-19 05:14:00,11.3 ms
2024-10-19 05:14:30,29.7 ms
2024-10-19 05:15:00,8.83 ms
2024-10-19 05:15:30,10.2 ms
2024-10-19 05:16:00,26.8 ms
2024-10-19 05:16:30,246 ms
2024-10-19 05:17:30,183 ms
2024-10-19 05:18:00,20.2 ms
2024-10-19 05:18:30,4.50 ms
2024-10-19 05:19:00,3.50 ms
2024-10-19 05:19:30,4.17 ms
2024-10-19 05:20:00,1.67 ms
2024-10-19 05:20:30,161 ms
2024-10-19 05:21:30,47.8 ms
2024-10-19 05:22:00,215 ms
2024-10-19 05:22:30,189 ms
2024-10-19 05:23:00,40 ms
2024-10-19 05:23:30,21.3 ms
2024-10-19 05:24:00,165 ms
2024-10-19 05:24:30,263 ms
2024-10-19 05:25:30,11.8 ms
2024-10-19 05:26:00,164 ms
2024-10-19 05:26:30,223 ms
2024-10-19 05:27:00,103 ms
2024-10-19 05:27:30,208 ms
2024-10-19 05:28:00,230 ms
2024-10-19 05:28:30,251 ms
2024-10-19 05:29:00,8.67 ms
2024-10-19 05:29:30,12 ms
2024-10-19 05:30:00,15.3 ms
2024-10-19 05:30:30,45.3 ms
2024-10-19 05:31:00,49.2 ms
2024-10-19 05:31:30,68 ms
2024-10-19 05:32:00,98.8 ms
2024-10-19 05:32:30,3.69 ms
2024-10-19 05:33:00,306 ms
2024-10-19 05:33:30,224 ms
2024-10-19 05:34:00,92.7 ms
2024-10-19 05:34:30,103 ms
2024-10-19 05:35:00,5.50 ms
2024-10-19 05:35:30,7.33 ms
2024-10-19 05:36:00,76.7 ms
2024-10-19 05:36:30,267 ms
2024-10-19 05:37:00,226 ms
2024-10-19 05:37:30,273 ms
2024-10-19 05:38:00,302 ms
2024-10-19 05:38:30,408 ms
2024-10-19 05:39:00,240 ms
2024-10-19 05:39:30,73.7 ms
2024-10-19 05:40:00,5.17 ms
2024-10-19 05:40:30,8.31 ms
2024-10-19 05:41:00,234 ms
2024-10-19 05:41:30,19.5 ms
2024-10-19 05:42:00,65.8 ms
2024-10-19 05:42:30,211 ms
2024-10-19 05:43:00,29 ms
2024-10-19 05:43:30,38.1 ms
2024-10-19 05:44:00,8.83 ms
2024-10-19 05:44:30,5.14 ms
2024-10-19 05:45:00,228 ms
2024-10-19 05:45:30,82.3 ms
2024-10-19 05:46:00,9.50 ms
2024-10-19 05:46:30,5.17 ms
2024-10-19 05:47:00,5 ms
2024-10-19 05:47:30,4.50 ms
2024-10-19 05:48:00,3.50 ms
2024-10-19 05:48:30,128 ms
2024-10-19 05:49:00,54.8 ms
2024-10-19 05:49:30,51.5 ms
2024-10-19 05:50:00,55.0 ms
2024-10-19 05:50:30,177 ms
2024-10-19 05:51:00,249 ms
2024-10-19 05:51:30,203 ms
2024-10-19 05:52:00,40.2 ms
2024-10-19 05:52:30,3.83 ms
2024-10-19 05:53:00,4.33 ms
2024-10-19 05:53:30,3.83 ms
2024-10-19 05:54:00,5.22 ms
2024-10-19 05:54:30,44.2 ms
2024-10-19 05:55:00,154 ms
2024-10-19 05:55:30,172 ms
2024-10-19 05:56:00,237 ms
2024-10-19 05:56:30,219 ms
2024-10-19 05:57:00,197 ms
2024-10-19 05:57:30,218 ms
2024-10-19 05:58:00,5.17 ms
2024-10-19 05:58:30,5.50 ms
2024-10-19 05:59:00,5.33 ms
2024-10-19 05:59:30,8.17 ms
2024-10-19 06:00:00,4.67 ms
2024-10-19 06:00:30,99.7 ms
2024-10-19 06:01:30,223 ms
2024-10-19 06:02:00,215 ms
2024-10-19 06:02:30,273 ms
2024-10-19 06:03:00,232 ms
2024-10-19 06:03:30,47.8 ms
2024-10-19 06:04:00,30 ms
2024-10-19 06:04:30,11 ms
2024-10-19 06:05:00,6.17 ms
2024-10-19 06:05:30,4.17 ms
2024-10-19 06:06:00,4 ms
2024-10-19 06:06:30,3.83 ms
2024-10-19 06:07:00,3.33 ms
2024-10-19 06:07:30,3.83 ms
2024-10-19 06:08:00,4.33 ms
2024-10-19 06:08:30,6.86 ms
2024-10-19 06:09:00,22.4 ms
2024-10-19 06:09:30,15 ms
2024-10-19 06:10:00,7.67 ms
2024-10-19 06:10:30,9.17 ms
2024-10-19 06:11:00,5.33 ms
2024-10-19 06:11:30,5 ms
2024-10-19 06:12:00,6.33 ms
2024-10-19 06:12:30,11.4 ms
2024-10-19 06:13:00,12.7 ms
2024-10-19 06:13:30,169 ms
2024-10-19 06:14:00,11 ms
2024-10-19 06:14:30,8.70 ms
2024-10-19 06:15:00,7 ms
2024-10-19 06:15:30,10.3 ms
2024-10-19 06:16:00,60.2 ms
2024-10-19 06:16:30,22.3 ms
2024-10-19 06:17:00,41.9 ms
2024-10-19 06:17:30,77.3 ms
2024-10-19 06:18:00,14.8 ms
2024-10-19 06:18:30,8.50 ms
2024-10-19 06:19:00,2.61 ms
2024-10-19 06:19:30,4.50 ms
2024-10-19 06:20:00,6.83 ms
2024-10-19 06:20:30,49.1 ms
2024-10-19 06:21:30,257 ms
2024-10-19 06:22:00,229 ms
2024-10-19 06:22:30,35.3 ms
2024-10-19 06:23:00,18.3 ms
2024-10-19 06:23:30,84.8 ms
2024-10-19 06:24:00,303 ms
2024-10-19 06:24:30,163 ms
2024-10-19 06:25:30,10.9 ms
2024-10-19 06:26:00,5.33 ms
2024-10-19 06:26:30,16.8 ms
2024-10-19 06:27:00,12.3 ms
2024-10-19 06:27:30,148 ms
2024-10-19 06:28:00,8.70 ms
2024-10-19 06:28:30,8.57 ms
2024-10-19 06:29:30,204 ms
2024-10-19 06:30:00,240 ms
2024-10-19 06:30:30,229 ms
2024-10-19 06:31:00,377 ms
2024-10-19 06:31:30,379 ms
2024-10-19 06:32:00,1330 ms
2024-10-19 06:32:30,26.9 ms
2024-10-19 06:33:00,4.80 ms
2024-10-19 06:33:30,6.67 ms
2024-10-19 06:34:00,5.04 ms
2024-10-19 06:34:30,20.2 ms
2024-10-19 06:35:00,70.2 ms
2024-10-19 06:35:30,67.2 ms
2024-10-19 06:36:00,51 ms
2024-10-19 06:36:30,12 ms
2024-10-19 06:37:00,3.27 ms
2024-10-19 06:37:30,93.2 ms
2024-10-19 06:38:00,7.17 ms
2024-10-19 06:38:30,4.83 ms
2024-10-19 06:39:00,5.50 ms
2024-10-19 06:39:30,8.33 ms
2024-10-19 06:40:00,148 ms
2024-10-19 06:40:30,92.9 ms
2024-10-19 06:41:30,3.17 ms
2024-10-19 06:42:00,2 ms
2024-10-19 06:42:30,3.17 ms
2024-10-19 06:43:00,68.3 ms
2024-10-19 06:43:30,149 ms
2024-10-19 06:44:00,202 ms
2024-10-19 06:44:30,173 ms
2024-10-19 06:45:30,26.5 ms
2024-10-19 06:46:00,5.83 ms
2024-10-19 06:46:30,4.33 ms
2024-10-19 06:47:00,6 ms
2024-10-19 06:47:30,106 ms
2024-10-19 06:48:00,219 ms
2024-10-19 06:48:30,207 ms
2024-10-19 06:49:30,11.1 ms
2024-10-19 06:50:00,199 ms
2024-10-19 06:50:30,159 ms
2024-10-19 06:51:00,64.5 ms
2024-10-19 06:51:30,34.3 ms
2024-10-19 06:52:00,44.2 ms
2024-10-19 06:52:30,55.1 ms
2024-10-19 06:53:30,200 ms
2024-10-19 06:54:00,146 ms
2024-10-19 06:54:30,17.3 ms
2024-10-19 06:55:00,173 ms
2024-10-19 06:55:30,207 ms
2024-10-19 06:56:00,226 ms
2024-10-19 06:56:30,8.31 ms
2024-10-19 06:57:00,6.80 ms
2024-10-19 06:57:30,6.50 ms
2024-10-19 06:58:00,6 ms
2024-10-19 06:58:30,4.50 ms
2024-10-19 06:59:00,4.83 ms
2024-10-19 06:59:30,100 ms
2024-10-19 07:00:00,214 ms
2024-10-19 07:00:30,252 ms
2024-10-19 07:01:00,191 ms
2024-10-19 07:01:30,56 ms
2024-10-19 07:02:00,5.22 ms
2024-10-19 07:02:30,26.2 ms
2024-10-19 07:03:00,232 ms
2024-10-19 07:03:30,251 ms
2024-10-19 07:04:00,251 ms
2024-10-19 07:04:30,213 ms
2024-10-19 07:05:30,50.7 ms
2024-10-19 07:06:00,22 ms
2024-10-19 07:06:30,179 ms
2024-10-19 07:07:00,200 ms
2024-10-19 07:07:30,75.3 ms
2024-10-19 07:08:00,14.7 ms
2024-10-19 07:08:30,14.2 ms
2024-10-19 07:09:00,158 ms
2024-10-19 07:09:30,245 ms
2024-10-19 07:10:00,238 ms
2024-10-19 07:10:30,5.83 ms
2024-10-19 07:11:00,37 ms
2024-10-19 07:11:30,218 ms
2024-10-19 07:12:00,230 ms
2024-10-19 07:12:30,192 ms
2024-10-19 07:13:30,292 ms
2024-10-19 07:14:00,177 ms
2024-10-19 07:14:30,17.8 ms
2024-10-19 07:15:00,24 ms
2024-10-19 07:15:30,16 ms
2024-10-19 07:16:00,50.8 ms
2024-10-19 07:16:30,4.57 ms
2024-10-19 07:17:00,4.80 ms
2024-10-19 07:17:30,4.83 ms
2024-10-19 07:18:00,72.3 ms
2024-10-19 07:18:30,143 ms
2024-10-19 07:19:00,4 ms
2024-10-19 07:19:30,8.83 ms
2024-10-19 07:20:00,10 ms
2024-10-19 07:20:30,96.9 ms
2024-10-19 07:21:00,2.67 ms
2024-10-19 07:21:30,4.50 ms
2024-10-19 07:22:00,16.3 ms
2024-10-19 07:22:30,6.17 ms
2024-10-19 07:23:00,3 ms
2024-10-19 07:23:30,19.7 ms
2024-10-19 07:24:00,222 ms
2024-10-19 07:24:30,240 ms
2024-10-19 07:25:00,84.7 ms
2024-10-19 07:25:30,4.17 ms
2024-10-19 07:26:00,3.33 ms
2024-10-19 07:26:30,2.96 ms
2024-10-19 07:27:00,222 ms
2024-10-19 07:27:30,232 ms
2024-10-19 07:28:00,164 ms
2024-10-19 07:28:30,15.1 ms
2024-10-19 07:29:30,38.3 ms
2024-10-19 07:30:00,26 ms
2024-10-19 07:30:30,197 ms
2024-10-19 07:31:00,121 ms
2024-10-19 07:31:30,53.7 ms
2024-10-19 07:32:00,40.8 ms
2024-10-19 07:32:30,89.4 ms
2024-10-19 07:33:00,6 ms
2024-10-19 07:33:30,43 ms
2024-10-19 07:34:00,245 ms
2024-10-19 07:34:30,260 ms
2024-10-19 07:35:00,234 ms
2024-10-19 07:35:30,248 ms
2024-10-19 07:36:00,126 ms
2024-10-19 07:36:30,177 ms
2024-10-19 07:37:30,224 ms
2024-10-19 07:38:00,270 ms
2024-10-19 07:38:30,71.3 ms
2024-10-19 07:39:00,20.7 ms
2024-10-19 07:39:30,71.5 ms
2024-10-19 07:40:00,77.3 ms
2024-10-19 07:40:30,264 ms
2024-10-19 07:41:30,55.6 ms
2024-10-19 07:42:00,37.8 ms
2024-10-19 07:42:30,52.3 ms
2024-10-19 07:43:00,156 ms
2024-10-19 07:43:30,87 ms
2024-10-19 07:44:00,43.2 ms
2024-10-19 07:44:30,30.5 ms
2024-10-19 07:45:00,106 ms
2024-10-19 07:45:30,24.2 ms
2024-10-19 07:46:00,42.2 ms
2024-10-19 07:46:30,49 ms
2024-10-19 07:47:00,86.2 ms
2024-10-19 07:47:30,10.8 ms
2024-10-19 07:48:00,11 ms
2024-10-19 07:48:30,124 ms
2024-10-19 07:49:00,103 ms
2024-10-19 07:49:30,12 ms
2024-10-19 07:50:00,128 ms
2024-10-19 07:50:30,43.2 ms
2024-10-19 07:51:00,53 ms
2024-10-19 07:51:30,118 ms
2024-10-19 07:52:00,12 ms
2024-10-19 07:52:30,5.67 ms
2024-10-19 07:53:00,59.7 ms
2024-10-19 07:53:30,283 ms
2024-10-19 07:54:00,228 ms
2024-10-19 07:54:30,244 ms
2024-10-19 07:55:00,190 ms
2024-10-19 07:55:30,27.7 ms
2024-10-19 07:56:00,63.2 ms
2024-10-19 07:56:30,26.5 ms
2024-10-19 07:57:30,5.05 ms
2024-10-19 07:58:00,17.2 ms
2024-10-19 07:58:30,104 ms
2024-10-19 07:59:00,221 ms
2024-10-19 07:59:30,63.3 ms
2024-10-19 08:00:00,43.8 ms
2024-10-19 08:00:30,13.7 ms
2024-10-19 08:01:00,195 ms
2024-10-19 08:01:30,178 ms
2024-10-19 08:02:00,215 ms
2024-10-19 08:02:30,11 ms
2024-10-19 08:03:00,7.50 ms
2024-10-19 08:03:30,3 ms
2024-10-19 08:04:00,4.83 ms
2024-10-19 08:04:30,2.50 ms
2024-10-19 08:05:00,3.30 ms
2024-10-19 08:05:30,5.33 ms
2024-10-19 08:06:00,3.50 ms
2024-10-19 08:06:30,151 ms
2024-10-19 08:07:00,189 ms
2024-10-19 08:07:30,182 ms
2024-10-19 08:08:00,249 ms
2024-10-19 08:08:30,257 ms
2024-10-19 08:09:00,245 ms
2024-10-19 08:09:30,267 ms
2024-10-19 08:10:00,234 ms
2024-10-19 08:10:30,205 ms
2024-10-19 08:11:00,236 ms
2024-10-19 08:11:30,22.7 ms
2024-10-19 08:12:00,10.3 ms
2024-10-19 08:12:30,13.7 ms
2024-10-19 08:13:00,61.4 ms
2024-10-19 08:13:30,88.2 ms
2024-10-19 08:14:00,118 ms
2024-10-19 08:14:30,24.5 ms
2024-10-19 08:15:00,5.83 ms
2024-10-19 08:15:30,21.5 ms
2024-10-19 08:16:00,207 ms
2024-10-19 08:16:30,230 ms
2024-10-19 08:17:00,2.67 ms
2024-10-19 08:17:30,4.17 ms
2024-10-19 08:18:00,2.17 ms
2024-10-19 08:18:30,3.50 ms
2024-10-19 08:19:00,7.30 ms
2024-10-19 08:19:30,36.2 ms
2024-10-19 08:20:00,228 ms
2024-10-19 08:20:30,302 ms
2024-10-19 08:21:00,189 ms
2024-10-19 08:21:30,280 ms
2024-10-19 08:22:00,273 ms
2024-10-19 08:22:30,206 ms
2024-10-19 08:23:00,5.39 ms
2024-10-19 08:23:30,6.50 ms
2024-10-19 08:24:00,7.50 ms
2024-10-19 08:24:30,152 ms
2024-10-19 08:25:00,115 ms
2024-10-19 08:25:30,3.83 ms
2024-10-19 08:26:00,134 ms
2024-10-19 08:26:30,227 ms
2024-10-19 08:27:00,255 ms
2024-10-19 08:27:30,235 ms
2024-10-19 08:28:00,255 ms
2024-10-19 08:28:30,139 ms
2024-10-19 08:29:30,3.50 ms
2024-10-19 08:30:00,3.83 ms
2024-10-19 08:30:30,3.83 ms
2024-10-19 08:31:00,4.50 ms
2024-10-19 08:31:30,14.5 ms
2024-10-19 08:32:00,19 ms
2024-10-19 08:32:30,176 ms
2024-10-19 08:33:00,262 ms
2024-10-19 08:33:30,129 ms
2024-10-19 08:34:00,14 ms
2024-10-19 08:34:30,11.3 ms
2024-10-19 08:35:00,80.7 ms
2024-10-19 08:35:30,11.5 ms
2024-10-19 08:36:00,33 ms
2024-10-19 08:36:30,135 ms
2024-10-19 08:37:00,63.8 ms
2024-10-19 08:37:30,147 ms
2024-10-19 08:38:00,3.48 ms
2024-10-19 08:38:30,5.33 ms
2024-10-19 08:39:00,5.50 ms
2024-10-19 08:39:30,11 ms
2024-10-19 08:40:00,204 ms
2024-10-19 08:40:30,80 ms
2024-10-19 08:41:30,10.6 ms
2024-10-19 08:42:00,10.7 ms
2024-10-19 08:42:30,6.67 ms
2024-10-19 08:43:00,12.8 ms
2024-10-19 08:43:30,82 ms
2024-10-19 08:44:00,114 ms
2024-10-19 08:44:30,143 ms
2024-10-19 08:45:00,12 ms
2024-10-19 08:45:30,100 ms
2024-10-19 08:46:00,228 ms
2024-10-19 08:46:30,215 ms
2024-10-19 08:47:00,273 ms
2024-10-19 08:47:30,167 ms
2024-10-19 08:48:00,176 ms
2024-10-19 08:48:30,270 ms
2024-10-19 08:49:30,243 ms
2024-10-19 08:50:00,310 ms
2024-10-19 08:50:30,200 ms
2024-10-19 08:51:00,158 ms
2024-10-19 08:51:30,8.50 ms
2024-10-19 08:52:00,36.7 ms
2024-10-19 08:52:30,210 ms
2024-10-19 08:53:00,196 ms
2024-10-19 08:53:30,223 ms
2024-10-19 08:54:00,227 ms
2024-10-19 08:54:30,212 ms
2024-10-19 08:55:00,233 ms
2024-10-19 08:55:30,278 ms
2024-10-19 08:56:00,107 ms
2024-10-19 08:56:30,14.8 ms
2024-10-19 08:57:30,244 ms
2024-10-19 08:58:00,238 ms
2024-10-19 08:58:30,286 ms
2024-10-19 08:59:00,246 ms
2024-10-19 08:59:30,295 ms
2024-10-19 09:00:00,195 ms
2024-10-19 09:00:30,5 ms
2024-10-19 09:01:00,3.48 ms
2024-10-19 09:01:30,146 ms
2024-10-19 09:02:00,78.3 ms
2024-10-19 09:02:30,49 ms
2024-10-19 09:03:00,216 ms
2024-10-19 09:03:30,275 ms
2024-10-19 09:04:00,186 ms
2024-10-19 09:04:30,267 ms
2024-10-19 09:05:00,89.7 ms
2024-10-19 09:05:30,2.83 ms
2024-10-19 09:06:00,4.17 ms
2024-10-19 09:06:30,3.67 ms
2024-10-19 09:07:00,4.67 ms
2024-10-19 09:07:30,6 ms
2024-10-19 09:08:00,106 ms
2024-10-19 09:08:30,251 ms
2024-10-19 09:09:00,190 ms
2024-10-19 09:09:30,247 ms
2024-10-19 09:10:00,269 ms
2024-10-19 09:10:30,21.2 ms
2024-10-19 09:11:00,21.2 ms
2024-10-19 09:11:30,18 ms
2024-10-19 09:12:00,10.3 ms
2024-10-19 09:12:30,14.7 ms
2024-10-19 09:13:00,13.2 ms
2024-10-19 09:13:30,36.5 ms
2024-10-19 09:14:00,127 ms
2024-10-19 09:14:30,211 ms
2024-10-19 09:15:00,189 ms
2024-10-19 09:15:30,46.2 ms
2024-10-19 09:16:00,15.8 ms
2024-10-19 09:16:30,22 ms
2024-10-19 09:17:00,219 ms
2024-10-19 09:17:30,32.2 ms
2024-10-19 09:18:00,19.7 ms
2024-10-19 09:18:30,223 ms
2024-10-19 09:19:00,224 ms
2024-10-19 09:19:30,34 ms
2024-10-19 09:20:00,28.3 ms
2024-10-19 09:20:30,14.8 ms
2024-10-19 09:21:00,8 ms
2024-10-19 09:21:30,5.91 ms
2024-10-19 09:22:00,160 ms
2024-10-19 09:22:30,221 ms
2024-10-19 09:23:00,222 ms
2024-10-19 09:23:30,231 ms
2024-10-19 09:24:00,5.17 ms
2024-10-19 09:24:30,4.67 ms
2024-10-19 09:25:00,31 ms
2024-10-19 09:25:30,15.0 ms
2024-10-19 09:26:00,6.67 ms
2024-10-19 09:26:30,7 ms
2024-10-19 09:27:00,175 ms
2024-10-19 09:27:30,254 ms
2024-10-19 09:28:00,118 ms
2024-10-19 09:28:30,10.3 ms
2024-10-19 09:29:30,4.52 ms
2024-10-19 09:30:00,13.3 ms
2024-10-19 09:30:30,41.2 ms
2024-10-19 09:31:00,151 ms
2024-10-19 09:31:30,133 ms
2024-10-19 09:32:00,128 ms
2024-10-19 09:32:30,299 ms
2024-10-19 09:33:00,203 ms
2024-10-19 09:33:30,48.3 ms
2024-10-19 09:34:00,234 ms
2024-10-19 09:34:30,276 ms
2024-10-19 09:35:00,215 ms
2024-10-19 09:35:30,261 ms
2024-10-19 09:36:00,66.8 ms
2024-10-19 09:36:30,16.7 ms
2024-10-19 09:37:00,7.13 ms
2024-10-19 09:37:30,94.7 ms
2024-10-19 09:38:00,175 ms
2024-10-19 09:38:30,272 ms
2024-10-19 09:39:00,241 ms
2024-10-19 09:39:30,220 ms
2024-10-19 09:40:00,95 ms
2024-10-19 09:40:30,16.6 ms
2024-10-19 09:41:00,42 ms
2024-10-19 09:41:30,76.3 ms
2024-10-19 09:42:00,215 ms
2024-10-19 09:42:30,243 ms
2024-10-19 09:43:00,90.5 ms
2024-10-19 09:43:30,10.8 ms
2024-10-19 09:44:00,68 ms
2024-10-19 09:44:30,181 ms
2024-10-19 09:45:00,270 ms
2024-10-19 09:45:30,223 ms
2024-10-19 09:46:00,260 ms
2024-10-19 09:46:30,14.7 ms
2024-10-19 09:47:00,19.5 ms
2024-10-19 09:47:30,34.8 ms
2024-10-19 09:48:00,9.17 ms
2024-10-19 09:48:30,41.4 ms
2024-10-19 09:49:00,12 ms
2024-10-19 09:49:30,95.8 ms
2024-10-19 09:50:00,92.8 ms
2024-10-19 09:50:30,8.67 ms
2024-10-19 09:51:00,21 ms
2024-10-19 09:51:30,69.2 ms
2024-10-19 09:52:00,55 ms
2024-10-19 09:52:30,14.9 ms
2024-10-19 09:53:00,97.1 ms
2024-10-19 09:53:30,129 ms
2024-10-19 09:54:00,258 ms
2024-10-19 09:54:30,221 ms
2024-10-19 09:55:00,57.3 ms
2024-10-19 09:55:30,13.7 ms
2024-10-19 09:56:00,45.5 ms
2024-10-19 09:56:30,5.14 ms
2024-10-19 09:57:00,301 ms
2024-10-19 09:57:30,203 ms
2024-10-19 09:58:00,272 ms
2024-10-19 09:58:30,212 ms
2024-10-19 09:59:00,229 ms
2024-10-19 09:59:30,243 ms
2024-10-19 10:00:00,277 ms
2024-10-19 10:00:30,268 ms
2024-10-19 10:01:00,2.40 ms
2024-10-19 10:01:30,20.7 ms
2024-10-19 10:02:00,95.3 ms
2024-10-19 10:02:30,103 ms
2024-10-19 10:03:00,14.2 ms
2024-10-19 10:03:30,83 ms
2024-10-19 10:04:00,251 ms
2024-10-19 10:04:30,254 ms
2024-10-19 10:05:00,41.3 ms
2024-10-19 10:05:30,56.7 ms
2024-10-19 10:06:00,188 ms
2024-10-19 10:06:30,4.33 ms
2024-10-19 10:07:00,3.50 ms
2024-10-19 10:07:30,46.3 ms
2024-10-19 10:08:00,116 ms
2024-10-19 10:08:30,14 ms
2024-10-19 10:09:00,36 ms
2024-10-19 10:09:30,12.3 ms
2024-10-19 10:10:00,9.83 ms
2024-10-19 10:10:30,4.67 ms
2024-10-19 10:11:00,15.2 ms
2024-10-19 10:11:30,107 ms
2024-10-19 10:12:00,45.3 ms
2024-10-19 10:12:30,31.4 ms
2024-10-19 10:13:00,252 ms
2024-10-19 10:13:30,145 ms
2024-10-19 10:14:00,6.67 ms
2024-10-19 10:14:30,8.67 ms
2024-10-19 10:15:00,9.33 ms
2024-10-19 10:15:30,5.17 ms
2024-10-19 10:16:00,5.57 ms
2024-10-19 10:16:30,6 ms
2024-10-19 10:17:00,6 ms
2024-10-19 10:17:30,69.8 ms
2024-10-19 10:18:00,209 ms
2024-10-19 10:18:30,301 ms
2024-10-19 10:19:00,221 ms
2024-10-19 10:19:30,187 ms
2024-10-19 10:20:00,3.33 ms
2024-10-19 10:20:30,2 ms
2024-10-19 10:21:00,2.96 ms
2024-10-19 10:21:30,58.2 ms
2024-10-19 10:22:00,206 ms
2024-10-19 10:22:30,224 ms
2024-10-19 10:23:00,197 ms
2024-10-19 10:23:30,269 ms
2024-10-19 10:24:00,268 ms
2024-10-19 10:24:30,226 ms
2024-10-19 10:25:00,4 ms
2024-10-19 10:25:30,6.50 ms
2024-10-19 10:26:00,13.5 ms
2024-10-19 10:26:30,120 ms
2024-10-19 10:27:00,254 ms
2024-10-19 10:27:30,110 ms
2024-10-19 10:28:00,17.5 ms
2024-10-19 10:28:30,12.7 ms
2024-10-19 10:29:00,85.2 ms
2024-10-19 10:29:30,324 ms
2024-10-19 10:30:00,204 ms
2024-10-19 10:30:30,73.2 ms
2024-10-19 10:31:00,183 ms
2024-10-19 10:31:30,231 ms
2024-10-19 10:32:00,198 ms
2024-10-19 10:32:30,43.8 ms
2024-10-19 10:33:00,11.3 ms
2024-10-19 10:33:30,22.5 ms
2024-10-19 10:34:00,109 ms
2024-10-19 10:34:30,4.83 ms
2024-10-19 10:35:00,6.67 ms
2024-10-19 10:35:30,3.33 ms
2024-10-19 10:36:00,5.33 ms
2024-10-19 10:36:30,5.14 ms
2024-10-19 10:37:00,4 ms
2024-10-19 10:37:30,9.50 ms
2024-10-19 10:38:00,145 ms
2024-10-19 10:38:30,246 ms
2024-10-19 10:39:00,238 ms
2024-10-19 10:39:30,237 ms
2024-10-19 10:40:00,293 ms
2024-10-19 10:40:30,209 ms
2024-10-19 10:41:30,246 ms
2024-10-19 10:42:00,163 ms
2024-10-19 10:42:30,233 ms
2024-10-19 10:43:00,250 ms
2024-10-19 10:43:30,216 ms
2024-10-19 10:44:00,6.67 ms
2024-10-19 10:44:30,44.3 ms
2024-10-19 10:45:00,51.2 ms
2024-10-19 10:45:30,3.83 ms
2024-10-19 10:46:00,2.50 ms
2024-10-19 10:46:30,1.67 ms
2024-10-19 10:47:00,53.8 ms
2024-10-19 10:47:30,251 ms
2024-10-19 10:48:00,219 ms
2024-10-19 10:48:30,266 ms
2024-10-19 10:49:30,8.24 ms
2024-10-19 10:50:00,10 ms
2024-10-19 10:50:30,6.50 ms
2024-10-19 10:51:00,11 ms
2024-10-19 10:51:30,42.5 ms
2024-10-19 10:52:00,302 ms
2024-10-19 10:52:30,248 ms
2024-10-19 10:53:00,316 ms
2024-10-19 10:53:30,240 ms
2024-10-19 10:54:00,192 ms
2024-10-19 10:54:30,31.1 ms
2024-10-19 10:55:00,2.50 ms
2024-10-19 10:55:30,4.50 ms
2024-10-19 10:56:00,5.50 ms
2024-10-19 10:56:30,13.2 ms
2024-10-19 10:57:00,95.3 ms
2024-10-19 10:57:30,74 ms
2024-10-19 10:58:00,292 ms
2024-10-19 10:58:30,196 ms
2024-10-19 10:59:00,2.50 ms
2024-10-19 10:59:30,2.61 ms
2024-10-19 11:00:00,11.5 ms
2024-10-19 11:00:30,34.4 ms
2024-10-19 11:01:00,111 ms
2024-10-19 11:01:30,17.3 ms
2024-10-19 11:02:00,103 ms
2024-10-19 11:02:30,136 ms
2024-10-19 11:03:00,52.2 ms
2024-10-19 11:03:30,14 ms
2024-10-19 11:04:00,96.3 ms
2024-10-19 11:04:30,105 ms
2024-10-19 11:05:00,13 ms
2024-10-19 11:05:30,8.50 ms
2024-10-19 11:06:00,2.33 ms
2024-10-19 11:06:30,3.83 ms
2024-10-19 11:07:00,6.33 ms
2024-10-19 11:07:30,45 ms
2024-10-19 11:08:00,28 ms
2024-10-19 11:08:30,237 ms
2024-10-19 11:09:00,12.3 ms
2024-10-19 11:09:30,39.2 ms
2024-10-19 11:10:00,82.1 ms
2024-10-19 11:10:30,186 ms
2024-10-19 11:11:00,93 ms
2024-10-19 11:11:30,6.83 ms
2024-10-19 11:12:00,187 ms
2024-10-19 11:12:30,54.3 ms
2024-10-19 11:13:30,72.7 ms
2024-10-19 11:14:00,17.2 ms
2024-10-19 11:14:30,3.67 ms
2024-10-19 11:15:00,13.5 ms
2024-10-19 11:15:30,30.7 ms
2024-10-19 11:16:00,6.67 ms
2024-10-19 11:16:30,4.57 ms
2024-10-19 11:17:30,36.5 ms
2024-10-19 11:18:00,15.3 ms
2024-10-19 11:18:30,5.39 ms
2024-10-19 11:19:00,197 ms
2024-10-19 11:19:30,17.3 ms
2024-10-19 11:20:00,12.3 ms
2024-10-19 11:20:30,14.7 ms
2024-10-19 11:21:00,30.7 ms
2024-10-19 11:21:30,204 ms
2024-10-19 11:22:00,8.83 ms
2024-10-19 11:22:30,4.70 ms
2024-10-19 11:23:00,8.33 ms
2024-10-19 11:23:30,2.50 ms
2024-10-19 11:24:00,8.17 ms
2024-10-19 11:24:30,32.3 ms
2024-10-19 11:25:00,317 ms
2024-10-19 11:25:30,201 ms
2024-10-19 11:26:00,94.3 ms
2024-10-19 11:26:30,13.3 ms
2024-10-19 11:27:00,40.2 ms
2024-10-19 11:27:30,21.8 ms
2024-10-19 11:28:00,7.13 ms
2024-10-19 11:28:30,6.29 ms
2024-10-19 11:29:00,16 ms
2024-10-19 11:29:30,193 ms
2024-10-19 11:30:00,248 ms
2024-10-19 11:30:30,89 ms
2024-10-19 11:31:00,28 ms
2024-10-19 11:31:30,39.7 ms
2024-10-19 11:32:00,24.8 ms
2024-10-19 11:32:30,6.57 ms
2024-10-19 11:33:30,4.40 ms
2024-10-19 11:34:00,4.35 ms
2024-10-19 11:34:30,3 ms
2024-10-19 11:35:00,52.5 ms
2024-10-19 11:35:30,4.67 ms
2024-10-19 11:36:00,6.33 ms
2024-10-19 11:36:30,4 ms
2024-10-19 11:37:30,87.4 ms
2024-10-19 11:38:00,44.5 ms
2024-10-19 11:38:30,92 ms
2024-10-19 11:39:00,10.2 ms
2024-10-19 11:39:30,3.67 ms
2024-10-19 11:40:00,10.8 ms
2024-10-19 11:40:30,11.7 ms
2024-10-19 11:41:00,360 ms
2024-10-19 11:41:30,247 ms
2024-10-19 11:42:00,264 ms
2024-10-19 11:42:30,95.1 ms
2024-10-19 11:43:00,20.8 ms
2024-10-19 11:43:30,19.8 ms
2024-10-19 11:44:00,26 ms
2024-10-19 11:44:30,174 ms
2024-10-19 11:45:30,12.5 ms
2024-10-19 11:46:00,223 ms
2024-10-19 11:46:30,210 ms
2024-10-19 11:47:00,74.4 ms
2024-10-19 11:47:30,74.5 ms
2024-10-19 11:48:00,35.7 ms
2024-10-19 11:48:30,113 ms
2024-10-19 11:49:30,218 ms
2024-10-19 11:50:00,235 ms
2024-10-19 11:50:30,194 ms
2024-10-19 11:51:00,226 ms
2024-10-19 11:51:30,7.13 ms
2024-10-19 11:52:00,4.83 ms
2024-10-19 11:52:30,5.14 ms
2024-10-19 11:53:00,72 ms
2024-10-19 11:53:30,9.50 ms
2024-10-19 11:54:00,4.17 ms
2024-10-19 11:54:30,5 ms
2024-10-19 11:55:00,4.67 ms
2024-10-19 11:55:30,119 ms
2024-10-19 11:56:00,58 ms
2024-10-19 11:56:30,36.6 ms
2024-10-19 11:57:00,6.40 ms
2024-10-19 11:57:30,4.83 ms
2024-10-19 11:58:00,11.2 ms
2024-10-19 11:58:30,139 ms
2024-10-19 11:59:00,7.17 ms
2024-10-19 11:59:30,7.67 ms
2024-10-19 12:00:00,7.33 ms
2024-10-19 12:00:30,6.29 ms
2024-10-19 12:01:00,138 ms
2024-10-19 12:01:30,159 ms
2024-10-19 12:02:00,310 ms
2024-10-19 12:02:30,220 ms
2024-10-19 12:03:00,169 ms
2024-10-19 12:03:30,9 ms
2024-10-19 12:04:00,5 ms
2024-10-19 12:04:30,3.71 ms
2024-10-19 12:05:00,73 ms
2024-10-19 12:05:30,79.8 ms
2024-10-19 12:06:00,73.7 ms
2024-10-19 12:06:30,38.8 ms
2024-10-19 12:07:00,9.17 ms
2024-10-19 12:07:30,11 ms
2024-10-19 12:08:00,13.3 ms
2024-10-19 12:08:30,147 ms
2024-10-19 12:09:00,25 ms
2024-10-19 12:09:30,22.8 ms
2024-10-19 12:10:00,193 ms
2024-10-19 12:10:30,294 ms
2024-10-19 12:11:00,21.2 ms
2024-10-19 12:11:30,128 ms
2024-10-19 12:12:00,37.7 ms
2024-10-19 12:12:30,15.1 ms
2024-10-19 12:13:00,191 ms
2024-10-19 12:13:30,136 ms
2024-10-19 12:14:00,5.33 ms
2024-10-19 12:14:30,7.50 ms
2024-10-19 12:15:00,70.8 ms
2024-10-19 12:15:30,23.7 ms
2024-10-19 12:16:00,26 ms
2024-10-19 12:16:30,119 ms
2024-10-19 12:17:00,68 ms
2024-10-19 12:17:30,54.3 ms
2024-10-19 12:18:00,8.17 ms
2024-10-19 12:18:30,16.3 ms
2024-10-19 12:19:00,16.8 ms
2024-10-19 12:19:30,46 ms
2024-10-19 12:20:00,239 ms
2024-10-19 12:20:30,293 ms
2024-10-19 12:21:30,133 ms
2024-10-19 12:22:00,37 ms
2024-10-19 12:22:30,8.17 ms
2024-10-19 12:23:00,7.17 ms
2024-10-19 12:23:30,5.17 ms
2024-10-19 12:24:00,5 ms
2024-10-19 12:24:30,5.67 ms
2024-10-19 12:25:00,5.83 ms
2024-10-19 12:25:30,7.67 ms
2024-10-19 12:26:00,91.3 ms
2024-10-19 12:26:30,263 ms
2024-10-19 12:27:00,17 ms
2024-10-19 12:27:30,121 ms
2024-10-19 12:28:00,53.9 ms
2024-10-19 12:28:30,8.17 ms
2024-10-19 12:29:00,56 ms
2024-10-19 12:29:30,42.5 ms
2024-10-19 12:30:00,17.2 ms
2024-10-19 12:30:30,149 ms
2024-10-19 12:31:00,33.3 ms
2024-10-19 12:31:30,69.5 ms
2024-10-19 12:32:00,213 ms
2024-10-19 12:32:30,142 ms
2024-10-19 12:33:00,214 ms
2024-10-19 12:33:30,239 ms
2024-10-19 12:34:00,223 ms
2024-10-19 12:34:30,296 ms
2024-10-19 12:35:00,228 ms
2024-10-19 12:35:30,277 ms
2024-10-19 12:36:00,142 ms
2024-10-19 12:36:30,71.4 ms
2024-10-19 12:37:00,272 ms
2024-10-19 12:37:30,42.3 ms
2024-10-19 12:38:00,24 ms
2024-10-19 12:38:30,112 ms
2024-10-19 12:39:00,25.2 ms
2024-10-19 12:39:30,11.7 ms
2024-10-19 12:40:00,17 ms
2024-10-19 12:40:30,30 ms
2024-10-19 12:41:00,125 ms
2024-10-19 12:41:30,13.2 ms
2024-10-19 12:42:00,6 ms
2024-10-19 12:42:30,6 ms
2024-10-19 12:43:00,234 ms
2024-10-19 12:43:30,103 ms
2024-10-19 12:44:00,21.3 ms
2024-10-19 12:44:30,17.1 ms
2024-10-19 12:45:00,231 ms
2024-10-19 12:45:30,109 ms
2024-10-19 12:46:00,29.5 ms
2024-10-19 12:46:30,7.33 ms
2024-10-19 12:47:00,9.17 ms
2024-10-19 12:47:30,22.8 ms
2024-10-19 12:48:00,5 ms
2024-10-19 12:48:30,6.57 ms
2024-10-19 12:49:00,8 ms
2024-10-19 12:49:30,234 ms
2024-10-19 12:50:00,234 ms
2024-10-19 12:50:30,269 ms
2024-10-19 12:51:00,268 ms
2024-10-19 12:51:30,40.7 ms
2024-10-19 12:52:00,14.8 ms
2024-10-19 12:52:30,5 ms
2024-10-19 12:53:00,1.83 ms
2024-10-19 12:53:30,212 ms
2024-10-19 12:54:00,41.2 ms
2024-10-19 12:54:30,75.8 ms
2024-10-19 12:55:00,65.7 ms
2024-10-19 12:55:30,118 ms
2024-10-19 12:56:00,30.8 ms
2024-10-19 12:56:30,12.6 ms
2024-10-19 12:57:00,194 ms
2024-10-19 12:57:30,122 ms
2024-10-19 12:58:00,66.2 ms
2024-10-19 12:58:30,17.8 ms
2024-10-19 12:59:00,24.7 ms
2024-10-19 12:59:30,14.5 ms
2024-10-19 13:00:00,172 ms
2024-10-19 13:00:30,125 ms
2024-10-19 13:01:00,90.2 ms
2024-10-19 13:01:30,92.7 ms
2024-10-19 13:02:00,193 ms
2024-10-19 13:02:30,266 ms
2024-10-19 13:03:00,102 ms
2024-10-19 13:03:30,31.7 ms
2024-10-19 13:04:00,23 ms
2024-10-19 13:04:30,36.6 ms
2024-10-19 13:05:30,196 ms
2024-10-19 13:06:00,213 ms
2024-10-19 13:06:30,16.5 ms
2024-10-19 13:07:00,8.50 ms
2024-10-19 13:07:30,4 ms
2024-10-19 13:08:00,10 ms
2024-10-19 13:08:30,142 ms
2024-10-19 13:09:00,5.71 ms
2024-10-19 13:09:30,9.67 ms
2024-10-19 13:10:00,16.2 ms
2024-10-19 13:10:30,138 ms
2024-10-19 13:11:00,229 ms
2024-10-19 13:11:30,266 ms
2024-10-19 13:12:00,254 ms
2024-10-19 13:12:30,269 ms
2024-10-19 13:13:00,175 ms
2024-10-19 13:13:30,242 ms
2024-10-19 13:14:00,239 ms
2024-10-19 13:14:30,29.2 ms
2024-10-19 13:15:00,206 ms
2024-10-19 13:15:30,102 ms
2024-10-19 13:16:00,4.33 ms
2024-10-19 13:16:30,6 ms
2024-10-19 13:17:30,270 ms
2024-10-19 13:18:00,263 ms
2024-10-19 13:18:30,255 ms
2024-10-19 13:19:00,232 ms
2024-10-19 13:19:30,273 ms
2024-10-19 13:20:00,25 ms
2024-10-19 13:20:30,20.9 ms
2024-10-19 13:21:00,121 ms
2024-10-19 13:21:30,210 ms
2024-10-19 13:22:00,6.83 ms
2024-10-19 13:22:30,152 ms
2024-10-19 13:23:00,216 ms
2024-10-19 13:23:30,256 ms
2024-10-19 13:24:00,188 ms
2024-10-19 13:24:30,35.4 ms
2024-10-19 13:25:30,12.5 ms
2024-10-19 13:26:00,4.17 ms
2024-10-19 13:26:30,6.17 ms
2024-10-19 13:27:00,17.4 ms
2024-10-19 13:27:30,235 ms
2024-10-19 13:28:00,242 ms
2024-10-19 13:28:30,305 ms
2024-10-19 13:29:30,6 ms
2024-10-19 13:30:00,10 ms
2024-10-19 13:30:30,225 ms
2024-10-19 13:31:00,260 ms
2024-10-19 13:31:30,355 ms
2024-10-19 13:32:00,495 ms
2024-10-19 13:32:30,312 ms
2024-10-19 13:33:00,23 ms
2024-10-19 13:33:30,47.3 ms
2024-10-19 13:34:00,73.5 ms
2024-10-19 13:34:30,177 ms
2024-10-19 13:35:00,8.87 ms
2024-10-19 13:35:30,6 ms
2024-10-19 13:36:00,4.33 ms
2024-10-19 13:36:30,2.57 ms
2024-10-19 13:37:00,3.43 ms
2024-10-19 13:37:30,3.17 ms
2024-10-19 13:38:00,110 ms
2024-10-19 13:38:30,66.5 ms
2024-10-19 13:39:00,17.2 ms
2024-10-19 13:39:30,115 ms
2024-10-19 13:40:00,216 ms
2024-10-19 13:40:30,272 ms
2024-10-19 13:41:00,162 ms
2024-10-19 13:41:30,177 ms
2024-10-19 13:42:00,5 ms
2024-10-19 13:42:30,218 ms
2024-10-19 13:43:00,246 ms
2024-10-19 13:43:30,76.5 ms
2024-10-19 13:44:00,6 ms
2024-10-19 13:44:30,4.29 ms
2024-10-19 13:45:00,7.11 ms
2024-10-19 13:45:30,6.50 ms
2024-10-19 13:46:00,5 ms
2024-10-19 13:46:30,4.33 ms
2024-10-19 13:47:00,137 ms
2024-10-19 13:47:30,296 ms
2024-10-19 13:48:00,180 ms
2024-10-19 13:48:30,248 ms
2024-10-19 13:49:00,25.3 ms
2024-10-19 13:49:30,15.5 ms
2024-10-19 13:50:00,9.50 ms
2024-10-19 13:50:30,63.5 ms
2024-10-19 13:51:00,6.50 ms
2024-10-19 13:51:30,6 ms
2024-10-19 13:52:00,34.2 ms
2024-10-19 13:52:30,232 ms
2024-10-19 13:53:00,236 ms
2024-10-19 13:53:30,231 ms
2024-10-19 13:54:00,238 ms
2024-10-19 13:54:30,8.33 ms
2024-10-19 13:55:00,13.5 ms
2024-10-19 13:55:30,86.3 ms
2024-10-19 13:56:00,231 ms
2024-10-19 13:56:30,227 ms
2024-10-19 13:57:00,168 ms
2024-10-19 13:57:30,243 ms
2024-10-19 13:58:00,288 ms
2024-10-19 13:58:30,171 ms
2024-10-19 13:59:00,114 ms
2024-10-19 13:59:30,2.67 ms
2024-10-19 14:00:00,4 ms
2024-10-19 14:00:30,2.29 ms
2024-10-19 14:01:30,314 ms
2024-10-19 14:02:00,120 ms
2024-10-19 14:02:30,172 ms
2024-10-19 14:03:00,199 ms
2024-10-19 14:03:30,89.5 ms
2024-10-19 14:04:00,7.17 ms
2024-10-19 14:04:30,191 ms
2024-10-19 14:05:00,442 ms
2024-10-19 14:05:30,8.83 ms
2024-10-19 14:06:00,4.33 ms
2024-10-19 14:06:30,30.8 ms
2024-10-19 14:07:00,124 ms
2024-10-19 14:07:30,301 ms
2024-10-19 14:08:00,220 ms
2024-10-19 14:08:30,208 ms
2024-10-19 14:09:30,199 ms
2024-10-19 14:10:00,290 ms
2024-10-19 14:10:30,224 ms
2024-10-19 14:11:00,246 ms
2024-10-19 14:11:30,40.3 ms
2024-10-19 14:12:00,18.2 ms
2024-10-19 14:12:30,18.6 ms
2024-10-19 14:13:00,17.5 ms
2024-10-19 14:13:30,22.5 ms
2024-10-19 14:14:00,101 ms
2024-10-19 14:14:30,108 ms
2024-10-19 14:15:00,3.50 ms
2024-10-19 14:15:30,6.33 ms
2024-10-19 14:16:00,20 ms
2024-10-19 14:16:30,11.5 ms
2024-10-19 14:17:00,24.7 ms
2024-10-19 14:17:30,275 ms
2024-10-19 14:18:00,149 ms
2024-10-19 14:18:30,60 ms
2024-10-19 14:19:00,74.5 ms
2024-10-19 14:19:30,13.8 ms
2024-10-19 14:20:00,11.8 ms
2024-10-19 14:20:30,15.1 ms
2024-10-19 14:21:00,149 ms
2024-10-19 14:21:30,5.83 ms
2024-10-19 14:22:00,147 ms
2024-10-19 14:22:30,222 ms
2024-10-19 14:23:00,147 ms
2024-10-19 14:23:30,109 ms
2024-10-19 14:24:00,224 ms
2024-10-19 14:24:30,305 ms
2024-10-19 14:25:00,266 ms
2024-10-19 14:25:30,225 ms
2024-10-19 14:26:00,261 ms
2024-10-19 14:26:30,224 ms
2024-10-19 14:27:00,213 ms
2024-10-19 14:27:30,255 ms
2024-10-19 14:28:00,249 ms
2024-10-19 14:28:30,260 ms
2024-10-19 14:29:00,40 ms
2024-10-19 14:29:30,15.7 ms
2024-10-19 14:30:00,13.3 ms
2024-10-19 14:30:30,22.3 ms
2024-10-19 14:31:00,129 ms
2024-10-19 14:31:30,20 ms
2024-10-19 14:32:00,40.7 ms
2024-10-19 14:32:30,68 ms
2024-10-19 14:33:00,46 ms
2024-10-19 14:33:30,102 ms
2024-10-19 14:34:00,174 ms
2024-10-19 14:34:30,173 ms
2024-10-19 14:35:00,266 ms
2024-10-19 14:35:30,213 ms
2024-10-19 14:36:00,4 ms
2024-10-19 14:36:30,2.86 ms
2024-10-19 14:37:30,23.6 ms
2024-10-19 14:38:00,252 ms
2024-10-19 14:38:30,228 ms
2024-10-19 14:39:00,214 ms
2024-10-19 14:39:30,264 ms
2024-10-19 14:40:00,244 ms
2024-10-19 14:40:30,261 ms
2024-10-19 14:41:00,193 ms
2024-10-19 14:41:30,87.3 ms
2024-10-19 14:42:00,64.3 ms
2024-10-19 14:42:30,122 ms
2024-10-19 14:43:00,30.8 ms
2024-10-19 14:43:30,16.5 ms
2024-10-19 14:44:00,13.4 ms
2024-10-19 14:44:30,159 ms
2024-10-19 14:45:30,300 ms
2024-10-19 14:46:00,230 ms
2024-10-19 14:46:30,253 ms
2024-10-19 14:47:00,234 ms
2024-10-19 14:47:30,298 ms
2024-10-19 14:48:00,58.8 ms
2024-10-19 14:48:30,7.43 ms
2024-10-19 14:49:30,3.53 ms
2024-10-19 14:50:00,227 ms
2024-10-19 14:50:30,196 ms
2024-10-19 14:51:00,73.9 ms
2024-10-19 14:51:30,67.2 ms
2024-10-19 14:52:00,7.17 ms
2024-10-19 14:52:30,69.2 ms
2024-10-19 14:53:00,263 ms
2024-10-19 14:53:30,113 ms
2024-10-19 14:54:00,4.67 ms
2024-10-19 14:54:30,8 ms
2024-10-19 14:55:00,8.33 ms
2024-10-19 14:55:30,165 ms
2024-10-19 14:56:00,397 ms
2024-10-19 14:56:30,453 ms
2024-10-19 14:57:00,492 ms
2024-10-19 14:57:30,37 ms
2024-10-19 14:58:00,6.50 ms
2024-10-19 14:58:30,8.17 ms
2024-10-19 14:59:00,21.3 ms
2024-10-19 14:59:30,266 ms
2024-10-19 15:00:00,265 ms
2024-10-19 15:00:30,209 ms
2024-10-19 15:01:00,5.82 ms
2024-10-19 15:01:30,11.8 ms
2024-10-19 15:02:00,15.7 ms
2024-10-19 15:02:30,82 ms
2024-10-19 15:03:00,245 ms
2024-10-19 15:03:30,299 ms
2024-10-19 15:04:00,127 ms
2024-10-19 15:04:30,3.33 ms
2024-10-19 15:05:00,4.50 ms
2024-10-19 15:05:30,8.17 ms
2024-10-19 15:06:00,206 ms
2024-10-19 15:06:30,83.3 ms
2024-10-19 15:07:00,18.8 ms
2024-10-19 15:07:30,19.5 ms
2024-10-19 15:08:00,132 ms
2024-10-19 15:08:30,160 ms
2024-10-19 15:09:00,166 ms
2024-10-19 15:09:30,8.50 ms
2024-10-19 15:10:00,5.83 ms
2024-10-19 15:10:30,6 ms
2024-10-19 15:11:00,8.33 ms
2024-10-19 15:11:30,27.3 ms
2024-10-19 15:12:00,30.5 ms
2024-10-19 15:12:30,13.4 ms
2024-10-19 15:13:00,8.67 ms
2024-10-19 15:13:30,6 ms
2024-10-19 15:14:00,4.83 ms
2024-10-19 15:14:30,85.7 ms
2024-10-19 15:15:00,4 ms
2024-10-19 15:15:30,2.67 ms
2024-10-19 15:16:00,31 ms
2024-10-19 15:16:30,43.4 ms
2024-10-19 15:17:00,246 ms
2024-10-19 15:17:30,256 ms
2024-10-19 15:18:00,215 ms
2024-10-19 15:18:30,249 ms
2024-10-19 15:19:00,119 ms
2024-10-19 15:19:30,10.3 ms
2024-10-19 15:20:00,13.3 ms
2024-10-19 15:20:30,11.7 ms
2024-10-19 15:21:00,304 ms
2024-10-19 15:21:30,224 ms
2024-10-19 15:22:00,11.3 ms
2024-10-19 15:22:30,9.83 ms
2024-10-19 15:23:00,14.5 ms
2024-10-19 15:23:30,120 ms
2024-10-19 15:24:00,252 ms
2024-10-19 15:24:30,218 ms
2024-10-19 15:25:00,259 ms
2024-10-19 15:25:30,253 ms
2024-10-19 15:26:00,243 ms
2024-10-19 15:26:30,276 ms
2024-10-19 15:27:00,181 ms
2024-10-19 15:27:30,252 ms
2024-10-19 15:28:00,239 ms
2024-10-19 15:28:30,273 ms
2024-10-19 15:29:00,207 ms
2024-10-19 15:29:30,17 ms
2024-10-19 15:30:00,17.7 ms
2024-10-19 15:30:30,8.50 ms
2024-10-19 15:31:00,154 ms
2024-10-19 15:31:30,242 ms
2024-10-19 15:32:00,268 ms
2024-10-19 15:32:30,262 ms
2024-10-19 15:33:00,247 ms
2024-10-19 15:33:30,270 ms
2024-10-19 15:34:00,268 ms
2024-10-19 15:34:30,187 ms
2024-10-19 15:35:00,291 ms
2024-10-19 15:35:30,245 ms
2024-10-19 15:36:00,269 ms
2024-10-19 15:36:30,244 ms
2024-10-19 15:37:00,218 ms
2024-10-19 15:37:30,242 ms
2024-10-19 15:38:00,230 ms
2024-10-19 15:38:30,257 ms
2024-10-19 15:39:00,55.8 ms
2024-10-19 15:39:30,10.5 ms
2024-10-19 15:40:00,16 ms
2024-10-19 15:40:30,3.83 ms
2024-10-19 15:41:00,5.50 ms
2024-10-19 15:41:30,8.67 ms
2024-10-19 15:42:00,8.33 ms
2024-10-19 15:42:30,135 ms
2024-10-19 15:43:00,31.8 ms
2024-10-19 15:43:30,32.8 ms
2024-10-19 15:44:00,6.61 ms
2024-10-19 15:44:30,5.07 ms
2024-10-19 15:45:30,155 ms
2024-10-19 15:46:00,202 ms
2024-10-19 15:46:30,46.6 ms
2024-10-19 15:47:00,11.2 ms
2024-10-19 15:47:30,7.17 ms
2024-10-19 15:48:00,48 ms
2024-10-19 15:48:30,173 ms
2024-10-19 15:49:30,312 ms
2024-10-19 15:50:00,45 ms
2024-10-19 15:50:30,75.3 ms
2024-10-19 15:51:00,128 ms
2024-10-19 15:51:30,187 ms
2024-10-19 15:52:00,171 ms
2024-10-19 15:52:30,70.3 ms
2024-10-19 15:53:00,57.5 ms
2024-10-19 15:53:30,47.2 ms
2024-10-19 15:54:00,4.17 ms
2024-10-19 15:54:30,3.17 ms
2024-10-19 15:55:00,154 ms
2024-10-19 15:55:30,262 ms
2024-10-19 15:56:00,207 ms
2024-10-19 15:56:30,46.4 ms
2024-10-19 15:57:30,6.60 ms
2024-10-19 15:58:00,6.17 ms
2024-10-19 15:58:30,194 ms
2024-10-19 15:59:00,211 ms
2024-10-19 15:59:30,266 ms
2024-10-19 16:00:00,37.8 ms
2024-10-19 16:00:30,12 ms
2024-10-19 16:01:00,272 ms
2024-10-19 16:01:30,305 ms
2024-10-19 16:02:00,227 ms
2024-10-19 16:02:30,124 ms
2024-10-19 16:03:00,191 ms
2024-10-19 16:03:30,46.3 ms
2024-10-19 16:04:00,22.5 ms
2024-10-19 16:04:30,23 ms
2024-10-19 16:05:00,171 ms
2024-10-19 16:05:30,279 ms
2024-10-19 16:06:00,242 ms
2024-10-19 16:06:30,239 ms
2024-10-19 16:07:00,113 ms
2024-10-19 16:07:30,5.83 ms
2024-10-19 16:08:00,4.67 ms
2024-10-19 16:08:30,47.7 ms
2024-10-19 16:09:30,190 ms
2024-10-19 16:10:00,282 ms
2024-10-19 16:10:30,130 ms
2024-10-19 16:11:00,249 ms
2024-10-19 16:11:30,224 ms
2024-10-19 16:12:00,10.7 ms
2024-10-19 16:12:30,18.6 ms
2024-10-19 16:13:30,236 ms
2024-10-19 16:14:00,231 ms
2024-10-19 16:14:30,243 ms
2024-10-19 16:15:00,255 ms
2024-10-19 16:15:30,119 ms
2024-10-19 16:16:00,236 ms
2024-10-19 16:16:30,195 ms
2024-10-19 16:17:00,10.5 ms
2024-10-19 16:17:30,10.2 ms
2024-10-19 16:18:00,7.17 ms
2024-10-19 16:18:30,125 ms
2024-10-19 16:19:00,69 ms
2024-10-19 16:19:30,235 ms
2024-10-19 16:20:00,4.87 ms
2024-10-19 16:20:30,6.67 ms
2024-10-19 16:21:00,7.33 ms
2024-10-19 16:21:30,114 ms
2024-10-19 16:22:00,114 ms
2024-10-19 16:22:30,94.2 ms
2024-10-19 16:23:00,84.5 ms
2024-10-19 16:23:30,140 ms
2024-10-19 16:24:00,228 ms
2024-10-19 16:24:30,210 ms
2024-10-19 16:25:30,257 ms
2024-10-19 16:26:00,165 ms
2024-10-19 16:26:30,192 ms
2024-10-19 16:27:00,252 ms
2024-10-19 16:27:30,240 ms
2024-10-19 16:28:00,229 ms
2024-10-19 16:28:30,13.7 ms
2024-10-19 16:29:30,18.5 ms
2024-10-19 16:30:00,11.2 ms
2024-10-19 16:30:30,16 ms
2024-10-19 16:31:00,171 ms
2024-10-19 16:31:30,299 ms
2024-10-19 16:32:00,229 ms
2024-10-19 16:32:30,161 ms
2024-10-19 16:33:30,7.65 ms
2024-10-19 16:34:00,6.33 ms
2024-10-19 16:34:30,78.7 ms
2024-10-19 16:35:00,15.2 ms
2024-10-19 16:35:30,2.83 ms
2024-10-19 16:36:00,2.83 ms
2024-10-19 16:36:30,3.43 ms
2024-10-19 16:37:00,4 ms
2024-10-19 16:37:30,4.50 ms
2024-10-19 16:38:00,40.3 ms
2024-10-19 16:38:30,5.67 ms
2024-10-19 16:39:00,4.67 ms
2024-10-19 16:39:30,6.67 ms
2024-10-19 16:40:00,6.50 ms
2024-10-19 16:40:30,6 ms
2024-10-19 16:41:00,168 ms
2024-10-19 16:41:30,191 ms
2024-10-19 16:42:00,276 ms
2024-10-19 16:42:30,189 ms
2024-10-19 16:43:00,23.2 ms
2024-10-19 16:43:30,110 ms
2024-10-19 16:44:00,231 ms
2024-10-19 16:44:30,290 ms
2024-10-19 16:45:30,245 ms
2024-10-19 16:46:00,119 ms
2024-10-19 16:46:30,38.8 ms
2024-10-19 16:47:00,9 ms
2024-10-19 16:47:30,139 ms
2024-10-19 16:48:00,20.8 ms
2024-10-19 16:48:30,45.7 ms
2024-10-19 16:49:00,248 ms
2024-10-19 16:49:30,231 ms
2024-10-19 16:50:00,283 ms
2024-10-19 16:50:30,240 ms
2024-10-19 16:51:00,229 ms
2024-10-19 16:51:30,79.7 ms
2024-10-19 16:52:00,27 ms
2024-10-19 16:52:30,302 ms
2024-10-19 16:53:00,157 ms
2024-10-19 16:53:30,215 ms
2024-10-19 16:54:00,115 ms
2024-10-19 16:54:30,27.8 ms
2024-10-19 16:55:00,26.2 ms
2024-10-19 16:55:30,46.7 ms
2024-10-19 16:56:00,34.7 ms
2024-10-19 16:56:30,11.5 ms
2024-10-19 16:57:00,13.8 ms
2024-10-19 16:57:30,53.5 ms
2024-10-19 16:58:00,170 ms
2024-10-19 16:58:30,225 ms
2024-10-19 16:59:00,281 ms
2024-10-19 16:59:30,189 ms
2024-10-19 17:00:00,278 ms
2024-10-19 17:00:30,236 ms
2024-10-19 17:01:00,243 ms
2024-10-19 17:01:30,79.8 ms
2024-10-19 17:02:00,30.8 ms
2024-10-19 17:02:30,19.7 ms
2024-10-19 17:03:00,193 ms
2024-10-19 17:03:30,166 ms
2024-10-19 17:04:00,224 ms
2024-10-19 17:04:30,254 ms
2024-10-19 17:05:00,127 ms
2024-10-19 17:05:30,242 ms
2024-10-19 17:06:00,137 ms
2024-10-19 17:06:30,4 ms
2024-10-19 17:07:00,2.67 ms
2024-10-19 17:07:30,37.9 ms
2024-10-19 17:08:00,258 ms
2024-10-19 17:08:30,190 ms
2024-10-19 17:09:00,338 ms
2024-10-19 17:09:30,115 ms
2024-10-19 17:10:00,132 ms
2024-10-19 17:10:30,23.8 ms
2024-10-19 17:11:00,37.7 ms
2024-10-19 17:11:30,23.5 ms
2024-10-19 17:12:00,9.17 ms
2024-10-19 17:12:30,84.3 ms
2024-10-19 17:13:00,270 ms
2024-10-19 17:13:30,255 ms
2024-10-19 17:14:00,243 ms
2024-10-19 17:14:30,11.7 ms
2024-10-19 17:15:00,14.4 ms
2024-10-19 17:15:30,10.3 ms
2024-10-19 17:16:00,106 ms
2024-10-19 17:16:30,237 ms
2024-10-19 17:17:00,262 ms
2024-10-19 17:17:30,145 ms
2024-10-19 17:18:00,4.35 ms
2024-10-19 17:18:30,5 ms
2024-10-19 17:19:00,3.67 ms
2024-10-19 17:19:30,48.8 ms
2024-10-19 17:20:00,78.3 ms
2024-10-19 17:20:30,119 ms
2024-10-19 17:21:00,12.2 ms
2024-10-19 17:21:30,61.5 ms
2024-10-19 17:22:00,184 ms
2024-10-19 17:22:30,294 ms
2024-10-19 17:23:00,255 ms
2024-10-19 17:23:30,249 ms
2024-10-19 17:24:00,138 ms
2024-10-19 17:24:30,12.3 ms
2024-10-19 17:25:30,64.2 ms
2024-10-19 17:26:00,210 ms
2024-10-19 17:26:30,11.8 ms
2024-10-19 17:27:00,13.2 ms
2024-10-19 17:27:30,5.04 ms
2024-10-19 17:28:00,6.67 ms
2024-10-19 17:28:30,6.13 ms
2024-10-19 17:29:30,1.71 ms
2024-10-19 17:30:00,2.83 ms
2024-10-19 17:30:30,212 ms
2024-10-19 17:31:00,45.7 ms
2024-10-19 17:31:30,39.7 ms
2024-10-19 17:32:00,15.1 ms
2024-10-19 17:32:30,90.5 ms
2024-10-19 17:33:00,135 ms
2024-10-19 17:33:30,6.67 ms
2024-10-19 17:34:00,9.17 ms
2024-10-19 17:34:30,15.5 ms
2024-10-19 17:35:00,55.2 ms
2024-10-19 17:35:30,240 ms
2024-10-19 17:36:00,214 ms
2024-10-19 17:36:30,228 ms
2024-10-19 17:37:30,180 ms
2024-10-19 17:38:00,240 ms
2024-10-19 17:38:30,72.5 ms
2024-10-19 17:39:00,27 ms
2024-10-19 17:39:30,47.8 ms
2024-10-19 17:40:00,248 ms
2024-10-19 17:40:30,193 ms
2024-10-19 17:41:30,51.0 ms
2024-10-19 17:42:00,13.8 ms
2024-10-19 17:42:30,145 ms
2024-10-19 17:43:00,38.5 ms
2024-10-19 17:43:30,158 ms
2024-10-19 17:44:00,167 ms
2024-10-19 17:44:30,12 ms
2024-10-19 17:45:30,88.5 ms
2024-10-19 17:46:00,6.17 ms
2024-10-19 17:46:30,5 ms
2024-10-19 17:47:00,13.3 ms
2024-10-19 17:47:30,18.2 ms
2024-10-19 17:48:00,6.17 ms
2024-10-19 17:48:30,8.86 ms
2024-10-19 17:49:00,13.7 ms
2024-10-19 17:49:30,6.67 ms
2024-10-19 17:50:00,2.67 ms
2024-10-19 17:50:30,4.33 ms
2024-10-19 17:51:00,5.17 ms
2024-10-19 17:51:30,44.2 ms
2024-10-19 17:52:00,4.83 ms
2024-10-19 17:52:30,6.67 ms
2024-10-19 17:53:00,147 ms
2024-10-19 17:53:30,221 ms
2024-10-19 17:54:00,21.2 ms
2024-10-19 17:54:30,8 ms
2024-10-19 17:55:00,5.33 ms
2024-10-19 17:55:30,5.33 ms
2024-10-19 17:56:00,123 ms
2024-10-19 17:56:30,21.5 ms
2024-10-19 17:57:00,179 ms
2024-10-19 17:57:30,5 ms
2024-10-19 17:58:00,4.17 ms
2024-10-19 17:58:30,4.83 ms
2024-10-19 17:59:00,129 ms
2024-10-19 17:59:30,5.67 ms
2024-10-19 18:00:00,6.17 ms
2024-10-19 18:00:30,5.14 ms
2024-10-19 18:01:30,221 ms
2024-10-19 18:02:00,3.83 ms
2024-10-19 18:02:30,9.17 ms
2024-10-19 18:03:00,184 ms
2024-10-19 18:03:30,84.3 ms
2024-10-19 18:04:00,172 ms
2024-10-19 18:04:30,63.1 ms
2024-10-19 18:05:30,5.14 ms
2024-10-19 18:06:00,6.50 ms
2024-10-19 18:06:30,4.50 ms
2024-10-19 18:07:00,102 ms
2024-10-19 18:07:30,274 ms
2024-10-19 18:08:00,243 ms
2024-10-19 18:08:30,56.8 ms
2024-10-19 18:09:00,75.3 ms
2024-10-19 18:09:30,42 ms
2024-10-19 18:10:00,4.70 ms
2024-10-19 18:10:30,28.5 ms
2024-10-19 18:11:00,203 ms
2024-10-19 18:11:30,12.5 ms
2024-10-19 18:12:00,153 ms
2024-10-19 18:12:30,227 ms
2024-10-19 18:13:00,6.80 ms
2024-10-19 18:13:30,9.50 ms
2024-10-19 18:14:00,4.50 ms
2024-10-19 18:14:30,8.87 ms
2024-10-19 18:15:00,61.8 ms
2024-10-19 18:15:30,66.2 ms
2024-10-19 18:16:00,195 ms
2024-10-19 18:16:30,253 ms
2024-10-19 18:17:00,160 ms
2024-10-19 18:17:30,260 ms
2024-10-19 18:18:00,179 ms
2024-10-19 18:18:30,109 ms
2024-10-19 18:19:00,234 ms
2024-10-19 18:19:30,276 ms
2024-10-19 18:20:00,156 ms
2024-10-19 18:20:30,5.33 ms
2024-10-19 18:21:00,176 ms
2024-10-19 18:21:30,224 ms
2024-10-19 18:22:00,262 ms
2024-10-19 18:22:30,109 ms
2024-10-19 18:23:00,250 ms
2024-10-19 18:23:30,183 ms
2024-10-19 18:24:00,82 ms
2024-10-19 18:24:30,155 ms
2024-10-19 18:25:00,4 ms
2024-10-19 18:25:30,4 ms
2024-10-19 18:26:00,5.33 ms
2024-10-19 18:26:30,97.2 ms
2024-10-19 18:27:00,272 ms
2024-10-19 18:27:30,277 ms
2024-10-19 18:28:00,95.2 ms
2024-10-19 18:28:30,253 ms
2024-10-19 18:29:30,266 ms
2024-10-19 18:30:00,209 ms
2024-10-19 18:30:30,129 ms
2024-10-19 18:31:00,77.2 ms
2024-10-19 18:31:30,55.2 ms
2024-10-19 18:32:00,166 ms
2024-10-19 18:32:30,243 ms
2024-10-19 18:33:30,23.8 ms
2024-10-19 18:34:00,104 ms
2024-10-19 18:34:30,18.5 ms
2024-10-19 18:35:00,7.17 ms
2024-10-19 18:35:30,4.50 ms
2024-10-19 18:36:00,4.17 ms
2024-10-19 18:36:30,6.86 ms
2024-10-19 18:37:00,3 ms
2024-10-19 18:37:30,68.8 ms
2024-10-19 18:38:00,120 ms
2024-10-19 18:38:30,265 ms
2024-10-19 18:39:00,227 ms
2024-10-19 18:39:30,218 ms
2024-10-19 18:40:00,275 ms
2024-10-19 18:40:30,218 ms
2024-10-19 18:41:00,60.3 ms
2024-10-19 18:41:30,22.5 ms
2024-10-19 18:42:00,37.8 ms
2024-10-19 18:42:30,154 ms
2024-10-19 18:43:00,266 ms
2024-10-19 18:43:30,189 ms
2024-10-19 18:44:00,7.17 ms
2024-10-19 18:44:30,153 ms
2024-10-19 18:45:30,50.9 ms
2024-10-19 18:46:00,76.5 ms
2024-10-19 18:46:30,9.50 ms
2024-10-19 18:47:00,4.33 ms
2024-10-19 18:47:30,6.17 ms
2024-10-19 18:48:00,4.87 ms
2024-10-19 18:48:30,52.5 ms
2024-10-19 18:49:00,285 ms
2024-10-19 18:49:30,87.7 ms
2024-10-19 18:50:00,18.5 ms
2024-10-19 18:50:30,45.8 ms
2024-10-19 18:51:00,6 ms
2024-10-19 18:51:30,29.7 ms
2024-10-19 18:52:00,83.5 ms
2024-10-19 18:52:30,82.6 ms
2024-10-19 18:53:00,22.4 ms
2024-10-19 18:53:30,7 ms
2024-10-19 18:54:00,4.33 ms
2024-10-19 18:54:30,2.96 ms
2024-10-19 18:55:00,28 ms
2024-10-19 18:55:30,29.8 ms
2024-10-19 18:56:00,14.3 ms
2024-10-19 18:56:30,235 ms
2024-10-19 18:57:30,226 ms
2024-10-19 18:58:00,48.7 ms
2024-10-19 18:58:30,5.67 ms
2024-10-19 18:59:00,4.83 ms
2024-10-19 18:59:30,9.17 ms
2024-10-19 19:00:00,252 ms
2024-10-19 19:00:30,91.4 ms
2024-10-19 19:01:00,30.4 ms
2024-10-19 19:01:30,15.7 ms
2024-10-19 19:02:00,19.0 ms
2024-10-19 19:02:30,124 ms
2024-10-19 19:03:00,292 ms
2024-10-19 19:03:30,253 ms
2024-10-19 19:04:00,201 ms
2024-10-19 19:04:30,226 ms
2024-10-19 19:05:00,317 ms
2024-10-19 19:05:30,207 ms
2024-10-19 19:06:00,78.5 ms
2024-10-19 19:06:30,34.1 ms
2024-10-19 19:07:00,27.2 ms
2024-10-19 19:07:30,9 ms
2024-10-19 19:08:00,228 ms
2024-10-19 19:08:30,197 ms
2024-10-19 19:09:00,224 ms
2024-10-19 19:09:30,245 ms
2024-10-19 19:10:00,262 ms
2024-10-19 19:10:30,198 ms
2024-10-19 19:11:00,261 ms
2024-10-19 19:11:30,112 ms
2024-10-19 19:12:00,74.2 ms
2024-10-19 19:12:30,231 ms
2024-10-19 19:13:00,225 ms
2024-10-19 19:13:30,187 ms
2024-10-19 19:14:00,7.17 ms
2024-10-19 19:14:30,7.17 ms
2024-10-19 19:15:00,4.87 ms
2024-10-19 19:15:30,35.8 ms
2024-10-19 19:16:00,276 ms
2024-10-19 19:16:30,239 ms
2024-10-19 19:17:30,10.3 ms
2024-10-19 19:18:00,10.3 ms
2024-10-19 19:18:30,131 ms
2024-10-19 19:19:00,260 ms
2024-10-19 19:19:30,261 ms
2024-10-19 19:20:00,237 ms
2024-10-19 19:20:30,260 ms
2024-10-19 19:21:30,33.6 ms
2024-10-19 19:22:00,52.5 ms
2024-10-19 19:22:30,8.16 ms
2024-10-19 19:23:00,5.74 ms
2024-10-19 19:23:30,8.33 ms
2024-10-19 19:24:00,6.83 ms
2024-10-19 19:24:30,4.53 ms
2024-10-19 19:25:30,40 ms
2024-10-19 19:26:00,3.17 ms
2024-10-19 19:26:30,2.67 ms
2024-10-19 19:27:00,42.2 ms
2024-10-19 19:27:30,236 ms
2024-10-19 19:28:00,213 ms
2024-10-19 19:28:30,274 ms
2024-10-19 19:29:30,218 ms
2024-10-19 19:30:00,144 ms
2024-10-19 19:30:30,5.57 ms
2024-10-19 19:31:00,3.50 ms
2024-10-19 19:31:30,4 ms
2024-10-19 19:32:00,8 ms
2024-10-19 19:32:30,12 ms
2024-10-19 19:33:30,203 ms
2024-10-19 19:34:00,54 ms
2024-10-19 19:34:30,106 ms
2024-10-19 19:35:00,283 ms
2024-10-19 19:35:30,213 ms
2024-10-19 19:36:00,46.6 ms
2024-10-19 19:36:30,33.9 ms
2024-10-19 19:37:30,57.6 ms
2024-10-19 19:38:00,110 ms
2024-10-19 19:38:30,225 ms
2024-10-19 19:39:00,276 ms
2024-10-19 19:39:30,126 ms
2024-10-19 19:40:00,4.70 ms
2024-10-19 19:40:30,4.53 ms
2024-10-19 19:41:30,7.24 ms
2024-10-19 19:42:00,197 ms
2024-10-19 19:42:30,12 ms
2024-10-19 19:43:00,32.3 ms
2024-10-19 19:43:30,54.7 ms
2024-10-19 19:44:00,52.3 ms
2024-10-19 19:44:30,4.80 ms
2024-10-19 19:45:30,23.1 ms
2024-10-19 19:46:00,127 ms
2024-10-19 19:46:30,14 ms
2024-10-19 19:47:00,25.3 ms
2024-10-19 19:47:30,131 ms
2024-10-19 19:48:00,35 ms
2024-10-19 19:48:30,9.14 ms
2024-10-19 19:49:30,194 ms
2024-10-19 19:50:00,230 ms
2024-10-19 19:50:30,31.5 ms
2024-10-19 19:51:00,3.17 ms
2024-10-19 19:51:30,1.83 ms
2024-10-19 19:52:00,19.5 ms
2024-10-19 19:52:30,275 ms
2024-10-19 19:53:00,22.3 ms
2024-10-19 19:53:30,51.8 ms
2024-10-19 19:54:00,235 ms
2024-10-19 19:54:30,182 ms
2024-10-19 19:55:00,15.5 ms
2024-10-19 19:55:30,30.7 ms
2024-10-19 19:56:00,114 ms
2024-10-19 19:56:30,269 ms
2024-10-19 19:57:30,266 ms
2024-10-19 19:58:00,228 ms
2024-10-19 19:58:30,233 ms
2024-10-19 19:59:00,230 ms
2024-10-19 19:59:30,241 ms
2024-10-19 20:00:00,246 ms
2024-10-19 20:00:30,303 ms
2024-10-19 20:01:30,148 ms
2024-10-19 20:02:00,166 ms
2024-10-19 20:02:30,4.50 ms
2024-10-19 20:03:00,5.33 ms
2024-10-19 20:03:30,14 ms
2024-10-19 20:04:00,103 ms
2024-10-19 20:04:30,299 ms
2024-10-19 20:05:00,184 ms
2024-10-19 20:05:30,267 ms
2024-10-19 20:06:00,65 ms
2024-10-19 20:06:30,3.17 ms
2024-10-19 20:07:00,11 ms
2024-10-19 20:07:30,109 ms
2024-10-19 20:08:00,86.8 ms
2024-10-19 20:08:30,4 ms
2024-10-19 20:09:30,129 ms
2024-10-19 20:10:00,25.5 ms
2024-10-19 20:10:30,27.7 ms
2024-10-19 20:11:00,12.2 ms
2024-10-19 20:11:30,11.5 ms
2024-10-19 20:12:00,191 ms
2024-10-19 20:12:30,5.14 ms
2024-10-19 20:13:00,2.40 ms
2024-10-19 20:13:30,4.67 ms
2024-10-19 20:14:00,6.78 ms
2024-10-19 20:14:30,222 ms
2024-10-19 20:15:00,219 ms
2024-10-19 20:15:30,287 ms
2024-10-19 20:16:00,255 ms
2024-10-19 20:16:30,210 ms
2024-10-19 20:17:30,4 ms
2024-10-19 20:18:00,5 ms
2024-10-19 20:18:30,6.17 ms
2024-10-19 20:19:00,70.3 ms
2024-10-19 20:19:30,273 ms
2024-10-19 20:20:00,257 ms
2024-10-19 20:20:30,307 ms
2024-10-19 20:21:30,130 ms
2024-10-19 20:21:59,278 ms