"Time","payload_data_details_txFailed {Aptech=""wifi"", mac_address=""c8:3a:35:a0:05:fd""}"
2024-10-18 20:21:30,470837
2024-10-18 20:22:00,470837
2024-10-18 20:22:30,470837
2024-10-18 20:23:00,470837
2024-10-18 20:23:30,470837
2024-10-18 20:24:00,470837
2024-10-18 20:24:30,470837
2024-10-18 20:25:30,470837
2024-10-18 20:26:00,470837
2024-10-18 20:26:30,470837
2024-10-18 20:27:00,470837
2024-10-18 20:27:30,470837
2024-10-18 20:28:00,470837
2024-10-18 20:28:30,470837
2024-10-18 20:29:00,470837
2024-10-18 20:29:30,470837
2024-10-18 20:30:00,470837
2024-10-18 20:30:30,470837
2024-10-18 20:31:00,470837
2024-10-18 20:31:30,470837
2024-10-18 20:32:00,470837
2024-10-18 20:32:30,470837
2024-10-18 20:33:00,470837
2024-10-18 20:33:30,470837
2024-10-18 20:34:00,470837
2024-10-18 20:34:30,470837
2024-10-18 20:35:00,470837
2024-10-18 20:35:30,470837
2024-10-18 20:36:00,470837
2024-10-18 20:36:30,470837
2024-10-18 20:37:30,511697
2024-10-18 20:38:00,536878
2024-10-18 20:38:30,539283
2024-10-18 20:39:00,539283
2024-10-18 20:39:30,539283
2024-10-18 20:40:00,539283
2024-10-18 20:40:30,539283
2024-10-18 20:41:00,539283
2024-10-18 20:41:30,539283
2024-10-18 20:42:00,539283
2024-10-18 20:42:30,539283
2024-10-18 20:43:00,539283
2024-10-18 20:43:30,539283
2024-10-18 20:44:00,539283
2024-10-18 20:44:30,539283
2024-10-18 20:45:00,539283
2024-10-18 20:45:30,539283
2024-10-18 20:46:00,539283
2024-10-18 20:46:30,539283
2024-10-18 20:47:00,539283
2024-10-18 20:47:30,539283
2024-10-18 20:48:00,539283
2024-10-18 20:48:30,539283
2024-10-18 20:49:30,539283
2024-10-18 20:50:00,539283
2024-10-18 20:50:30,539283
2024-10-18 20:51:00,539283
2024-10-18 20:51:30,539283
2024-10-18 20:52:00,539283
2024-10-18 20:52:30,539283
2024-10-18 20:53:00,539283
2024-10-18 20:53:30,539283
2024-10-18 20:54:00,571847
2024-10-18 20:54:30,623225
2024-10-18 20:55:00,626218
2024-10-18 20:55:30,626218
2024-10-18 20:56:00,626218
2024-10-18 20:56:30,626218
2024-10-18 20:57:00,626218
2024-10-18 20:57:30,626218
2024-10-18 20:58:00,626218
2024-10-18 20:58:30,627192
2024-10-18 20:59:00,655559
2024-10-18 20:59:30,813411
2024-10-18 21:00:00,924135
2024-10-18 21:00:30,994976
2024-10-18 21:01:00,1063711
2024-10-18 21:01:30,1088076
2024-10-18 21:02:00,1088076
2024-10-18 21:02:30,1088076
2024-10-18 21:03:00,1088076
2024-10-18 21:03:30,1088076
2024-10-18 21:04:00,1088076
2024-10-18 21:04:30,1088076
2024-10-18 21:05:00,1088076
2024-10-18 21:05:30,1088076
2024-10-18 21:06:00,1088076
2024-10-18 21:06:30,1088076
2024-10-18 21:07:00,1088076
2024-10-18 21:07:30,1088076
2024-10-18 21:08:00,1088076
2024-10-18 21:08:30,1088076
2024-10-18 21:09:00,1088076
2024-10-18 21:09:30,1088076
2024-10-18 21:10:00,1088076
2024-10-18 21:10:30,1088076
2024-10-18 21:11:00,1088076
2024-10-18 21:11:30,1088076
2024-10-18 21:12:00,1088076
2024-10-18 21:12:30,1088076
2024-10-18 21:13:00,1088076
2024-10-18 21:13:30,1099245
2024-10-18 21:14:00,1142761
2024-10-18 21:14:30,1144533
2024-10-18 21:15:00,1144534
2024-10-18 21:15:30,1144534
2024-10-18 21:16:00,1146467
2024-10-18 21:16:30,1153588
2024-10-18 21:17:00,1223586
2024-10-18 21:17:30,1223586
2024-10-18 21:18:00,1223586
2024-10-18 21:18:30,1223586
2024-10-18 21:19:00,1223586
2024-10-18 21:19:30,1223586
2024-10-18 21:20:00,1223586
2024-10-18 21:20:30,1223586
2024-10-18 21:21:00,1223586
2024-10-18 21:21:30,1223586
2024-10-18 21:22:00,1223586
2024-10-18 21:22:30,1223586
2024-10-18 21:23:00,1223586
2024-10-18 21:23:30,1223586
2024-10-18 21:24:00,1223586
2024-10-18 21:24:30,1223586
2024-10-18 21:25:30,1223586
2024-10-18 21:26:00,1223586
2024-10-18 21:26:30,1223586
2024-10-18 21:27:00,1223586
2024-10-18 21:27:30,1223586
2024-10-18 21:28:00,1223586
2024-10-18 21:28:30,1223586
2024-10-18 21:29:00,1257101
2024-10-18 21:29:30,1305192
2024-10-18 21:30:00,1358237
2024-10-18 21:30:30,1413890
2024-10-18 21:31:00,1425469
2024-10-18 21:31:30,1425469
2024-10-18 21:32:00,1425469
2024-10-18 21:32:30,1425469
2024-10-18 21:33:00,1425469
2024-10-18 21:33:30,1425469
2024-10-18 21:34:00,1425469
2024-10-18 21:34:30,1425469
2024-10-18 21:35:00,1425469
2024-10-18 21:35:30,1425469
2024-10-18 21:36:00,1425469
2024-10-18 21:36:30,1425469
2024-10-18 21:37:00,1425469
2024-10-18 21:37:30,1425469
2024-10-18 21:38:00,1425469
2024-10-18 21:38:30,1425469
2024-10-18 21:39:00,1425469
2024-10-18 21:39:30,1425469
2024-10-18 21:40:00,1425469
2024-10-18 21:40:30,1430053
2024-10-18 21:41:00,1447748
2024-10-18 21:41:30,1447753
2024-10-18 21:42:00,1447753
2024-10-18 21:42:30,1447753
2024-10-18 21:43:00,1447753
2024-10-18 21:43:30,1447753
2024-10-18 21:44:00,1447753
2024-10-18 21:44:30,1447753
2024-10-18 21:45:00,1447753
2024-10-18 21:45:30,1447753
2024-10-18 21:46:00,1447753
2024-10-18 21:46:30,1447753
2024-10-18 21:47:00,1447753
2024-10-18 21:47:30,1447753
2024-10-18 21:48:00,1447753
2024-10-18 21:48:30,1447753
2024-10-18 21:49:00,1447753
2024-10-18 21:49:30,1447753
2024-10-18 21:50:00,1447753
2024-10-18 21:50:30,1447753
2024-10-18 21:51:00,1447753
2024-10-18 21:51:30,1447753
2024-10-18 21:52:00,1463480
2024-10-18 21:52:30,1492072
2024-10-18 21:53:00,1502030
2024-10-18 21:53:30,1502030
2024-10-18 21:54:00,1502030
2024-10-18 21:54:30,1502030
2024-10-18 21:55:00,1502030
2024-10-18 21:55:30,1502030
2024-10-18 21:56:00,1502030
2024-10-18 21:56:30,1502030
2024-10-18 21:57:00,1502030
2024-10-18 21:57:30,1502030
2024-10-18 21:58:00,1502030
2024-10-18 21:58:30,1502030
2024-10-18 21:59:00,1502030
2024-10-18 21:59:30,1502030
2024-10-18 22:00:00,1502030
2024-10-18 22:00:30,1502030
2024-10-18 22:01:00,1502030
2024-10-18 22:01:30,1502030
2024-10-18 22:02:00,1502030
2024-10-18 22:02:30,1502030
2024-10-18 22:03:00,1502030
2024-10-18 22:03:30,1502030
2024-10-18 22:04:00,1502030
2024-10-18 22:04:30,1502030
2024-10-18 22:05:00,1502030
2024-10-18 22:05:30,1502030
2024-10-18 22:06:00,1502030
2024-10-18 22:06:30,1502030
2024-10-18 22:07:00,1502030
2024-10-18 22:07:30,1502030
2024-10-18 22:08:00,1503780
2024-10-18 22:08:30,1524652
2024-10-18 22:09:00,1524923
2024-10-18 22:09:30,1524923
2024-10-18 22:10:00,1524923
2024-10-18 22:10:30,1524923
2024-10-18 22:11:00,1524923
2024-10-18 22:11:30,1524923
2024-10-18 22:12:00,1524923
2024-10-18 22:12:30,1524923
2024-10-18 22:13:00,1524923
2024-10-18 22:13:30,1524923
2024-10-18 22:14:00,1524923
2024-10-18 22:14:30,1524923
2024-10-18 22:15:00,1524923
2024-10-18 22:15:30,1538156
2024-10-18 22:16:00,1550015
2024-10-18 22:16:30,1550015
2024-10-18 22:17:00,1550015
2024-10-18 22:17:30,1550015
2024-10-18 22:18:00,1550015
2024-10-18 22:18:30,1550015
2024-10-18 22:19:00,1550015
2024-10-18 22:19:30,1550015
2024-10-18 22:20:00,1550015
2024-10-18 22:20:30,1550015
2024-10-18 22:21:30,1550015
2024-10-18 22:22:00,1550015
2024-10-18 22:22:30,1550015
2024-10-18 22:23:00,1550015
2024-10-18 22:23:30,1550015
2024-10-18 22:24:00,1550015
2024-10-18 22:24:30,1550015
2024-10-18 22:25:00,1550015
2024-10-18 22:25:30,1550015
2024-10-18 22:26:00,1550015
2024-10-18 22:26:30,1550015
2024-10-18 22:27:00,1550015
2024-10-18 22:27:30,1550015
2024-10-18 22:28:00,1550015
2024-10-18 22:28:30,1550015
2024-10-18 22:29:00,1550015
2024-10-18 22:29:30,1550015
2024-10-18 22:30:00,1550015
2024-10-18 22:30:30,1550015
2024-10-18 22:31:00,1550015
2024-10-18 22:31:30,1550015
2024-10-18 22:32:00,1550015
2024-10-18 22:32:30,1550015
2024-10-18 22:33:00,1550015
2024-10-18 22:33:30,1550015
2024-10-18 22:34:00,1550015
2024-10-18 22:34:30,1550015
2024-10-18 22:35:00,1550015
2024-10-18 22:35:30,1550015
2024-10-18 22:36:00,1550015
2024-10-18 22:36:30,1550015
2024-10-18 22:37:00,1550015
2024-10-18 22:37:30,1550015
2024-10-18 22:38:00,1550015
2024-10-18 22:38:30,1550015
2024-10-18 22:39:00,1550015
2024-10-18 22:39:30,1550015
2024-10-18 22:40:00,1550015
2024-10-18 22:40:30,1551132
2024-10-18 22:41:00,1552163
2024-10-18 22:41:30,1552163
2024-10-18 22:42:00,1552163
2024-10-18 22:42:30,1552163
2024-10-18 22:43:00,1552163
2024-10-18 22:43:30,1552163
2024-10-18 22:44:00,1552294
2024-10-18 22:44:30,1553401
2024-10-18 22:45:00,1553401
2024-10-18 22:45:30,1553401
2024-10-18 22:46:00,1553401
2024-10-18 22:46:30,1553401
2024-10-18 22:47:00,1553401
2024-10-18 22:47:30,1553401
2024-10-18 22:48:00,1553401
2024-10-18 22:48:30,1553401
2024-10-18 22:49:30,1553401
2024-10-18 22:50:00,1553401
2024-10-18 22:50:30,1553509
2024-10-18 22:51:00,1566505
2024-10-18 22:51:30,1573942
2024-10-18 22:52:00,1573942
2024-10-18 22:52:30,1573942
2024-10-18 22:53:00,1573942
2024-10-18 22:53:30,1573942
2024-10-18 22:54:00,1573942
2024-10-18 22:54:30,1573942
2024-10-18 22:55:00,1573942
2024-10-18 22:55:30,1573942
2024-10-18 22:56:00,1573942
2024-10-18 22:56:30,1573942
2024-10-18 22:57:00,1573942
2024-10-18 22:57:30,1573942
2024-10-18 22:58:00,1573942
2024-10-18 22:58:30,1573942
2024-10-18 22:59:00,1573942
2024-10-18 22:59:30,1573942
2024-10-18 23:00:00,1573942
2024-10-18 23:00:30,1574059
2024-10-18 23:01:30,1583734
2024-10-18 23:02:00,1583734
2024-10-18 23:02:30,1583734
2024-10-18 23:03:00,1583734
2024-10-18 23:03:30,1583734
2024-10-18 23:04:00,1583734
2024-10-18 23:04:30,1583734
2024-10-18 23:05:00,1583734
2024-10-18 23:05:30,1583734
2024-10-18 23:06:00,1583734
2024-10-18 23:06:30,1583734
2024-10-18 23:07:00,1583734
2024-10-18 23:07:30,1583734
2024-10-18 23:08:00,1583734
2024-10-18 23:08:30,1583734
2024-10-18 23:09:00,1583734
2024-10-18 23:09:30,1583734
2024-10-18 23:10:00,1583734
2024-10-18 23:10:30,1583734
2024-10-18 23:11:00,1583734
2024-10-18 23:11:30,1583734
2024-10-18 23:12:00,1583734
2024-10-18 23:12:30,1583734
2024-10-18 23:13:00,1605149
2024-10-18 23:13:30,1773173
2024-10-18 23:14:00,1824981
2024-10-18 23:14:30,1843283
2024-10-18 23:15:00,1843930
2024-10-18 23:15:30,1846522
2024-10-18 23:16:00,1846522
2024-10-18 23:16:30,1846522
2024-10-18 23:17:00,1846522
2024-10-18 23:17:30,1846522
2024-10-18 23:18:00,1846522
2024-10-18 23:18:30,1846522
2024-10-18 23:19:00,1846522
2024-10-18 23:19:30,1846522
2024-10-18 23:20:00,1846522
2024-10-18 23:20:30,1846522
2024-10-18 23:21:00,1846522
2024-10-18 23:21:30,1846522
2024-10-18 23:22:00,1846522
2024-10-18 23:22:30,1846522
2024-10-18 23:23:00,1846522
2024-10-18 23:23:30,1846522
2024-10-18 23:24:00,1846522
2024-10-18 23:24:30,1846522
2024-10-18 23:25:00,1846522
2024-10-18 23:25:30,1846522
2024-10-18 23:26:00,1846522
2024-10-18 23:26:30,1846522
2024-10-18 23:27:00,1846522
2024-10-18 23:27:30,1846522
2024-10-18 23:28:00,1846522
2024-10-18 23:28:30,1846522
2024-10-18 23:29:00,1846522
2024-10-18 23:29:30,1846522
2024-10-18 23:30:00,1846522
2024-10-18 23:30:30,1846522
2024-10-18 23:31:00,1846522
2024-10-18 23:31:30,1846522
2024-10-18 23:32:00,1846522
2024-10-18 23:32:30,1846522
2024-10-18 23:33:00,1846522
2024-10-18 23:33:30,1846522
2024-10-18 23:34:00,1846522
2024-10-18 23:34:30,1846522
2024-10-18 23:35:00,1846522
2024-10-18 23:35:30,1846522
2024-10-18 23:36:00,1846522
2024-10-18 23:36:30,1846522
2024-10-18 23:37:00,1846522
2024-10-18 23:37:30,1846522
2024-10-18 23:38:00,1846522
2024-10-18 23:38:30,1846522
2024-10-18 23:39:00,1846522
2024-10-18 23:39:30,1846522
2024-10-18 23:40:00,1846522
2024-10-18 23:40:30,1846522
2024-10-18 23:41:00,1909474
2024-10-18 23:41:30,1950200
2024-10-18 23:42:00,2021077
2024-10-18 23:42:30,2029840
2024-10-18 23:43:00,2073007
2024-10-18 23:43:30,2078973
2024-10-18 23:44:00,2078973
2024-10-18 23:44:30,2078973
2024-10-18 23:45:00,2078973
2024-10-18 23:45:30,2078973
2024-10-18 23:46:00,2078973
2024-10-18 23:46:30,2078973
2024-10-18 23:47:00,2078973
2024-10-18 23:47:30,2078973
2024-10-18 23:48:00,2078973
2024-10-18 23:48:30,2078973
2024-10-18 23:49:00,2090929
2024-10-18 23:49:30,2119540
2024-10-18 23:50:00,2138712
2024-10-18 23:50:30,2151662
2024-10-18 23:51:00,2151662
2024-10-18 23:51:30,2154640
2024-10-18 23:52:00,2156704
2024-10-18 23:52:30,2156704
2024-10-18 23:53:00,2156704
2024-10-18 23:53:30,2156704
2024-10-18 23:54:00,2156704
2024-10-18 23:54:30,2156704
2024-10-18 23:55:00,2156705
2024-10-18 23:55:30,2156705
2024-10-18 23:56:00,2156997
2024-10-18 23:56:30,2193663
2024-10-18 23:57:00,2337236
2024-10-18 23:57:30,2346708
2024-10-18 23:58:00,2346708
2024-10-18 23:58:30,2346708
2024-10-18 23:59:00,2346708
2024-10-18 23:59:30,2352913
2024-10-19 00:00:00,2423891
2024-10-19 00:00:30,2500838
2024-10-19 00:01:00,2588516
2024-10-19 00:01:30,2588516
2024-10-19 00:02:00,2588516
2024-10-19 00:02:30,2588516
2024-10-19 00:03:00,2588516
2024-10-19 00:03:30,2588516
2024-10-19 00:04:00,2599204
2024-10-19 00:04:30,2619860
2024-10-19 00:05:00,2664152
2024-10-19 00:05:30,2664152
2024-10-19 00:06:00,2664152
2024-10-19 00:06:30,2664152
2024-10-19 00:07:00,2664152
2024-10-19 00:07:30,2664152
2024-10-19 00:08:00,2664152
2024-10-19 00:08:30,2667682
2024-10-19 00:09:00,2684379
2024-10-19 00:09:30,2687679
2024-10-19 00:10:00,2687679
2024-10-19 00:10:30,2687679
2024-10-19 00:11:00,2687958
2024-10-19 00:11:30,2855728
2024-10-19 00:12:00,3046418
2024-10-19 00:12:30,3106925
2024-10-19 00:13:00,3151757
2024-10-19 00:13:30,3151969
2024-10-19 00:14:00,3180824
2024-10-19 00:14:30,3184888
2024-10-19 00:15:00,3184888
2024-10-19 00:15:30,3184888
2024-10-19 00:16:00,3184888
2024-10-19 00:16:30,3184888
2024-10-19 00:17:30,3184888
2024-10-19 00:18:00,3187653
2024-10-19 00:18:30,3197846
2024-10-19 00:19:00,3197846
2024-10-19 00:19:30,3197846
2024-10-19 00:20:00,3197846
2024-10-19 00:20:30,3197846
2024-10-19 00:21:00,3197846
2024-10-19 00:21:30,3197846
2024-10-19 00:22:00,3197846
2024-10-19 00:22:30,3197846
2024-10-19 00:23:00,3197846
2024-10-19 00:23:30,3197846
2024-10-19 00:24:00,3197846
2024-10-19 00:24:30,3197846
2024-10-19 00:25:00,3197846
2024-10-19 00:25:30,3197846
2024-10-19 00:26:00,3197846
2024-10-19 00:26:30,3197846
2024-10-19 00:27:00,3197846
2024-10-19 00:27:30,3197846
2024-10-19 00:28:00,3197846
2024-10-19 00:28:30,3197846
2024-10-19 00:29:00,3197846
2024-10-19 00:29:30,3197846
2024-10-19 00:30:00,3197846
2024-10-19 00:30:30,3197846
2024-10-19 00:31:00,3197846
2024-10-19 00:31:30,3197846
2024-10-19 00:32:00,3197846
2024-10-19 00:32:30,3197846
2024-10-19 00:33:00,3197846
2024-10-19 00:33:30,3197846
2024-10-19 00:34:00,3197846
2024-10-19 00:34:30,3197846
2024-10-19 00:35:00,3197846
2024-10-19 00:35:30,3197846
2024-10-19 00:36:00,3197846
2024-10-19 00:36:30,3197846
2024-10-19 00:37:30,3197846
2024-10-19 00:38:00,3197846
2024-10-19 00:38:30,3197846
2024-10-19 00:39:00,3197846
2024-10-19 00:39:30,3197846
2024-10-19 00:40:00,3197846
2024-10-19 00:40:30,3197846
2024-10-19 00:41:00,3197846
2024-10-19 00:41:30,3197846
2024-10-19 00:42:00,3197846
2024-10-19 00:42:30,3197846
2024-10-19 00:43:00,3197846
2024-10-19 00:43:30,3197846
2024-10-19 00:44:00,3197846
2024-10-19 00:44:30,3197846
2024-10-19 00:45:00,3197846
2024-10-19 00:45:30,3197846
2024-10-19 00:46:00,3197846
2024-10-19 00:46:30,3197846
2024-10-19 00:47:00,3197846
2024-10-19 00:47:30,3197846
2024-10-19 00:48:00,3197846
2024-10-19 00:48:30,3197846
2024-10-19 00:49:00,3344999
2024-10-19 00:49:30,3356166
2024-10-19 00:50:00,3356166
2024-10-19 00:50:30,3356166
2024-10-19 00:51:00,3356166
2024-10-19 00:51:30,3356166
2024-10-19 00:52:00,3376661
2024-10-19 00:52:30,3402788
2024-10-19 00:53:00,3402788
2024-10-19 00:53:30,3402788
2024-10-19 00:54:00,3402788
2024-10-19 00:54:30,3402788
2024-10-19 00:55:00,3402788
2024-10-19 00:55:30,3402788
2024-10-19 00:56:00,3402788
2024-10-19 00:56:30,3402788
2024-10-19 00:57:30,3402788
2024-10-19 00:58:00,3402788
2024-10-19 00:58:30,3402789
2024-10-19 00:59:00,3402789
2024-10-19 00:59:30,3402789
2024-10-19 01:00:00,3402789
2024-10-19 01:00:30,3402789
2024-10-19 01:01:00,3402789
2024-10-19 01:01:30,3402789
2024-10-19 01:02:00,3402789
2024-10-19 01:02:30,3402789
2024-10-19 01:03:00,3402789
2024-10-19 01:03:30,3402789
2024-10-19 01:04:00,3402789
2024-10-19 01:04:30,3406171
2024-10-19 01:05:30,3570151
2024-10-19 01:06:00,3604463
2024-10-19 01:06:30,3630120
2024-10-19 01:07:00,3630120
2024-10-19 01:07:30,3630120
2024-10-19 01:08:00,3630120
2024-10-19 01:08:30,3630120
2024-10-19 01:09:00,3630120
2024-10-19 01:09:30,3630120
2024-10-19 01:10:00,3630120
2024-10-19 01:10:30,3630120
2024-10-19 01:11:00,3630120
2024-10-19 01:11:30,3630590
2024-10-19 01:12:00,3642324
2024-10-19 01:12:30,3652813
2024-10-19 01:13:00,3742192
2024-10-19 01:13:30,3742636
2024-10-19 01:14:00,3742636
2024-10-19 01:14:30,3742636
2024-10-19 01:15:00,3742636
2024-10-19 01:15:30,3742636
2024-10-19 01:16:00,3742636
2024-10-19 01:16:30,3742636
2024-10-19 01:17:30,3742636
2024-10-19 01:18:00,3742636
2024-10-19 01:18:30,3774871
2024-10-19 01:19:00,3977631
2024-10-19 01:19:30,4394412
2024-10-19 01:20:00,4583710
2024-10-19 01:20:30,4583845
2024-10-19 01:21:30,4583845
2024-10-19 01:22:00,4583846
2024-10-19 01:22:30,4583846
2024-10-19 01:23:00,4583846
2024-10-19 01:23:30,4583846
2024-10-19 01:24:00,4592111
2024-10-19 01:24:30,4607090
2024-10-19 01:25:30,4643804
2024-10-19 01:26:00,4643804
2024-10-19 01:26:30,4643804
2024-10-19 01:27:00,4643804
2024-10-19 01:27:30,4643804
2024-10-19 01:28:00,4644404
2024-10-19 01:28:30,4645690
2024-10-19 01:29:00,4645690
2024-10-19 01:29:30,4645690
2024-10-19 01:30:00,4645690
2024-10-19 01:30:30,4645690
2024-10-19 01:31:00,4645690
2024-10-19 01:31:30,4645690
2024-10-19 01:32:00,4645690
2024-10-19 01:32:30,4645690
2024-10-19 01:33:30,4645690
2024-10-19 01:34:00,4645690
2024-10-19 01:34:30,4645690
2024-10-19 01:35:00,4645690
2024-10-19 01:35:30,4645690
2024-10-19 01:36:00,4646324
2024-10-19 01:36:30,4676904
2024-10-19 01:37:00,4713062
2024-10-19 01:37:30,4715513
2024-10-19 01:38:00,4790126
2024-10-19 01:38:30,4835500
2024-10-19 01:39:00,4844832
2024-10-19 01:39:30,4845494
2024-10-19 01:40:00,4845494
2024-10-19 01:40:30,4845494
2024-10-19 01:41:00,4845494
2024-10-19 01:41:30,4845494
2024-10-19 01:42:00,4845494
2024-10-19 01:42:30,4845494
2024-10-19 01:43:00,4845494
2024-10-19 01:43:30,4845494
2024-10-19 01:44:00,4845494
2024-10-19 01:44:30,4845494
2024-10-19 01:45:00,4845494
2024-10-19 01:45:30,4845494
2024-10-19 01:46:00,4845494
2024-10-19 01:46:30,4845494
2024-10-19 01:47:00,4845494
2024-10-19 01:47:30,4845494
2024-10-19 01:48:00,4845494
2024-10-19 01:48:30,4856664
2024-10-19 01:49:00,5021884
2024-10-19 01:49:30,5151948
2024-10-19 01:50:00,5352451
2024-10-19 01:50:30,5421594
2024-10-19 01:51:00,5428788
2024-10-19 01:51:30,5428867
2024-10-19 01:52:00,5428867
2024-10-19 01:52:30,5428867
2024-10-19 01:53:00,5429155
2024-10-19 01:53:30,5433680
2024-10-19 01:54:00,5434576
2024-10-19 01:54:30,5434576
2024-10-19 01:55:00,5434576
2024-10-19 01:55:30,5434576
2024-10-19 01:56:00,5434576
2024-10-19 01:56:30,5434576
2024-10-19 01:57:30,5434576
2024-10-19 01:58:00,5434576
2024-10-19 01:58:30,5434576
2024-10-19 01:59:00,5434576
2024-10-19 01:59:30,5434576
2024-10-19 02:00:00,5434576
2024-10-19 02:00:30,5434576
2024-10-19 02:01:00,5434576
2024-10-19 02:01:30,5434576
2024-10-19 02:02:00,5434576
2024-10-19 02:02:30,5434576
2024-10-19 02:03:00,5434576
2024-10-19 02:03:30,5434576
2024-10-19 02:04:00,5434576
2024-10-19 02:04:30,5434576
2024-10-19 02:05:30,5434576
2024-10-19 02:06:00,5434576
2024-10-19 02:06:30,5434576
2024-10-19 02:07:00,5434576
2024-10-19 02:07:30,5434576
2024-10-19 02:08:00,5434576
2024-10-19 02:08:30,5434576
2024-10-19 02:09:00,5447455
2024-10-19 02:09:30,5522827
2024-10-19 02:10:00,5567041
2024-10-19 02:10:30,5567131
2024-10-19 02:11:00,5567131
2024-10-19 02:11:30,5567131
2024-10-19 02:12:00,5567131
2024-10-19 02:12:30,5567131
2024-10-19 02:13:00,5567131
2024-10-19 02:13:30,5567131
2024-10-19 02:14:00,5567131
2024-10-19 02:14:30,5567131
2024-10-19 02:15:00,5567131
2024-10-19 02:15:30,5567131
2024-10-19 02:16:00,5567131
2024-10-19 02:16:30,5567131
2024-10-19 02:17:00,5567131
2024-10-19 02:17:30,5567131
2024-10-19 02:18:00,5567131
2024-10-19 02:18:30,5567131
2024-10-19 02:19:00,5567131
2024-10-19 02:19:30,5567131
2024-10-19 02:20:00,5567131
2024-10-19 02:20:30,5567131
2024-10-19 02:21:00,5567131
2024-10-19 02:21:30,5567131
2024-10-19 02:22:00,5567131
2024-10-19 02:22:30,5567131
2024-10-19 02:23:00,5567131
2024-10-19 02:23:30,5567131
2024-10-19 02:24:00,5567131
2024-10-19 02:24:30,5567131
2024-10-19 02:25:30,5567131
2024-10-19 02:26:00,5569619
2024-10-19 02:26:30,5662833
2024-10-19 02:27:00,5835476
2024-10-19 02:27:30,5920694
2024-10-19 02:28:00,5929494
2024-10-19 02:28:30,5929494
2024-10-19 02:29:30,5950595
2024-10-19 02:30:00,5959258
2024-10-19 02:30:30,5963458
2024-10-19 02:31:00,5963458
2024-10-19 02:31:30,5963458
2024-10-19 02:32:00,5963703
2024-10-19 02:32:30,5996662
2024-10-19 02:33:00,6126866
2024-10-19 02:33:30,6224912
2024-10-19 02:34:00,6273824
2024-10-19 02:34:30,6273824
2024-10-19 02:35:00,6273824
2024-10-19 02:35:30,6273824
2024-10-19 02:36:00,6273824
2024-10-19 02:36:30,6273824
2024-10-19 02:37:00,6273824
2024-10-19 02:37:30,6273824
2024-10-19 02:38:00,6273824
2024-10-19 02:38:30,6273824
2024-10-19 02:39:00,6273824
2024-10-19 02:39:30,6273824
2024-10-19 02:40:00,6273824
2024-10-19 02:40:30,6273824
2024-10-19 02:41:00,6273824
2024-10-19 02:41:30,6273824
2024-10-19 02:42:00,6273824
2024-10-19 02:42:30,6273824
2024-10-19 02:43:00,6273825
2024-10-19 02:43:30,6273825
2024-10-19 02:44:00,6273825
2024-10-19 02:44:30,6273825
2024-10-19 02:45:00,6273825
2024-10-19 02:45:30,6273825
2024-10-19 02:46:00,6273825
2024-10-19 02:46:30,6273825
2024-10-19 02:47:00,6273825
2024-10-19 02:47:30,6273825
2024-10-19 02:48:00,6273825
2024-10-19 02:48:30,6273825
2024-10-19 02:49:30,6273825
2024-10-19 02:50:00,6273825
2024-10-19 02:50:30,6273825
2024-10-19 02:51:00,6273825
2024-10-19 02:51:30,6273825
2024-10-19 02:52:00,6273825
2024-10-19 02:52:30,6273825
2024-10-19 02:53:00,6273825
2024-10-19 02:53:30,6273825
2024-10-19 02:54:00,6273825
2024-10-19 02:54:30,6273825
2024-10-19 02:55:00,6273825
2024-10-19 02:55:30,6273825
2024-10-19 02:56:00,6273825
2024-10-19 02:56:30,6292922
2024-10-19 02:57:00,6428813
2024-10-19 02:57:30,6489670
2024-10-19 02:58:00,6521399
2024-10-19 02:58:30,6521464
2024-10-19 02:59:00,6521464
2024-10-19 02:59:30,6521464
2024-10-19 03:00:00,6521464
2024-10-19 03:00:30,6521464
2024-10-19 03:01:00,6521464
2024-10-19 03:01:30,6521464
2024-10-19 03:02:00,6521464
2024-10-19 03:02:30,6521464
2024-10-19 03:03:00,6521464
2024-10-19 03:03:30,6521464
2024-10-19 03:04:00,6521464
2024-10-19 03:04:30,6521464
2024-10-19 03:05:30,6521464
2024-10-19 03:06:00,6521465
2024-10-19 03:06:30,6521465
2024-10-19 03:07:00,6521465
2024-10-19 03:07:30,6521465
2024-10-19 03:08:00,6521465
2024-10-19 03:08:30,6521465
2024-10-19 03:09:30,6521465
2024-10-19 03:10:00,6521465
2024-10-19 03:10:30,6521465
2024-10-19 03:11:00,6521465
2024-10-19 03:11:30,6521465
2024-10-19 03:12:00,6521465
2024-10-19 03:12:30,6545915
2024-10-19 03:13:00,6818871
2024-10-19 03:13:30,6887699
2024-10-19 03:14:00,6962692
2024-10-19 03:14:30,6998494
2024-10-19 03:15:00,6998494
2024-10-19 03:15:30,6998494
2024-10-19 03:16:00,6998494
2024-10-19 03:16:30,6998494
2024-10-19 03:17:00,6998494
2024-10-19 03:17:30,6998494
2024-10-19 03:18:00,6998494
2024-10-19 03:18:30,6998494
2024-10-19 03:19:00,6998494
2024-10-19 03:19:30,6998494
2024-10-19 03:20:00,6998494
2024-10-19 03:20:30,6998494
2024-10-19 03:21:00,6998494
2024-10-19 03:21:30,6998494
2024-10-19 03:22:00,6998494
2024-10-19 03:22:30,7000440
2024-10-19 03:23:00,7088167
2024-10-19 03:23:30,7145757
2024-10-19 03:24:00,7153897
2024-10-19 03:24:30,7153897
2024-10-19 03:25:00,7153897
2024-10-19 03:25:30,7153897
2024-10-19 03:26:00,7153897
2024-10-19 03:26:30,7153897
2024-10-19 03:27:00,7153897
2024-10-19 03:27:30,7153897
2024-10-19 03:28:00,7153897
2024-10-19 03:28:30,7156095
2024-10-19 03:29:00,7178987
2024-10-19 03:29:30,7178988
2024-10-19 03:30:00,7178988
2024-10-19 03:30:30,7178988
2024-10-19 03:31:00,7178988
2024-10-19 03:31:30,7178988
2024-10-19 03:32:00,7178988
2024-10-19 03:32:30,7178988
2024-10-19 03:33:00,7178988
2024-10-19 03:33:30,7179729
2024-10-19 03:34:00,7181629
2024-10-19 03:34:30,7245898
2024-10-19 03:35:00,7321005
2024-10-19 03:35:30,7322431
2024-10-19 03:36:00,7322431
2024-10-19 03:36:30,7322431
2024-10-19 03:37:00,7322431
2024-10-19 03:37:30,7322431
2024-10-19 03:38:00,7322431
2024-10-19 03:38:30,7322431
2024-10-19 03:39:00,7322431
2024-10-19 03:39:30,7322431
2024-10-19 03:40:00,7322431
2024-10-19 03:40:30,7322445
2024-10-19 03:41:30,7362655
2024-10-19 03:42:00,7362655
2024-10-19 03:42:30,7362655
2024-10-19 03:43:00,7367585
2024-10-19 03:43:30,7369844
2024-10-19 03:44:00,7369844
2024-10-19 03:44:30,7369844
2024-10-19 03:45:00,7369844
2024-10-19 03:45:30,7369844
2024-10-19 03:46:00,7369844
2024-10-19 03:46:30,7369845
2024-10-19 03:47:00,7369845
2024-10-19 03:47:30,7369845
2024-10-19 03:48:00,7369845
2024-10-19 03:48:30,7369845
2024-10-19 03:49:00,7369845
2024-10-19 03:49:30,7369845
2024-10-19 03:50:00,7376244
2024-10-19 03:50:30,7429349
2024-10-19 03:51:00,7515356
2024-10-19 03:51:30,7520383
2024-10-19 03:52:00,7521398
2024-10-19 03:52:30,7521398
2024-10-19 03:53:00,7521398
2024-10-19 03:53:30,7521398
2024-10-19 03:54:00,7521398
2024-10-19 03:54:30,7521398
2024-10-19 03:55:00,7521398
2024-10-19 03:55:30,7521398
2024-10-19 03:56:00,7521398
2024-10-19 03:56:30,7521398
2024-10-19 03:57:00,7521398
2024-10-19 03:57:30,7521398
2024-10-19 03:58:00,7521398
2024-10-19 03:58:30,7521398
2024-10-19 03:59:00,7521398
2024-10-19 03:59:30,7521398
2024-10-19 04:00:00,7521398
2024-10-19 04:00:30,7521398
2024-10-19 04:01:00,7521398
2024-10-19 04:01:30,7521398
2024-10-19 04:02:00,7521398
2024-10-19 04:02:30,7521398
2024-10-19 04:03:00,7521399
2024-10-19 04:03:30,7521399
2024-10-19 04:04:00,7521399
2024-10-19 04:04:30,7521399
2024-10-19 04:05:00,7521399
2024-10-19 04:05:30,7521399
2024-10-19 04:06:00,7521399
2024-10-19 04:06:30,7521399
2024-10-19 04:07:00,7521399
2024-10-19 04:07:30,7521399
2024-10-19 04:08:00,7521399
2024-10-19 04:08:30,7521399
2024-10-19 04:09:00,7521399
2024-10-19 04:09:30,7521399
2024-10-19 04:10:00,7521399
2024-10-19 04:10:30,7521399
2024-10-19 04:11:00,7521420
2024-10-19 04:11:30,7535847
2024-10-19 04:12:00,7543351
2024-10-19 04:12:30,7570554
2024-10-19 04:13:30,7576857
2024-10-19 04:14:00,7576857
2024-10-19 04:14:30,7576857
2024-10-19 04:15:00,7577089
2024-10-19 04:15:30,7577238
2024-10-19 04:16:00,7577455
2024-10-19 04:16:30,7618184
2024-10-19 04:17:00,7634114
2024-10-19 04:17:30,7634287
2024-10-19 04:18:00,7634287
2024-10-19 04:18:30,7634287
2024-10-19 04:19:00,7636279
2024-10-19 04:19:30,7678580
2024-10-19 04:20:00,7743105
2024-10-19 04:20:30,7775777
2024-10-19 04:21:00,7775777
2024-10-19 04:21:30,7775777
2024-10-19 04:22:00,7775777
2024-10-19 04:22:30,7775777
2024-10-19 04:23:00,7775777
2024-10-19 04:23:30,7775777
2024-10-19 04:24:00,7775777
2024-10-19 04:24:30,7775777
2024-10-19 04:25:00,7776699
2024-10-19 04:25:30,7780980
2024-10-19 04:26:00,7782244
2024-10-19 04:26:30,7782244
2024-10-19 04:27:00,7782244
2024-10-19 04:27:30,7782244
2024-10-19 04:28:00,7782244
2024-10-19 04:28:30,7782244
2024-10-19 04:29:30,7782244
2024-10-19 04:30:00,7782244
2024-10-19 04:30:30,7782244
2024-10-19 04:31:00,7782244
2024-10-19 04:31:30,7782244
2024-10-19 04:32:00,7782244
2024-10-19 04:32:30,7782244
2024-10-19 04:33:00,7782244
2024-10-19 04:33:30,7782244
2024-10-19 04:34:00,7782244
2024-10-19 04:34:30,7782244
2024-10-19 04:35:00,7782244
2024-10-19 04:35:30,7782244
2024-10-19 04:36:00,7782244
2024-10-19 04:36:30,7782244
2024-10-19 04:37:30,7782342
2024-10-19 04:38:00,7785389
2024-10-19 04:38:30,7787029
2024-10-19 04:39:00,7788838
2024-10-19 04:39:30,7797580
2024-10-19 04:40:00,7797580
2024-10-19 04:40:30,7797580
2024-10-19 04:41:00,7797580
2024-10-19 04:41:30,7797580
2024-10-19 04:42:00,7797580
2024-10-19 04:42:30,7797580
2024-10-19 04:43:00,7797580
2024-10-19 04:43:30,7797580
2024-10-19 04:44:00,7797580
2024-10-19 04:44:30,7797580
2024-10-19 04:45:00,7797580
2024-10-19 04:45:30,7797580
2024-10-19 04:46:00,7797580
2024-10-19 04:46:30,7797580
2024-10-19 04:47:00,7797580
2024-10-19 04:47:30,7797580
2024-10-19 04:48:00,7797581
2024-10-19 04:48:30,7797581
2024-10-19 04:49:30,7797581
2024-10-19 04:50:00,7797581
2024-10-19 04:50:30,7797581
2024-10-19 04:51:00,7797581
2024-10-19 04:51:30,7797581
2024-10-19 04:52:00,7797581
2024-10-19 04:52:30,7797581
2024-10-19 04:53:30,7797581
2024-10-19 04:54:00,7797728
2024-10-19 04:54:30,7841176
2024-10-19 04:55:00,7889945
2024-10-19 04:55:30,7906650
2024-10-19 04:56:00,7952170
2024-10-19 04:56:30,7963484
2024-10-19 04:57:00,7963484
2024-10-19 04:57:30,7963484
2024-10-19 04:58:00,7963484
2024-10-19 04:58:30,7963484
2024-10-19 04:59:00,7963484
2024-10-19 04:59:30,7963484
2024-10-19 05:00:00,7963484
2024-10-19 05:00:30,7963484
2024-10-19 05:01:00,7963484
2024-10-19 05:01:30,7963484
2024-10-19 05:02:00,7963484
2024-10-19 05:02:30,7963484
2024-10-19 05:03:00,7963484
2024-10-19 05:03:30,7963484
2024-10-19 05:04:00,7963484
2024-10-19 05:04:30,7963484
2024-10-19 05:05:00,7963484
2024-10-19 05:05:30,7963484
2024-10-19 05:06:00,7963484
2024-10-19 05:06:30,7963484
2024-10-19 05:07:00,7963484
2024-10-19 05:07:30,7963484
2024-10-19 05:08:00,7963484
2024-10-19 05:08:30,7963484
2024-10-19 05:09:00,7963484
2024-10-19 05:09:30,7963484
2024-10-19 05:10:00,7963484
2024-10-19 05:10:30,7963484
2024-10-19 05:11:00,7967613
2024-10-19 05:11:30,7988797
2024-10-19 05:12:00,8001208
2024-10-19 05:12:30,8014851
2024-10-19 05:13:00,8075441
2024-10-19 05:13:30,8077849
2024-10-19 05:14:00,8077849
2024-10-19 05:14:30,8077849
2024-10-19 05:15:00,8077849
2024-10-19 05:15:30,8077849
2024-10-19 05:16:00,8077849
2024-10-19 05:16:30,8077849
2024-10-19 05:17:30,8077849
2024-10-19 05:18:00,8077849
2024-10-19 05:18:30,8077849
2024-10-19 05:19:00,8077849
2024-10-19 05:19:30,8077849
2024-10-19 05:20:00,8077849
2024-10-19 05:20:30,8077849
2024-10-19 05:21:30,8077849
2024-10-19 05:22:00,8077849
2024-10-19 05:22:30,8077849
2024-10-19 05:23:00,8078656
2024-10-19 05:23:30,8079409
2024-10-19 05:24:00,8079409
2024-10-19 05:24:30,8079409
2024-10-19 05:25:30,8079409
2024-10-19 05:26:00,8079409
2024-10-19 05:26:30,8079409
2024-10-19 05:27:00,8079409
2024-10-19 05:27:30,8079409
2024-10-19 05:28:00,8079409
2024-10-19 05:28:30,8079409
2024-10-19 05:29:00,8079409
2024-10-19 05:29:30,8079409
2024-10-19 05:30:00,8079409
2024-10-19 05:30:30,8079409
2024-10-19 05:31:00,8079409
2024-10-19 05:31:30,8079409
2024-10-19 05:32:00,8079409
2024-10-19 05:32:30,8079409
2024-10-19 05:33:00,8079409
2024-10-19 05:33:30,8079409
2024-10-19 05:34:00,8079409
2024-10-19 05:34:30,8079409
2024-10-19 05:35:00,8079409
2024-10-19 05:35:30,8079409
2024-10-19 05:36:00,8081165
2024-10-19 05:36:30,8113540
2024-10-19 05:37:00,8214568
2024-10-19 05:37:30,8235640
2024-10-19 05:38:00,8235732
2024-10-19 05:38:30,8235732
2024-10-19 05:39:00,8235732
2024-10-19 05:39:30,8235732
2024-10-19 05:40:00,8235732
2024-10-19 05:40:30,8235732
2024-10-19 05:41:00,8235732
2024-10-19 05:41:30,8235732
2024-10-19 05:42:00,8235732
2024-10-19 05:42:30,8235732
2024-10-19 05:43:00,8235732
2024-10-19 05:43:30,8235732
2024-10-19 05:44:00,8235732
2024-10-19 05:44:30,8235732
2024-10-19 05:45:00,8235732
2024-10-19 05:45:30,8235732
2024-10-19 05:46:00,8235732
2024-10-19 05:46:30,8235732
2024-10-19 05:47:00,8235732
2024-10-19 05:47:30,8235732
2024-10-19 05:48:00,8235732
2024-10-19 05:48:30,8235732
2024-10-19 05:49:00,8235732
2024-10-19 05:49:30,8235732
2024-10-19 05:50:00,8235732
2024-10-19 05:50:30,8235732
2024-10-19 05:51:00,8235732
2024-10-19 05:51:30,8235732
2024-10-19 05:52:00,8235732
2024-10-19 05:52:30,8235732
2024-10-19 05:53:00,8235732
2024-10-19 05:53:30,8235732
2024-10-19 05:54:00,8235732
2024-10-19 05:54:30,8235732
2024-10-19 05:55:00,8246977
2024-10-19 05:55:30,8281623
2024-10-19 05:56:00,8289298
2024-10-19 05:56:30,8308326
2024-10-19 05:57:00,8314249
2024-10-19 05:57:30,8314249
2024-10-19 05:58:00,8331689
2024-10-19 05:58:30,8334815
2024-10-19 05:59:00,8334815
2024-10-19 05:59:30,8334815
2024-10-19 06:00:00,8334815
2024-10-19 06:00:30,8334815
2024-10-19 06:01:30,8345545
2024-10-19 06:02:00,8345545
2024-10-19 06:02:30,8345545
2024-10-19 06:03:00,8345545
2024-10-19 06:03:30,8349535
2024-10-19 06:04:00,8351038
2024-10-19 06:04:30,8351038
2024-10-19 06:05:00,8351038
2024-10-19 06:05:30,8351038
2024-10-19 06:06:00,8351038
2024-10-19 06:06:30,8351038
2024-10-19 06:07:00,8351038
2024-10-19 06:07:30,8351038
2024-10-19 06:08:00,8351038
2024-10-19 06:08:30,8351038
2024-10-19 06:09:00,8351038
2024-10-19 06:09:30,8351038
2024-10-19 06:10:00,8351038
2024-10-19 06:10:30,8351038
2024-10-19 06:11:00,8351038
2024-10-19 06:11:30,8351038
2024-10-19 06:12:00,8351038
2024-10-19 06:12:30,8351038
2024-10-19 06:13:00,8351038
2024-10-19 06:13:30,8351038
2024-10-19 06:14:00,8351038
2024-10-19 06:14:30,8351038
2024-10-19 06:15:00,8351038
2024-10-19 06:15:30,8351038
2024-10-19 06:16:00,8351038
2024-10-19 06:16:30,8351038
2024-10-19 06:17:00,8351038
2024-10-19 06:17:30,8351038
2024-10-19 06:18:00,8351038
2024-10-19 06:18:30,8351038
2024-10-19 06:19:00,8351038
2024-10-19 06:19:30,8351038
2024-10-19 06:20:00,8351038
2024-10-19 06:20:30,8351038
2024-10-19 06:21:30,8377668
2024-10-19 06:22:00,8380176
2024-10-19 06:22:30,8380940
2024-10-19 06:23:00,8380940
2024-10-19 06:23:30,8380940
2024-10-19 06:24:00,8380940
2024-10-19 06:24:30,8380940
2024-10-19 06:25:30,8380940
2024-10-19 06:26:00,8380940
2024-10-19 06:26:30,8380940
2024-10-19 06:27:00,8380940
2024-10-19 06:27:30,8380940
2024-10-19 06:28:00,8380940
2024-10-19 06:28:30,8380940
2024-10-19 06:29:30,8380940
2024-10-19 06:30:00,8388928
2024-10-19 06:30:30,8414535
2024-10-19 06:31:00,8494892
2024-10-19 06:31:30,8736710
2024-10-19 06:32:00,8786931
2024-10-19 06:32:30,8786931
2024-10-19 06:33:00,8786931
2024-10-19 06:33:30,8786931
2024-10-19 06:34:00,8786931
2024-10-19 06:34:30,8786931
2024-10-19 06:35:00,8786931
2024-10-19 06:35:30,8786931
2024-10-19 06:36:00,8786931
2024-10-19 06:36:30,8786931
2024-10-19 06:37:00,8786931
2024-10-19 06:37:30,8787262
2024-10-19 06:38:00,8811707
2024-10-19 06:38:30,8826870
2024-10-19 06:39:00,8826870
2024-10-19 06:39:30,8826870
2024-10-19 06:40:00,8826870
2024-10-19 06:40:30,8826870
2024-10-19 06:41:30,8826870
2024-10-19 06:42:00,8826870
2024-10-19 06:42:30,8826870
2024-10-19 06:43:00,8826870
2024-10-19 06:43:30,8826870
2024-10-19 06:44:00,8826870
2024-10-19 06:44:30,8826870
2024-10-19 06:45:30,8826870
2024-10-19 06:46:00,8826870
2024-10-19 06:46:30,8826870
2024-10-19 06:47:00,8826870
2024-10-19 06:47:30,8826870
2024-10-19 06:48:00,8826870
2024-10-19 06:48:30,8826870
2024-10-19 06:49:30,8826870
2024-10-19 06:50:00,8826870
2024-10-19 06:50:30,8826870
2024-10-19 06:51:00,8826870
2024-10-19 06:51:30,8826870
2024-10-19 06:52:00,8826870
2024-10-19 06:52:30,8826870
2024-10-19 06:53:30,8826870
2024-10-19 06:54:00,8826871
2024-10-19 06:54:30,8826871
2024-10-19 06:55:00,8826871
2024-10-19 06:55:30,8826871
2024-10-19 06:56:00,8826871
2024-10-19 06:56:30,8826871
2024-10-19 06:57:00,8826871
2024-10-19 06:57:30,8826871
2024-10-19 06:58:00,8826871
2024-10-19 06:58:30,8826871
2024-10-19 06:59:00,8826871
2024-10-19 06:59:30,8826871
2024-10-19 07:00:00,8826871
2024-10-19 07:00:30,8826871
2024-10-19 07:01:00,8826871
2024-10-19 07:01:30,8826871
2024-10-19 07:02:00,8826871
2024-10-19 07:02:30,8826871
2024-10-19 07:03:00,8826871
2024-10-19 07:03:30,8826871
2024-10-19 07:04:00,8826871
2024-10-19 07:04:30,8826871
2024-10-19 07:05:00,8826871
2024-10-19 07:05:30,8826871
2024-10-19 07:06:00,8826871
2024-10-19 07:06:30,8826871
2024-10-19 07:07:00,8826871
2024-10-19 07:07:30,8826871
2024-10-19 07:08:00,8826871
2024-10-19 07:08:30,8826871
2024-10-19 07:09:00,8826871
2024-10-19 07:09:30,8826871
2024-10-19 07:10:00,8826871
2024-10-19 07:10:30,8826871
2024-10-19 07:11:00,8826871
2024-10-19 07:11:30,8826871
2024-10-19 07:12:00,8826871
2024-10-19 07:12:30,8826871
2024-10-19 07:13:30,8826871
2024-10-19 07:14:00,8826871
2024-10-19 07:14:30,8826871
2024-10-19 07:15:00,8826871
2024-10-19 07:15:30,8826871
2024-10-19 07:16:00,8826871
2024-10-19 07:16:30,8826871
2024-10-19 07:17:00,8826871
2024-10-19 07:17:30,8827315
2024-10-19 07:18:00,8835086
2024-10-19 07:18:30,8835275
2024-10-19 07:19:00,8835275
2024-10-19 07:19:30,8835275
2024-10-19 07:20:00,8835275
2024-10-19 07:20:30,8835275
2024-10-19 07:21:00,8835275
2024-10-19 07:21:30,8835275
2024-10-19 07:22:00,8835275
2024-10-19 07:22:30,8835275
2024-10-19 07:23:00,8835275
2024-10-19 07:23:30,8835275
2024-10-19 07:24:00,8835275
2024-10-19 07:24:30,8835275
2024-10-19 07:25:00,8835275
2024-10-19 07:25:30,8835275
2024-10-19 07:26:00,8835275
2024-10-19 07:26:30,8835275
2024-10-19 07:27:00,8835275
2024-10-19 07:27:30,8835275
2024-10-19 07:28:00,8835275
2024-10-19 07:28:30,8835275
2024-10-19 07:29:30,8835275
2024-10-19 07:30:00,8835275
2024-10-19 07:30:30,8835275
2024-10-19 07:31:00,8835275
2024-10-19 07:31:30,8835275
2024-10-19 07:32:00,8835275
2024-10-19 07:32:30,8835275
2024-10-19 07:33:00,8835275
2024-10-19 07:33:30,8835275
2024-10-19 07:34:00,8835275
2024-10-19 07:34:30,8835275
2024-10-19 07:35:00,8835275
2024-10-19 07:35:30,8835275
2024-10-19 07:36:00,8835275
2024-10-19 07:36:30,8835275
2024-10-19 07:37:30,8835275
2024-10-19 07:38:00,8835275
2024-10-19 07:38:30,8835275
2024-10-19 07:39:00,8835275
2024-10-19 07:39:30,8835275
2024-10-19 07:40:00,8835275
2024-10-19 07:40:30,8835275
2024-10-19 07:41:30,8835275
2024-10-19 07:42:00,8835275
2024-10-19 07:42:30,8835275
2024-10-19 07:43:00,8835275
2024-10-19 07:43:30,8835275
2024-10-19 07:44:00,8835275
2024-10-19 07:44:30,8835275
2024-10-19 07:45:00,8835275
2024-10-19 07:45:30,8835275
2024-10-19 07:46:00,8843669
2024-10-19 07:46:30,8868239
2024-10-19 07:47:00,8869386
2024-10-19 07:47:30,8873070
2024-10-19 07:48:00,8873070
2024-10-19 07:48:30,8873070
2024-10-19 07:49:00,8873070
2024-10-19 07:49:30,8873070
2024-10-19 07:50:00,8873070
2024-10-19 07:50:30,8873070
2024-10-19 07:51:00,8873070
2024-10-19 07:51:30,8873070
2024-10-19 07:52:00,8873070
2024-10-19 07:52:30,8873070
2024-10-19 07:53:00,8873070
2024-10-19 07:53:30,8873070
2024-10-19 07:54:00,8873070
2024-10-19 07:54:30,8873070
2024-10-19 07:55:00,8873070
2024-10-19 07:55:30,8873070
2024-10-19 07:56:00,8873070
2024-10-19 07:56:30,8873070
2024-10-19 07:57:30,8873070
2024-10-19 07:58:00,8873070
2024-10-19 07:58:30,8873070
2024-10-19 07:59:00,8873070
2024-10-19 07:59:30,8876688
2024-10-19 08:00:00,8904311
2024-10-19 08:00:30,8910722
2024-10-19 08:01:00,8910722
2024-10-19 08:01:30,8910722
2024-10-19 08:02:00,8910722
2024-10-19 08:02:30,8910722
2024-10-19 08:03:00,8910722
2024-10-19 08:03:30,8910722
2024-10-19 08:04:00,8910722
2024-10-19 08:04:30,8910722
2024-10-19 08:05:00,8910722
2024-10-19 08:05:30,8910722
2024-10-19 08:06:00,8910722
2024-10-19 08:06:30,8910722
2024-10-19 08:07:00,8910722
2024-10-19 08:07:30,8910722
2024-10-19 08:08:00,8910722
2024-10-19 08:08:30,8910722
2024-10-19 08:09:00,8910722
2024-10-19 08:09:30,8910722
2024-10-19 08:10:00,8910722
2024-10-19 08:10:30,8910722
2024-10-19 08:11:00,8910722
2024-10-19 08:11:30,8910722
2024-10-19 08:12:00,8910722
2024-10-19 08:12:30,8910722
2024-10-19 08:13:00,8910722
2024-10-19 08:13:30,8910722
2024-10-19 08:14:00,8910722
2024-10-19 08:14:30,8910722
2024-10-19 08:15:00,8910722
2024-10-19 08:15:30,8910722
2024-10-19 08:16:00,8910722
2024-10-19 08:16:30,8910722
2024-10-19 08:17:00,8910722
2024-10-19 08:17:30,8910722
2024-10-19 08:18:00,8910722
2024-10-19 08:18:30,8910722
2024-10-19 08:19:00,8910722
2024-10-19 08:19:30,8910722
2024-10-19 08:20:00,8910722
2024-10-19 08:20:30,8910722
2024-10-19 08:21:00,8920867
2024-10-19 08:21:30,8953815
2024-10-19 08:22:00,8955635
2024-10-19 08:22:30,8955635
2024-10-19 08:23:00,8955635
2024-10-19 08:23:30,8955635
2024-10-19 08:24:00,8955635
2024-10-19 08:24:30,8955635
2024-10-19 08:25:00,8955635
2024-10-19 08:25:30,8955635
2024-10-19 08:26:00,8955635
2024-10-19 08:26:30,8955635
2024-10-19 08:27:00,8955635
2024-10-19 08:27:30,8955635
2024-10-19 08:28:00,8955635
2024-10-19 08:28:30,8955635
2024-10-19 08:29:00,8955635
2024-10-19 08:29:30,8955635
2024-10-19 08:30:00,8955635
2024-10-19 08:30:30,8957482
2024-10-19 08:31:00,8957654
2024-10-19 08:31:30,8957654
2024-10-19 08:32:00,8957654
2024-10-19 08:32:30,8957654
2024-10-19 08:33:00,8957654
2024-10-19 08:33:30,8957654
2024-10-19 08:34:00,8957654
2024-10-19 08:34:30,8957654
2024-10-19 08:35:00,8957654
2024-10-19 08:35:30,8957654
2024-10-19 08:36:00,8957654
2024-10-19 08:36:30,8957654
2024-10-19 08:37:00,8957654
2024-10-19 08:37:30,8957654
2024-10-19 08:38:00,8957654
2024-10-19 08:38:30,8957654
2024-10-19 08:39:00,8957654
2024-10-19 08:39:30,8957654
2024-10-19 08:40:00,8957654
2024-10-19 08:40:30,8957654
2024-10-19 08:41:30,8957654
2024-10-19 08:42:00,8957654
2024-10-19 08:42:30,8957654
2024-10-19 08:43:00,8957654
2024-10-19 08:43:30,8957654
2024-10-19 08:44:00,8957654
2024-10-19 08:44:30,8957654
2024-10-19 08:45:00,8957654
2024-10-19 08:45:30,8957654
2024-10-19 08:46:00,8957654
2024-10-19 08:46:30,8957654
2024-10-19 08:47:00,8957771
2024-10-19 08:47:30,8957888
2024-10-19 08:48:00,8957888
2024-10-19 08:48:30,8957888
2024-10-19 08:49:30,8957888
2024-10-19 08:50:00,8957888
2024-10-19 08:50:30,8957888
2024-10-19 08:51:00,8957888
2024-10-19 08:51:30,8957888
2024-10-19 08:52:00,8957888
2024-10-19 08:52:30,8957888
2024-10-19 08:53:00,8963848
2024-10-19 08:53:30,9200998
2024-10-19 08:54:00,9386043
2024-10-19 08:54:30,9391193
2024-10-19 08:55:00,9391425
2024-10-19 08:55:30,9391425
2024-10-19 08:56:00,9391425
2024-10-19 08:56:30,9391425
2024-10-19 08:57:30,9391425
2024-10-19 08:58:00,9391425
2024-10-19 08:58:30,9391425
2024-10-19 08:59:00,9393184
2024-10-19 08:59:30,9425143
2024-10-19 09:00:00,9447276
2024-10-19 09:00:30,9448424
2024-10-19 09:01:00,9448424
2024-10-19 09:01:30,9448424
2024-10-19 09:02:00,9451640
2024-10-19 09:02:30,9458573
2024-10-19 09:03:00,9458578
2024-10-19 09:03:30,9460453
2024-10-19 09:04:00,9464509
2024-10-19 09:04:30,9464509
2024-10-19 09:05:00,9464509
2024-10-19 09:05:30,9464509
2024-10-19 09:06:00,9464509
2024-10-19 09:06:30,9464509
2024-10-19 09:07:00,9464509
2024-10-19 09:07:30,9464509
2024-10-19 09:08:00,9464509
2024-10-19 09:08:30,9476706
2024-10-19 09:09:00,9524060
2024-10-19 09:09:30,9622439
2024-10-19 09:10:00,9671464
2024-10-19 09:10:30,9671464
2024-10-19 09:11:00,9671464
2024-10-19 09:11:30,9671464
2024-10-19 09:12:00,9671464
2024-10-19 09:12:30,9671464
2024-10-19 09:13:00,9674619
2024-10-19 09:13:30,9698517
2024-10-19 09:14:00,9699606
2024-10-19 09:14:30,9699633
2024-10-19 09:15:00,9739138
2024-10-19 09:15:30,9798479
2024-10-19 09:16:00,9810017
2024-10-19 09:16:30,9810017
2024-10-19 09:17:00,9810017
2024-10-19 09:17:30,9810017
2024-10-19 09:18:00,9810017
2024-10-19 09:18:30,9810017
2024-10-19 09:19:00,9810017
2024-10-19 09:19:30,9810017
2024-10-19 09:20:00,9810017
2024-10-19 09:20:30,9810017
2024-10-19 09:21:00,9810017
2024-10-19 09:21:30,9810017
2024-10-19 09:22:00,9810017
2024-10-19 09:22:30,9810017
2024-10-19 09:23:00,9810017
2024-10-19 09:23:30,9810017
2024-10-19 09:24:00,9810017
2024-10-19 09:24:30,9810017
2024-10-19 09:25:00,9810017
2024-10-19 09:25:30,9810017
2024-10-19 09:26:00,9810017
2024-10-19 09:26:30,9810017
2024-10-19 09:27:00,9810017
2024-10-19 09:27:30,9810017
2024-10-19 09:28:00,9810017
2024-10-19 09:28:30,9810017
2024-10-19 09:29:30,9810017
2024-10-19 09:30:00,9810017
2024-10-19 09:30:30,9810017
2024-10-19 09:31:00,9810017
2024-10-19 09:31:30,9810017
2024-10-19 09:32:00,9810017
2024-10-19 09:32:30,9810017
2024-10-19 09:33:00,9814787
2024-10-19 09:33:30,9830346
2024-10-19 09:34:00,9876037
2024-10-19 09:34:30,9952246
2024-10-19 09:35:00,10074393
2024-10-19 09:35:30,10102201
2024-10-19 09:36:00,10108448
2024-10-19 09:36:30,10108448
2024-10-19 09:37:00,10108448
2024-10-19 09:37:30,10108448
2024-10-19 09:38:00,10108448
2024-10-19 09:38:30,10108448
2024-10-19 09:39:00,10108448
2024-10-19 09:39:30,10108448
2024-10-19 09:40:00,10108448
2024-10-19 09:40:30,10108448
2024-10-19 09:41:00,10108448
2024-10-19 09:41:30,10108448
2024-10-19 09:42:00,10123721
2024-10-19 09:42:30,10180175
2024-10-19 09:43:00,10211420
2024-10-19 09:43:30,10215408
2024-10-19 09:44:00,10215408
2024-10-19 09:44:30,10215408
2024-10-19 09:45:00,10215408
2024-10-19 09:45:30,10215408
2024-10-19 09:46:00,10215408
2024-10-19 09:46:30,10215408
2024-10-19 09:47:00,10215408
2024-10-19 09:47:30,10215408
2024-10-19 09:48:00,10215408
2024-10-19 09:48:30,10215408
2024-10-19 09:49:00,10215408
2024-10-19 09:49:30,10215408
2024-10-19 09:50:00,10215408
2024-10-19 09:50:30,10215408
2024-10-19 09:51:00,10215408
2024-10-19 09:51:30,10215408
2024-10-19 09:52:00,10215408
2024-10-19 09:52:30,10215408
2024-10-19 09:53:00,10215408
2024-10-19 09:53:30,10215408
2024-10-19 09:54:00,10215408
2024-10-19 09:54:30,10215408
2024-10-19 09:55:00,10215408
2024-10-19 09:55:30,10215408
2024-10-19 09:56:00,10215408
2024-10-19 09:56:30,10215408
2024-10-19 09:57:00,10215408
2024-10-19 09:57:30,10215408
2024-10-19 09:58:00,10215408
2024-10-19 09:58:30,10215408
2024-10-19 09:59:00,10215408
2024-10-19 09:59:30,10215408
2024-10-19 10:00:00,10215408
2024-10-19 10:00:30,10215408
2024-10-19 10:01:00,10215408
2024-10-19 10:01:30,10215408
2024-10-19 10:02:00,10217772
2024-10-19 10:02:30,10231194
2024-10-19 10:03:00,10233787
2024-10-19 10:03:30,10233787
2024-10-19 10:04:00,10233787
2024-10-19 10:04:30,10233787
2024-10-19 10:05:00,10233787
2024-10-19 10:05:30,10233787
2024-10-19 10:06:00,10233787
2024-10-19 10:06:30,10233787
2024-10-19 10:07:00,10233787
2024-10-19 10:07:30,10233787
2024-10-19 10:08:00,10233787
2024-10-19 10:08:30,10233787
2024-10-19 10:09:00,10233787
2024-10-19 10:09:30,10233787
2024-10-19 10:10:00,10252354
2024-10-19 10:10:30,10304367
2024-10-19 10:11:00,10304396
2024-10-19 10:11:30,10304396
2024-10-19 10:12:00,10304396
2024-10-19 10:12:30,10304396
2024-10-19 10:13:00,10304396
2024-10-19 10:13:30,10304396
2024-10-19 10:14:00,10304396
2024-10-19 10:14:30,10304396
2024-10-19 10:15:00,10304396
2024-10-19 10:15:30,10304396
2024-10-19 10:16:00,10304396
2024-10-19 10:16:30,10339761
2024-10-19 10:17:00,10388569
2024-10-19 10:17:30,10388569
2024-10-19 10:18:00,10388569
2024-10-19 10:18:30,10388569
2024-10-19 10:19:00,10388569
2024-10-19 10:19:30,10388569
2024-10-19 10:20:00,10388569
2024-10-19 10:20:30,10388569
2024-10-19 10:21:00,10388569
2024-10-19 10:21:30,10388569
2024-10-19 10:22:00,10388569
2024-10-19 10:22:30,10388569
2024-10-19 10:23:00,10388569
2024-10-19 10:23:30,10388569
2024-10-19 10:24:00,10388569
2024-10-19 10:24:30,10388569
2024-10-19 10:25:00,10388569
2024-10-19 10:25:30,10388569
2024-10-19 10:26:00,10388569
2024-10-19 10:26:30,10388569
2024-10-19 10:27:00,10388569
2024-10-19 10:27:30,10388569
2024-10-19 10:28:00,10388569
2024-10-19 10:28:30,10388782
2024-10-19 10:29:00,10409553
2024-10-19 10:29:30,10451009
2024-10-19 10:30:00,10451009
2024-10-19 10:30:30,10451009
2024-10-19 10:31:00,10466809
2024-10-19 10:31:30,10469925
2024-10-19 10:32:00,10494712
2024-10-19 10:32:30,10587302
2024-10-19 10:33:00,10715919
2024-10-19 10:33:30,10854274
2024-10-19 10:34:00,10911202
2024-10-19 10:34:30,10911227
2024-10-19 10:35:00,10911227
2024-10-19 10:35:30,10911227
2024-10-19 10:36:00,10911227
2024-10-19 10:36:30,10911227
2024-10-19 10:37:00,10911227
2024-10-19 10:37:30,10911227
2024-10-19 10:38:00,10911227
2024-10-19 10:38:30,10911227
2024-10-19 10:39:00,10913232
2024-10-19 10:39:30,10918805
2024-10-19 10:40:00,10918805
2024-10-19 10:40:30,10918805
2024-10-19 10:41:30,10918805
2024-10-19 10:42:00,10918805
2024-10-19 10:42:30,10918805
2024-10-19 10:43:00,10918805
2024-10-19 10:43:30,10918805
2024-10-19 10:44:00,10918805
2024-10-19 10:44:30,10918805
2024-10-19 10:45:00,10918805
2024-10-19 10:45:30,10918805
2024-10-19 10:46:00,10918805
2024-10-19 10:46:30,10918805
2024-10-19 10:47:00,10918805
2024-10-19 10:47:30,10918805
2024-10-19 10:48:00,10918805
2024-10-19 10:48:30,10918805
2024-10-19 10:49:30,10918805
2024-10-19 10:50:00,10918805
2024-10-19 10:50:30,10918805
2024-10-19 10:51:00,10918805
2024-10-19 10:51:30,10918805
2024-10-19 10:52:00,10918805
2024-10-19 10:52:30,10918805
2024-10-19 10:53:00,10918805
2024-10-19 10:53:30,10918805
2024-10-19 10:54:00,10918805
2024-10-19 10:54:30,10918805
2024-10-19 10:55:00,10918805
2024-10-19 10:55:30,10918805
2024-10-19 10:56:00,10918805
2024-10-19 10:56:30,10918805
2024-10-19 10:57:00,10921199
2024-10-19 10:57:30,10952814
2024-10-19 10:58:00,10960123
2024-10-19 10:58:30,10960123
2024-10-19 10:59:00,10960123
2024-10-19 10:59:30,10960123
2024-10-19 11:00:00,10960123
2024-10-19 11:00:30,10960123
2024-10-19 11:01:00,10960123
2024-10-19 11:01:30,10960124
2024-10-19 11:02:00,10960124
2024-10-19 11:02:30,10960124
2024-10-19 11:03:00,10960124
2024-10-19 11:03:30,10960124
2024-10-19 11:04:00,10960124
2024-10-19 11:04:30,10960124
2024-10-19 11:05:00,10960124
2024-10-19 11:05:30,10960124
2024-10-19 11:06:00,10960124
2024-10-19 11:06:30,10960124
2024-10-19 11:07:00,10960124
2024-10-19 11:07:30,10960124
2024-10-19 11:08:00,10960124
2024-10-19 11:08:30,10960124
2024-10-19 11:09:00,10960124
2024-10-19 11:09:30,10960124
2024-10-19 11:10:00,10960124
2024-10-19 11:10:30,10960124
2024-10-19 11:11:00,10960124
2024-10-19 11:11:30,10960124
2024-10-19 11:12:00,10960124
2024-10-19 11:12:30,10960124
2024-10-19 11:13:30,10960124
2024-10-19 11:14:00,10960124
2024-10-19 11:14:30,10960124
2024-10-19 11:15:00,10960124
2024-10-19 11:15:30,10960124
2024-10-19 11:16:00,10960124
2024-10-19 11:16:30,10960124
2024-10-19 11:17:30,10960124
2024-10-19 11:18:00,10960124
2024-10-19 11:18:30,10960124
2024-10-19 11:19:00,10960124
2024-10-19 11:19:30,10960124
2024-10-19 11:20:00,10960124
2024-10-19 11:20:30,10960124
2024-10-19 11:21:00,10960124
2024-10-19 11:21:30,10960124
2024-10-19 11:22:00,10962122
2024-10-19 11:22:30,10962642
2024-10-19 11:23:00,10962642
2024-10-19 11:23:30,10962642
2024-10-19 11:24:00,10962642
2024-10-19 11:24:30,10962642
2024-10-19 11:25:00,11084420
2024-10-19 11:25:30,11159356
2024-10-19 11:26:00,11167323
2024-10-19 11:26:30,11167323
2024-10-19 11:27:00,11167323
2024-10-19 11:27:30,11167323
2024-10-19 11:28:00,11167323
2024-10-19 11:28:30,11167323
2024-10-19 11:29:00,11167323
2024-10-19 11:29:30,11167323
2024-10-19 11:30:00,11167323
2024-10-19 11:30:30,11167323
2024-10-19 11:31:00,11167323
2024-10-19 11:31:30,11167323
2024-10-19 11:32:00,11167323
2024-10-19 11:32:30,11167323
2024-10-19 11:33:30,11348029
2024-10-19 11:34:00,11419325
2024-10-19 11:34:30,11425098
2024-10-19 11:35:00,11425429
2024-10-19 11:35:30,11425429
2024-10-19 11:36:00,11425429
2024-10-19 11:36:30,11425429
2024-10-19 11:37:30,11436549
2024-10-19 11:38:00,11462938
2024-10-19 11:38:30,11476069
2024-10-19 11:39:00,11476069
2024-10-19 11:39:30,11476069
2024-10-19 11:40:00,11476069
2024-10-19 11:40:30,11476069
2024-10-19 11:41:00,11476069
2024-10-19 11:41:30,11476069
2024-10-19 11:42:00,11476069
2024-10-19 11:42:30,11476069
2024-10-19 11:43:00,11476069
2024-10-19 11:43:30,11476069
2024-10-19 11:44:00,11476069
2024-10-19 11:44:30,11476069
2024-10-19 11:45:30,11476700
2024-10-19 11:46:00,11485855
2024-10-19 11:46:30,11486376
2024-10-19 11:47:00,11486376
2024-10-19 11:47:30,11486376
2024-10-19 11:48:00,11486376
2024-10-19 11:48:30,11486376
2024-10-19 11:49:30,11486376
2024-10-19 11:50:00,11486376
2024-10-19 11:50:30,11486376
2024-10-19 11:51:00,11486376
2024-10-19 11:51:30,11486376
2024-10-19 11:52:00,11486376
2024-10-19 11:52:30,11486376
2024-10-19 11:53:00,11533110
2024-10-19 11:53:30,11542836
2024-10-19 11:54:00,11542871
2024-10-19 11:54:30,11542871
2024-10-19 11:55:00,11542871
2024-10-19 11:55:30,11542871
2024-10-19 11:56:00,11550028
2024-10-19 11:56:30,11586297
2024-10-19 11:57:00,11690250
2024-10-19 11:57:30,11694383
2024-10-19 11:58:00,11694535
2024-10-19 11:58:30,11694535
2024-10-19 11:59:00,11694535
2024-10-19 11:59:30,11694535
2024-10-19 12:00:00,11694535
2024-10-19 12:00:30,11694535
2024-10-19 12:01:00,11694535
2024-10-19 12:01:30,11694535
2024-10-19 12:02:00,11694535
2024-10-19 12:02:30,11694535
2024-10-19 12:03:00,11694535
2024-10-19 12:03:30,11694535
2024-10-19 12:04:00,11694535
2024-10-19 12:04:30,11694535
2024-10-19 12:05:00,11694535
2024-10-19 12:05:30,11694535
2024-10-19 12:06:00,11694535
2024-10-19 12:06:30,11694535
2024-10-19 12:07:00,11694535
2024-10-19 12:07:30,11694535
2024-10-19 12:08:00,11694535
2024-10-19 12:08:30,11694535
2024-10-19 12:09:00,11729506
2024-10-19 12:09:30,11764892
2024-10-19 12:10:00,11764892
2024-10-19 12:10:30,11764892
2024-10-19 12:11:00,11764892
2024-10-19 12:11:30,11764892
2024-10-19 12:12:00,11764892
2024-10-19 12:12:30,11764892
2024-10-19 12:13:00,11764892
2024-10-19 12:13:30,11764892
2024-10-19 12:14:00,11764892
2024-10-19 12:14:30,11764892
2024-10-19 12:15:00,11764892
2024-10-19 12:15:30,11764892
2024-10-19 12:16:00,11764892
2024-10-19 12:16:30,11764892
2024-10-19 12:17:00,11767613
2024-10-19 12:17:30,11807561
2024-10-19 12:18:00,11878744
2024-10-19 12:18:30,11900033
2024-10-19 12:19:00,11926692
2024-10-19 12:19:30,11933363
2024-10-19 12:20:00,11933363
2024-10-19 12:20:30,11933363
2024-10-19 12:21:30,11933363
2024-10-19 12:22:00,11933363
2024-10-19 12:22:30,11933363
2024-10-19 12:23:00,11933363
2024-10-19 12:23:30,11933363
2024-10-19 12:24:00,11933363
2024-10-19 12:24:30,11933363
2024-10-19 12:25:00,11933363
2024-10-19 12:25:30,11933363
2024-10-19 12:26:00,11933363
2024-10-19 12:26:30,11933363
2024-10-19 12:27:00,11933363
2024-10-19 12:27:30,11933363
2024-10-19 12:28:00,11933363
2024-10-19 12:28:30,11933363
2024-10-19 12:29:00,11933363
2024-10-19 12:29:30,11933363
2024-10-19 12:30:00,11933363
2024-10-19 12:30:30,11933363
2024-10-19 12:31:00,11933363
2024-10-19 12:31:30,11933363
2024-10-19 12:32:00,11933363
2024-10-19 12:32:30,11933363
2024-10-19 12:33:00,11933363
2024-10-19 12:33:30,11933363
2024-10-19 12:34:00,11933363
2024-10-19 12:34:30,11933363
2024-10-19 12:35:00,11933363
2024-10-19 12:35:30,11933363
2024-10-19 12:36:00,11933363
2024-10-19 12:36:30,11933827
2024-10-19 12:37:00,11935208
2024-10-19 12:37:30,11935208
2024-10-19 12:38:00,11935208
2024-10-19 12:38:30,11935208
2024-10-19 12:39:00,11935208
2024-10-19 12:39:30,11935208
2024-10-19 12:40:00,11935208
2024-10-19 12:40:30,11935208
2024-10-19 12:41:00,11935208
2024-10-19 12:41:30,11935208
2024-10-19 12:42:00,11935208
2024-10-19 12:42:30,11935208
2024-10-19 12:43:00,11935208
2024-10-19 12:43:30,11935208
2024-10-19 12:44:00,11935208
2024-10-19 12:44:30,11935208
2024-10-19 12:45:00,11935208
2024-10-19 12:45:30,11935208
2024-10-19 12:46:00,11935208
2024-10-19 12:46:30,11935208
2024-10-19 12:47:00,11935208
2024-10-19 12:47:30,11935208
2024-10-19 12:48:00,11935208
2024-10-19 12:48:30,11935208
2024-10-19 12:49:00,11984171
2024-10-19 12:49:30,12004625
2024-10-19 12:50:00,12004625
2024-10-19 12:50:30,12004625
2024-10-19 12:51:00,12004801
2024-10-19 12:51:30,12004977
2024-10-19 12:52:00,12004977
2024-10-19 12:52:30,12004977
2024-10-19 12:53:00,12004977
2024-10-19 12:53:30,12006442
2024-10-19 12:54:00,12015628
2024-10-19 12:54:30,12015628
2024-10-19 12:55:00,12015628
2024-10-19 12:55:30,12015628
2024-10-19 12:56:00,12015628
2024-10-19 12:56:30,12015628
2024-10-19 12:57:00,12015628
2024-10-19 12:57:30,12015628
2024-10-19 12:58:00,12015628
2024-10-19 12:58:30,12015628
2024-10-19 12:59:00,12015628
2024-10-19 12:59:30,12015628
2024-10-19 13:00:00,12015628
2024-10-19 13:00:30,12015628
2024-10-19 13:01:00,12015628
2024-10-19 13:01:30,12015628
2024-10-19 13:02:00,12015628
2024-10-19 13:02:30,12015628
2024-10-19 13:03:00,12015628
2024-10-19 13:03:30,12015628
2024-10-19 13:04:00,12015628
2024-10-19 13:04:30,12015628
2024-10-19 13:05:30,12015628
2024-10-19 13:06:00,12015628
2024-10-19 13:06:30,12015628
2024-10-19 13:07:00,12015628
2024-10-19 13:07:30,12015628
2024-10-19 13:08:00,12015628
2024-10-19 13:08:30,12015628
2024-10-19 13:09:00,12015628
2024-10-19 13:09:30,12015628
2024-10-19 13:10:00,12015628
2024-10-19 13:10:30,12015628
2024-10-19 13:11:00,12015628
2024-10-19 13:11:30,12015628
2024-10-19 13:12:00,12015628
2024-10-19 13:12:30,12015628
2024-10-19 13:13:00,12015628
2024-10-19 13:13:30,12015628
2024-10-19 13:14:00,12015628
2024-10-19 13:14:30,12015628
2024-10-19 13:15:00,12015628
2024-10-19 13:15:30,12015628
2024-10-19 13:16:00,12015628
2024-10-19 13:16:30,12015628
2024-10-19 13:17:30,12015628
2024-10-19 13:18:00,12015628
2024-10-19 13:18:30,12015628
2024-10-19 13:19:00,12015628
2024-10-19 13:19:30,12015628
2024-10-19 13:20:00,12015628
2024-10-19 13:20:30,12015628
2024-10-19 13:21:00,12015628
2024-10-19 13:21:30,12015628
2024-10-19 13:22:00,12015628
2024-10-19 13:22:30,12015628
2024-10-19 13:23:00,12015628
2024-10-19 13:23:30,12015628
2024-10-19 13:24:00,12015628
2024-10-19 13:24:30,12015628
2024-10-19 13:25:30,12015628
2024-10-19 13:26:00,12015628
2024-10-19 13:26:30,12015628
2024-10-19 13:27:00,12033458
2024-10-19 13:27:30,12125552
2024-10-19 13:28:00,12144280
2024-10-19 13:28:30,12242021
2024-10-19 13:29:30,12312371
2024-10-19 13:30:00,12316894
2024-10-19 13:30:30,12316894
2024-10-19 13:31:00,12316894
2024-10-19 13:31:30,12316894
2024-10-19 13:32:00,12316894
2024-10-19 13:32:30,12318462
2024-10-19 13:33:00,12337163
2024-10-19 13:33:30,12340547
2024-10-19 13:34:00,12340547
2024-10-19 13:34:30,12340547
2024-10-19 13:35:00,12340547
2024-10-19 13:35:30,12340547
2024-10-19 13:36:00,12340547
2024-10-19 13:36:30,12340547
2024-10-19 13:37:00,12340547
2024-10-19 13:37:30,12340547
2024-10-19 13:38:00,12340547
2024-10-19 13:38:30,12340547
2024-10-19 13:39:00,12340547
2024-10-19 13:39:30,12340547
2024-10-19 13:40:00,12340547
2024-10-19 13:40:30,12340547
2024-10-19 13:41:00,12340547
2024-10-19 13:41:30,12340895
2024-10-19 13:42:00,12341901
2024-10-19 13:42:30,12354707
2024-10-19 13:43:00,12354878
2024-10-19 13:43:30,12354878
2024-10-19 13:44:00,12354878
2024-10-19 13:44:30,12354878
2024-10-19 13:45:00,12354878
2024-10-19 13:45:30,12354878
2024-10-19 13:46:00,12354878
2024-10-19 13:46:30,12354878
2024-10-19 13:47:00,12354878
2024-10-19 13:47:30,12354878
2024-10-19 13:48:00,12354878
2024-10-19 13:48:30,12355468
2024-10-19 13:49:00,12380944
2024-10-19 13:49:30,12383911
2024-10-19 13:50:00,12383911
2024-10-19 13:50:30,12383911
2024-10-19 13:51:00,12383911
2024-10-19 13:51:30,12383911
2024-10-19 13:52:00,12389508
2024-10-19 13:52:30,12424991
2024-10-19 13:53:00,12487984
2024-10-19 13:53:30,12487984
2024-10-19 13:54:00,12487984
2024-10-19 13:54:30,12487984
2024-10-19 13:55:00,12487984
2024-10-19 13:55:30,12487984
2024-10-19 13:56:00,12487984
2024-10-19 13:56:30,12487984
2024-10-19 13:57:00,12487984
2024-10-19 13:57:30,12487984
2024-10-19 13:58:00,12487984
2024-10-19 13:58:30,12487984
2024-10-19 13:59:00,12487984
2024-10-19 13:59:30,12487984
2024-10-19 14:00:00,12487984
2024-10-19 14:00:30,12487984
2024-10-19 14:01:30,12487984
2024-10-19 14:02:00,12487984
2024-10-19 14:02:30,12487984
2024-10-19 14:03:00,12487984
2024-10-19 14:03:30,12487984
2024-10-19 14:04:00,12487984
2024-10-19 14:04:30,12487984
2024-10-19 14:05:00,12487984
2024-10-19 14:05:30,12487984
2024-10-19 14:06:00,12487984
2024-10-19 14:06:30,12487984
2024-10-19 14:07:00,12487984
2024-10-19 14:07:30,12487984
2024-10-19 14:08:00,12487984
2024-10-19 14:08:30,12487984
2024-10-19 14:09:30,12487984
2024-10-19 14:10:00,12487984
2024-10-19 14:10:30,12487984
2024-10-19 14:11:00,12487984
2024-10-19 14:11:30,12487984
2024-10-19 14:12:00,12539467
2024-10-19 14:12:30,12650190
2024-10-19 14:13:00,12723545
2024-10-19 14:13:30,12723725
2024-10-19 14:14:00,12723725
2024-10-19 14:14:30,12723725
2024-10-19 14:15:00,12723725
2024-10-19 14:15:30,12723725
2024-10-19 14:16:00,12727025
2024-10-19 14:16:30,12747237
2024-10-19 14:17:00,12754930
2024-10-19 14:17:30,12754930
2024-10-19 14:18:00,12754930
2024-10-19 14:18:30,12754930
2024-10-19 14:19:00,12754930
2024-10-19 14:19:30,12754930
2024-10-19 14:20:00,12754930
2024-10-19 14:20:30,12754930
2024-10-19 14:21:00,12754930
2024-10-19 14:21:30,12754930
2024-10-19 14:22:00,12754930
2024-10-19 14:22:30,12754930
2024-10-19 14:23:00,12768892
2024-10-19 14:23:30,12778842
2024-10-19 14:24:00,12778842
2024-10-19 14:24:30,12778842
2024-10-19 14:25:00,12778842
2024-10-19 14:25:30,12778842
2024-10-19 14:26:00,12778842
2024-10-19 14:26:30,12778842
2024-10-19 14:27:00,12778842
2024-10-19 14:27:30,12778842
2024-10-19 14:28:00,12778842
2024-10-19 14:28:30,12778842
2024-10-19 14:29:00,12778842
2024-10-19 14:29:30,12778842
2024-10-19 14:30:00,12778842
2024-10-19 14:30:30,12778842
2024-10-19 14:31:00,12778842
2024-10-19 14:31:30,12778842
2024-10-19 14:32:00,12778842
2024-10-19 14:32:30,12778842
2024-10-19 14:33:00,12778842
2024-10-19 14:33:30,12778842
2024-10-19 14:34:00,12778842
2024-10-19 14:34:30,12778842
2024-10-19 14:35:00,12778842
2024-10-19 14:35:30,12778842
2024-10-19 14:36:00,12778842
2024-10-19 14:36:30,12778842
2024-10-19 14:37:30,12984356
2024-10-19 14:38:00,13092483
2024-10-19 14:38:30,13099827
2024-10-19 14:39:00,13115905
2024-10-19 14:39:30,13115905
2024-10-19 14:40:00,13115905
2024-10-19 14:40:30,13115905
2024-10-19 14:41:00,13115905
2024-10-19 14:41:30,13115918
2024-10-19 14:42:00,13123675
2024-10-19 14:42:30,13124384
2024-10-19 14:43:00,13149152
2024-10-19 14:43:30,13165710
2024-10-19 14:44:00,13165710
2024-10-19 14:44:30,13165710
2024-10-19 14:45:30,13165710
2024-10-19 14:46:00,13165710
2024-10-19 14:46:30,13165710
2024-10-19 14:47:00,13165710
2024-10-19 14:47:30,13165710
2024-10-19 14:48:00,13165710
2024-10-19 14:48:30,13165710
2024-10-19 14:49:30,13165710
2024-10-19 14:50:00,13165710
2024-10-19 14:50:30,13165710
2024-10-19 14:51:00,13165710
2024-10-19 14:51:30,13165710
2024-10-19 14:52:00,13165710
2024-10-19 14:52:30,13165710
2024-10-19 14:53:00,13165710
2024-10-19 14:53:30,13165710
2024-10-19 14:54:00,13165710
2024-10-19 14:54:30,13165710
2024-10-19 14:55:00,13165710
2024-10-19 14:55:30,13165710
2024-10-19 14:56:00,13165710
2024-10-19 14:56:30,13165710
2024-10-19 14:57:00,13165710
2024-10-19 14:57:30,13165710
2024-10-19 14:58:00,13165710
2024-10-19 14:58:30,13165710
2024-10-19 14:59:00,13165710
2024-10-19 14:59:30,13165710
2024-10-19 15:00:00,13165710
2024-10-19 15:00:30,13165710
2024-10-19 15:01:00,13182526
2024-10-19 15:01:30,13183171
2024-10-19 15:02:00,13203105
2024-10-19 15:02:30,13215671
2024-10-19 15:03:00,13219415
2024-10-19 15:03:30,13250690
2024-10-19 15:04:00,13257832
2024-10-19 15:04:30,13257832
2024-10-19 15:05:00,13258008
2024-10-19 15:05:30,13263851
2024-10-19 15:06:00,13264851
2024-10-19 15:06:30,13349394
2024-10-19 15:07:00,13409725
2024-10-19 15:07:30,13409725
2024-10-19 15:08:00,13409725
2024-10-19 15:08:30,13409725
2024-10-19 15:09:00,13409725
2024-10-19 15:09:30,13409725
2024-10-19 15:10:00,13409725
2024-10-19 15:10:30,13409725
2024-10-19 15:11:00,13409725
2024-10-19 15:11:30,13409725
2024-10-19 15:12:00,13409725
2024-10-19 15:12:30,13409725
2024-10-19 15:13:00,13409725
2024-10-19 15:13:30,13409725
2024-10-19 15:14:00,13409725
2024-10-19 15:14:30,13409725
2024-10-19 15:15:00,13409725
2024-10-19 15:15:30,13409725
2024-10-19 15:16:00,13409725
2024-10-19 15:16:30,13409725
2024-10-19 15:17:00,13409725
2024-10-19 15:17:30,13409725
2024-10-19 15:18:00,13410211
2024-10-19 15:18:30,13453629
2024-10-19 15:19:00,13490592
2024-10-19 15:19:30,13490592
2024-10-19 15:20:00,13490592
2024-10-19 15:20:30,13490592
2024-10-19 15:21:00,13490592
2024-10-19 15:21:30,13490592
2024-10-19 15:22:00,13490592
2024-10-19 15:22:30,13490592
2024-10-19 15:23:00,13490592
2024-10-19 15:23:30,13490592
2024-10-19 15:24:00,13509305
2024-10-19 15:24:30,13542606
2024-10-19 15:25:00,13599727
2024-10-19 15:25:30,13656186
2024-10-19 15:26:00,13674162
2024-10-19 15:26:30,13682677
2024-10-19 15:27:00,13682677
2024-10-19 15:27:30,13682677
2024-10-19 15:28:00,13682677
2024-10-19 15:28:30,13694512
2024-10-19 15:29:00,13744976
2024-10-19 15:29:30,13763860
2024-10-19 15:30:00,13792227
2024-10-19 15:30:30,13802325
2024-10-19 15:31:00,13802325
2024-10-19 15:31:30,13802325
2024-10-19 15:32:00,13802325
2024-10-19 15:32:30,13802325
2024-10-19 15:33:00,13802325
2024-10-19 15:33:30,13802325
2024-10-19 15:34:00,13808540
2024-10-19 15:34:30,13818831
2024-10-19 15:35:00,13818831
2024-10-19 15:35:30,13818831
2024-10-19 15:36:00,13818831
2024-10-19 15:36:30,13818831
2024-10-19 15:37:00,13818831
2024-10-19 15:37:30,13818831
2024-10-19 15:38:00,13818831
2024-10-19 15:38:30,13818831
2024-10-19 15:39:00,13818831
2024-10-19 15:39:30,13818831
2024-10-19 15:40:00,13818831
2024-10-19 15:40:30,13818831
2024-10-19 15:41:00,13818831
2024-10-19 15:41:30,13818832
2024-10-19 15:42:00,13818832
2024-10-19 15:42:30,13818832
2024-10-19 15:43:00,13818832
2024-10-19 15:43:30,13818832
2024-10-19 15:44:00,13818832
2024-10-19 15:44:30,13818832
2024-10-19 15:45:30,13883365
2024-10-19 15:46:00,13912321
2024-10-19 15:46:30,13914765
2024-10-19 15:47:00,13914765
2024-10-19 15:47:30,13914765
2024-10-19 15:48:00,13914765
2024-10-19 15:48:30,13914765
2024-10-19 15:49:30,13914765
2024-10-19 15:50:00,13914765
2024-10-19 15:50:30,13914765
2024-10-19 15:51:00,13914765
2024-10-19 15:51:30,13914765
2024-10-19 15:52:00,13914765
2024-10-19 15:52:30,13914765
2024-10-19 15:53:00,13914765
2024-10-19 15:53:30,13914765
2024-10-19 15:54:00,13914765
2024-10-19 15:54:30,13914765
2024-10-19 15:55:00,13914765
2024-10-19 15:55:30,13914765
2024-10-19 15:56:00,13914765
2024-10-19 15:56:30,13914765
2024-10-19 15:57:30,13914765
2024-10-19 15:58:00,13914765
2024-10-19 15:58:30,13914765
2024-10-19 15:59:00,13914765
2024-10-19 15:59:30,13914765
2024-10-19 16:00:00,13914765
2024-10-19 16:00:30,13914765
2024-10-19 16:01:00,13914765
2024-10-19 16:01:30,13914997
2024-10-19 16:02:00,13915561
2024-10-19 16:02:30,13915561
2024-10-19 16:03:00,13915561
2024-10-19 16:03:30,13915561
2024-10-19 16:04:00,13915561
2024-10-19 16:04:30,13915561
2024-10-19 16:05:00,13915561
2024-10-19 16:05:30,13915561
2024-10-19 16:06:00,13915561
2024-10-19 16:06:30,13915561
2024-10-19 16:07:00,13915561
2024-10-19 16:07:30,13915561
2024-10-19 16:08:00,13915561
2024-10-19 16:08:30,13915561
2024-10-19 16:09:30,13915561
2024-10-19 16:10:00,13921393
2024-10-19 16:10:30,13966260
2024-10-19 16:11:00,13985808
2024-10-19 16:11:30,14012606
2024-10-19 16:12:00,14022522
2024-10-19 16:12:30,14022522
2024-10-19 16:13:30,14022522
2024-10-19 16:14:00,14022522
2024-10-19 16:14:30,14022522
2024-10-19 16:15:00,14023909
2024-10-19 16:15:30,14026042
2024-10-19 16:16:00,14026042
2024-10-19 16:16:30,14026042
2024-10-19 16:17:00,14026042
2024-10-19 16:17:30,14026042
2024-10-19 16:18:00,14026042
2024-10-19 16:18:30,14026042
2024-10-19 16:19:00,14026042
2024-10-19 16:19:30,14026042
2024-10-19 16:20:00,14026042
2024-10-19 16:20:30,14026042
2024-10-19 16:21:00,14026042
2024-10-19 16:21:30,14026042
2024-10-19 16:22:00,14026042
2024-10-19 16:22:30,14026042
2024-10-19 16:23:00,14026042
2024-10-19 16:23:30,14026042
2024-10-19 16:24:00,14026042
2024-10-19 16:24:30,14026042
2024-10-19 16:25:30,14026042
2024-10-19 16:26:00,14026042
2024-10-19 16:26:30,14026042
2024-10-19 16:27:00,14026042
2024-10-19 16:27:30,14026042
2024-10-19 16:28:00,14026042
2024-10-19 16:28:30,14026042
2024-10-19 16:29:30,14026042
2024-10-19 16:30:00,14026042
2024-10-19 16:30:30,14026042
2024-10-19 16:31:00,14026042
2024-10-19 16:31:30,14026042
2024-10-19 16:32:00,14026042
2024-10-19 16:32:30,14026042
2024-10-19 16:33:30,14026042
2024-10-19 16:34:00,14026042
2024-10-19 16:34:30,14026042
2024-10-19 16:35:00,14026042
2024-10-19 16:35:30,14026042
2024-10-19 16:36:00,14026042
2024-10-19 16:36:30,14026042
2024-10-19 16:37:00,14026042
2024-10-19 16:37:30,14026042
2024-10-19 16:38:00,14026042
2024-10-19 16:38:30,14026042
2024-10-19 16:39:00,14026042
2024-10-19 16:39:30,14026042
2024-10-19 16:40:00,14026042
2024-10-19 16:40:30,14026042
2024-10-19 16:41:00,14026042
2024-10-19 16:41:30,14026042
2024-10-19 16:42:00,14026042
2024-10-19 16:42:30,14026042
2024-10-19 16:43:00,14026042
2024-10-19 16:43:30,14026042
2024-10-19 16:44:00,14044169
2024-10-19 16:44:30,14109566
2024-10-19 16:45:30,14340223
2024-10-19 16:46:00,14358465
2024-10-19 16:46:30,14397205
2024-10-19 16:47:00,14412039
2024-10-19 16:47:30,14412060
2024-10-19 16:48:00,14412060
2024-10-19 16:48:30,14412060
2024-10-19 16:49:00,14412060
2024-10-19 16:49:30,14412060
2024-10-19 16:50:00,14412060
2024-10-19 16:50:30,14412060
2024-10-19 16:51:00,14412060
2024-10-19 16:51:30,14412060
2024-10-19 16:52:00,14412060
2024-10-19 16:52:30,14412060
2024-10-19 16:53:00,14412060
2024-10-19 16:53:30,14412060
2024-10-19 16:54:00,14412060
2024-10-19 16:54:30,14412060
2024-10-19 16:55:00,14412060
2024-10-19 16:55:30,14412060
2024-10-19 16:56:00,14412060
2024-10-19 16:56:30,14412060
2024-10-19 16:57:00,14412060
2024-10-19 16:57:30,14412060
2024-10-19 16:58:00,14412060
2024-10-19 16:58:30,14415893
2024-10-19 16:59:00,14417424
2024-10-19 16:59:30,14417424
2024-10-19 17:00:00,14417424
2024-10-19 17:00:30,14417424
2024-10-19 17:01:00,14417424
2024-10-19 17:01:30,14417424
2024-10-19 17:02:00,14417424
2024-10-19 17:02:30,14417424
2024-10-19 17:03:00,14417424
2024-10-19 17:03:30,14417424
2024-10-19 17:04:00,14417424
2024-10-19 17:04:30,14417424
2024-10-19 17:05:00,14417424
2024-10-19 17:05:30,14417424
2024-10-19 17:06:00,14417995
2024-10-19 17:06:30,14427311
2024-10-19 17:07:00,14460155
2024-10-19 17:07:30,14469048
2024-10-19 17:08:00,14469048
2024-10-19 17:08:30,14469048
2024-10-19 17:09:00,14469048
2024-10-19 17:09:30,14469048
2024-10-19 17:10:00,14469048
2024-10-19 17:10:30,14469048
2024-10-19 17:11:00,14469048
2024-10-19 17:11:30,14469048
2024-10-19 17:12:00,14469048
2024-10-19 17:12:30,14469048
2024-10-19 17:13:00,14469048
2024-10-19 17:13:30,14469048
2024-10-19 17:14:00,14469048
2024-10-19 17:14:30,14469048
2024-10-19 17:15:00,14469048
2024-10-19 17:15:30,14469048
2024-10-19 17:16:00,14486054
2024-10-19 17:16:30,14529396
2024-10-19 17:17:00,14543536
2024-10-19 17:17:30,14543536
2024-10-19 17:18:00,14543536
2024-10-19 17:18:30,14543536
2024-10-19 17:19:00,14543536
2024-10-19 17:19:30,14543536
2024-10-19 17:20:00,14543536
2024-10-19 17:20:30,14543536
2024-10-19 17:21:00,14543536
2024-10-19 17:21:30,14543536
2024-10-19 17:22:00,14545238
2024-10-19 17:22:30,14548816
2024-10-19 17:23:00,14548816
2024-10-19 17:23:30,14548816
2024-10-19 17:24:00,14548816
2024-10-19 17:24:30,14548816
2024-10-19 17:25:30,14548816
2024-10-19 17:26:00,14548816
2024-10-19 17:26:30,14548816
2024-10-19 17:27:00,14548816
2024-10-19 17:27:30,14548816
2024-10-19 17:28:00,14548816
2024-10-19 17:28:30,14548816
2024-10-19 17:29:30,14548816
2024-10-19 17:30:00,14548816
2024-10-19 17:30:30,14548816
2024-10-19 17:31:00,14548816
2024-10-19 17:31:30,14548816
2024-10-19 17:32:00,14548816
2024-10-19 17:32:30,14548816
2024-10-19 17:33:00,14548816
2024-10-19 17:33:30,14548816
2024-10-19 17:34:00,14548816
2024-10-19 17:34:30,14548816
2024-10-19 17:35:00,14548816
2024-10-19 17:35:30,14548816
2024-10-19 17:36:00,14548816
2024-10-19 17:36:30,14548816
2024-10-19 17:37:30,14550297
2024-10-19 17:38:00,14550405
2024-10-19 17:38:30,14550405
2024-10-19 17:39:00,14550406
2024-10-19 17:39:30,14550406
2024-10-19 17:40:00,14550406
2024-10-19 17:40:30,14550406
2024-10-19 17:41:30,14659636
2024-10-19 17:42:00,14716365
2024-10-19 17:42:30,14716365
2024-10-19 17:43:00,14716715
2024-10-19 17:43:30,14719854
2024-10-19 17:44:00,14719854
2024-10-19 17:44:30,14719854
2024-10-19 17:45:30,14719854
2024-10-19 17:46:00,14719854
2024-10-19 17:46:30,14719854
2024-10-19 17:47:00,14719854
2024-10-19 17:47:30,14719854
2024-10-19 17:48:00,14719854
2024-10-19 17:48:30,14719854
2024-10-19 17:49:00,14719854
2024-10-19 17:49:30,14719854
2024-10-19 17:50:00,14719854
2024-10-19 17:50:30,14719854
2024-10-19 17:51:00,14719854
2024-10-19 17:51:30,14719854
2024-10-19 17:52:00,14719854
2024-10-19 17:52:30,14719854
2024-10-19 17:53:00,14719854
2024-10-19 17:53:30,14719854
2024-10-19 17:54:00,14719854
2024-10-19 17:54:30,14719854
2024-10-19 17:55:00,14719854
2024-10-19 17:55:30,14719854
2024-10-19 17:56:00,14719854
2024-10-19 17:56:30,14719854
2024-10-19 17:57:00,14719854
2024-10-19 17:57:30,14719854
2024-10-19 17:58:00,14719854
2024-10-19 17:58:30,14719854
2024-10-19 17:59:00,14719854
2024-10-19 17:59:30,14719854
2024-10-19 18:00:00,14719854
2024-10-19 18:00:30,14719854
2024-10-19 18:01:30,14719854
2024-10-19 18:02:00,14719854
2024-10-19 18:02:30,14719854
2024-10-19 18:03:00,14719854
2024-10-19 18:03:30,14719854
2024-10-19 18:04:00,14721488
2024-10-19 18:04:30,14788730
2024-10-19 18:05:30,15049019
2024-10-19 18:06:00,15052191
2024-10-19 18:06:30,15052191
2024-10-19 18:07:00,15052191
2024-10-19 18:07:30,15052191
2024-10-19 18:08:00,15052191
2024-10-19 18:08:30,15061081
2024-10-19 18:09:00,15204144
2024-10-19 18:09:30,15247406
2024-10-19 18:10:00,15247733
2024-10-19 18:10:30,15247733
2024-10-19 18:11:00,15247733
2024-10-19 18:11:30,15247733
2024-10-19 18:12:00,15247733
2024-10-19 18:12:30,15247733
2024-10-19 18:13:00,15247733
2024-10-19 18:13:30,15247733
2024-10-19 18:14:00,15247733
2024-10-19 18:14:30,15247733
2024-10-19 18:15:00,15247733
2024-10-19 18:15:30,15247733
2024-10-19 18:16:00,15247733
2024-10-19 18:16:30,15247733
2024-10-19 18:17:00,15247733
2024-10-19 18:17:30,15247733
2024-10-19 18:18:00,15247733
2024-10-19 18:18:30,15247733
2024-10-19 18:19:00,15247733
2024-10-19 18:19:30,15247733
2024-10-19 18:20:00,15247733
2024-10-19 18:20:30,15247733
2024-10-19 18:21:00,15247733
2024-10-19 18:21:30,15247733
2024-10-19 18:22:00,15247733
2024-10-19 18:22:30,15247733
2024-10-19 18:23:00,15247733
2024-10-19 18:23:30,15247733
2024-10-19 18:24:00,15247733
2024-10-19 18:24:30,15247733
2024-10-19 18:25:00,15247733
2024-10-19 18:25:30,15247733
2024-10-19 18:26:00,15247733
2024-10-19 18:26:30,15247733
2024-10-19 18:27:00,15247733
2024-10-19 18:27:30,15247733
2024-10-19 18:28:00,15247733
2024-10-19 18:28:30,15247733
2024-10-19 18:29:30,15247733
2024-10-19 18:30:00,15247733
2024-10-19 18:30:30,15247733
2024-10-19 18:31:00,15247733
2024-10-19 18:31:30,15247733
2024-10-19 18:32:00,15247733
2024-10-19 18:32:30,15247742
2024-10-19 18:33:30,15510305
2024-10-19 18:34:00,15537508
2024-10-19 18:34:30,15537508
2024-10-19 18:35:00,15537508
2024-10-19 18:35:30,15537508
2024-10-19 18:36:00,15537508
2024-10-19 18:36:30,15537508
2024-10-19 18:37:00,15537508
2024-10-19 18:37:30,15537508
2024-10-19 18:38:00,15537508
2024-10-19 18:38:30,15537508
2024-10-19 18:39:00,15537508
2024-10-19 18:39:30,15537508
2024-10-19 18:40:00,15545894
2024-10-19 18:40:30,15552074
2024-10-19 18:41:00,15552074
2024-10-19 18:41:30,15552074
2024-10-19 18:42:00,15552074
2024-10-19 18:42:30,15552074
2024-10-19 18:43:00,15552074
2024-10-19 18:43:30,15552074
2024-10-19 18:44:00,15552074
2024-10-19 18:44:30,15552074
2024-10-19 18:45:30,15552074
2024-10-19 18:46:00,15552074
2024-10-19 18:46:30,15552074
2024-10-19 18:47:00,15552074
2024-10-19 18:47:30,15552074
2024-10-19 18:48:00,15552074
2024-10-19 18:48:30,15552074
2024-10-19 18:49:00,15552074
2024-10-19 18:49:30,15552074
2024-10-19 18:50:00,15552074
2024-10-19 18:50:30,15552074
2024-10-19 18:51:00,15552074
2024-10-19 18:51:30,15552074
2024-10-19 18:52:00,15552074
2024-10-19 18:52:30,15552074
2024-10-19 18:53:00,15552074
2024-10-19 18:53:30,15552074
2024-10-19 18:54:00,15552074
2024-10-19 18:54:30,15552074
2024-10-19 18:55:00,15552074
2024-10-19 18:55:30,15552074
2024-10-19 18:56:00,15552074
2024-10-19 18:56:30,15552074
2024-10-19 18:57:30,15552074
2024-10-19 18:58:00,15552074
2024-10-19 18:58:30,15552074
2024-10-19 18:59:00,15552074
2024-10-19 18:59:30,15552074
2024-10-19 19:00:00,15552074
2024-10-19 19:00:30,15552074
2024-10-19 19:01:00,15552074
2024-10-19 19:01:30,15552074
2024-10-19 19:02:00,15552074
2024-10-19 19:02:30,15552074
2024-10-19 19:03:00,15552074
2024-10-19 19:03:30,15552074
2024-10-19 19:04:00,15552074
2024-10-19 19:04:30,15552864
2024-10-19 19:05:00,15617957
2024-10-19 19:05:30,15648126
2024-10-19 19:06:00,15664168
2024-10-19 19:06:30,15664168
2024-10-19 19:07:00,15664168
2024-10-19 19:07:30,15664168
2024-10-19 19:08:00,15664168
2024-10-19 19:08:30,15664168
2024-10-19 19:09:00,15664168
2024-10-19 19:09:30,15664168
2024-10-19 19:10:00,15664665
2024-10-19 19:10:30,15666520
2024-10-19 19:11:00,15666520
2024-10-19 19:11:30,15666520
2024-10-19 19:12:00,15666520
2024-10-19 19:12:30,15666520
2024-10-19 19:13:00,15666520
2024-10-19 19:13:30,15666520
2024-10-19 19:14:00,15673010
2024-10-19 19:14:30,15730924
2024-10-19 19:15:00,15735380
2024-10-19 19:15:30,15735380
2024-10-19 19:16:00,15735380
2024-10-19 19:16:30,15735380
2024-10-19 19:17:30,15735380
2024-10-19 19:18:00,15735380
2024-10-19 19:18:30,15735380
2024-10-19 19:19:00,15735568
2024-10-19 19:19:30,15757625
2024-10-19 19:20:00,15781925
2024-10-19 19:20:30,15790973
2024-10-19 19:21:30,15791713
2024-10-19 19:22:00,15791713
2024-10-19 19:22:30,15794976
2024-10-19 19:23:00,15835263
2024-10-19 19:23:30,15930815
2024-10-19 19:24:00,16037181
2024-10-19 19:24:30,16046670
2024-10-19 19:25:30,16046670
2024-10-19 19:26:00,16046670
2024-10-19 19:26:30,16046670
2024-10-19 19:27:00,16046670
2024-10-19 19:27:30,16046670
2024-10-19 19:28:00,16046672
2024-10-19 19:28:30,16046672
2024-10-19 19:29:30,16046672
2024-10-19 19:30:00,16046672
2024-10-19 19:30:30,16046672
2024-10-19 19:31:00,16046672
2024-10-19 19:31:30,16046672
2024-10-19 19:32:00,16046672
2024-10-19 19:32:30,16046672
2024-10-19 19:33:30,16046672
2024-10-19 19:34:00,16046672
2024-10-19 19:34:30,16046672
2024-10-19 19:35:00,16046672
2024-10-19 19:35:30,16046672
2024-10-19 19:36:00,16046672
2024-10-19 19:36:30,16046672
2024-10-19 19:37:30,16046672
2024-10-19 19:38:00,16046672
2024-10-19 19:38:30,16046672
2024-10-19 19:39:00,16046672
2024-10-19 19:39:30,16046672
2024-10-19 19:40:00,16046672
2024-10-19 19:40:30,16046672
2024-10-19 19:41:30,16046672
2024-10-19 19:42:00,16046672
2024-10-19 19:42:30,16046672
2024-10-19 19:43:00,16046672
2024-10-19 19:43:30,16046672
2024-10-19 19:44:00,16046672
2024-10-19 19:44:30,16046672
2024-10-19 19:45:30,16046672
2024-10-19 19:46:00,16046672
2024-10-19 19:46:30,16046672
2024-10-19 19:47:00,16046672
2024-10-19 19:47:30,16046672
2024-10-19 19:48:00,16046672
2024-10-19 19:48:30,16046672
2024-10-19 19:49:30,16046672
2024-10-19 19:50:00,16046672
2024-10-19 19:50:30,16046672
2024-10-19 19:51:00,16046672
2024-10-19 19:51:30,16046672
2024-10-19 19:52:00,16046672
2024-10-19 19:52:30,16046672
2024-10-19 19:53:00,16046672
2024-10-19 19:53:30,16046672
2024-10-19 19:54:00,16046672
2024-10-19 19:54:30,16046672
2024-10-19 19:55:00,16046672
2024-10-19 19:55:30,16046672
2024-10-19 19:56:00,16046672
2024-10-19 19:56:30,16046672
2024-10-19 19:57:30,16046672
2024-10-19 19:58:00,16046672
2024-10-19 19:58:30,16046672
2024-10-19 19:59:00,16046672
2024-10-19 19:59:30,16046672
2024-10-19 20:00:00,16046672
2024-10-19 20:00:30,16046672
2024-10-19 20:01:30,16104546
2024-10-19 20:02:00,16118757
2024-10-19 20:02:30,16191490
2024-10-19 20:03:00,16195703
2024-10-19 20:03:30,16195703
2024-10-19 20:04:00,16195703
2024-10-19 20:04:30,16195703
2024-10-19 20:05:00,16195703
2024-10-19 20:05:30,16195703
2024-10-19 20:06:00,16195703
2024-10-19 20:06:30,16195703
2024-10-19 20:07:00,16211989
2024-10-19 20:07:30,16262744
2024-10-19 20:08:00,16264822
2024-10-19 20:08:30,16264822
2024-10-19 20:09:30,16306441
2024-10-19 20:10:00,16388138
2024-10-19 20:10:30,16424884
2024-10-19 20:11:00,16424884
2024-10-19 20:11:30,16424884
2024-10-19 20:12:00,16424884
2024-10-19 20:12:30,16424884
2024-10-19 20:13:00,16424884
2024-10-19 20:13:30,16424884
2024-10-19 20:14:00,16424884
2024-10-19 20:14:30,16424884
2024-10-19 20:15:00,16424884
2024-10-19 20:15:30,16424884
2024-10-19 20:16:00,16424884
2024-10-19 20:16:30,16424884
2024-10-19 20:17:30,16424884
2024-10-19 20:18:00,16424884
2024-10-19 20:18:30,16424884
2024-10-19 20:19:00,16428824
2024-10-19 20:19:30,16445166
2024-10-19 20:20:00,16473567
2024-10-19 20:20:30,16473567
2024-10-19 20:21:30,16473567
2024-10-19 20:21:59,16473567