"Time","payload_data_details_txBytes {Aptech=""wifi"", mac_address=""c8:3a:35:a4:07:0d""}"
2024-10-18 20:21:30,692 kb/s
2024-10-18 20:22:00,18.7 Mb/s
2024-10-18 20:22:30,24.6 Mb/s
2024-10-18 20:23:00,49.2 Mb/s
2024-10-18 20:23:30,36.9 Mb/s
2024-10-18 20:24:00,55.9 Mb/s
2024-10-18 20:24:30,17.0 Mb/s
2024-10-18 20:25:30,56.5 Mb/s
2024-10-18 20:26:00,100 Mb/s
2024-10-18 20:26:30,22.8 Mb/s
2024-10-18 20:27:00,54.4 Mb/s
2024-10-18 20:27:30,71.9 Mb/s
2024-10-18 20:28:00,83.8 Mb/s
2024-10-18 20:28:30,111 Mb/s
2024-10-18 20:29:00,995 kb/s
2024-10-18 20:29:30,204 kb/s
2024-10-18 20:30:00,73.6 Mb/s
2024-10-18 20:30:30,67.4 Mb/s
2024-10-18 20:31:00,92.8 Mb/s
2024-10-18 20:31:30,11.4 Mb/s
2024-10-18 20:32:00,20.7 Mb/s
2024-10-18 20:32:30,7.99 Mb/s
2024-10-18 20:33:00,9.75 Mb/s
2024-10-18 20:33:30,9.77 Mb/s
2024-10-18 20:34:00,26.3 Mb/s
2024-10-18 20:34:30,31.9 Mb/s
2024-10-18 20:35:00,80.2 Mb/s
2024-10-18 20:35:30,21.1 Mb/s
2024-10-18 20:36:00,206 kb/s
2024-10-18 20:36:30,260 kb/s
2024-10-18 20:37:30,46.6 Mb/s
2024-10-18 20:38:00,58.2 Mb/s
2024-10-18 20:38:30,46.5 Mb/s
2024-10-18 20:39:00,24.1 Mb/s
2024-10-18 20:39:30,9.42 kb/s
2024-10-18 20:40:00,9.21 kb/s
2024-10-18 20:40:30,8.81 kb/s
2024-10-18 20:41:00,17.5 Mb/s
2024-10-18 20:41:30,101 Mb/s
2024-10-18 20:42:00,101 Mb/s
2024-10-18 20:42:30,39.8 Mb/s
2024-10-18 20:43:00,7.71 kb/s
2024-10-18 20:43:30,8.14 kb/s
2024-10-18 20:44:00,9.01 kb/s
2024-10-18 20:44:30,12.1 Mb/s
2024-10-18 20:45:00,868 kb/s
2024-10-18 20:45:30,341 kb/s
2024-10-18 20:46:00,8.25 kb/s
2024-10-18 20:46:30,7.98 kb/s
2024-10-18 20:47:00,34.7 Mb/s
2024-10-18 20:47:30,25.7 Mb/s
2024-10-18 20:48:00,13.7 kb/s
2024-10-18 20:48:30,11.0 kb/s
2024-10-18 20:49:30,24.8 Mb/s
2024-10-18 20:50:00,28.2 Mb/s
2024-10-18 20:50:30,28.8 Mb/s
2024-10-18 20:51:00,11.7 Mb/s
2024-10-18 20:51:30,2.61 Mb/s
2024-10-18 20:52:00,234 kb/s
2024-10-18 20:52:30,273 kb/s
2024-10-18 20:53:00,234 kb/s
2024-10-18 20:53:30,8.36 kb/s
2024-10-18 20:54:00,8.85 kb/s
2024-10-18 20:54:30,8.55 kb/s
2024-10-18 20:55:00,92.8 Mb/s
2024-10-18 20:55:30,153 Mb/s
2024-10-18 20:56:00,134 Mb/s
2024-10-18 20:56:30,121 Mb/s
2024-10-18 20:57:00,104 Mb/s
2024-10-18 20:57:30,74.4 Mb/s
2024-10-18 20:58:00,44.8 Mb/s
2024-10-18 20:58:30,11.2 Mb/s
2024-10-18 20:59:00,4.82 Mb/s
2024-10-18 20:59:30,8.35 kb/s
2024-10-18 21:00:00,114 kb/s
2024-10-18 21:00:30,646 kb/s
2024-10-18 21:01:00,588 kb/s
2024-10-18 21:01:30,50.1 Mb/s
2024-10-18 21:02:00,21.2 Mb/s
2024-10-18 21:02:30,68.4 Mb/s
2024-10-18 21:03:00,95.4 Mb/s
2024-10-18 21:03:30,103 Mb/s
2024-10-18 21:04:00,88.2 Mb/s
2024-10-18 21:04:30,110 kb/s
2024-10-18 21:05:00,7.96 kb/s
2024-10-18 21:05:30,8.33 kb/s
2024-10-18 21:06:00,8.24 kb/s
2024-10-18 21:06:30,57.4 Mb/s
2024-10-18 21:07:00,59.4 Mb/s
2024-10-18 21:07:30,31.0 Mb/s
2024-10-18 21:08:00,8.84 kb/s
2024-10-18 21:08:30,5.74 Mb/s
2024-10-18 21:09:00,325 kb/s
2024-10-18 21:09:30,619 kb/s
2024-10-18 21:10:00,16.2 Mb/s
2024-10-18 21:10:30,17.7 Mb/s
2024-10-18 21:11:00,17.7 Mb/s
2024-10-18 21:11:30,14.3 Mb/s
2024-10-18 21:12:00,73.2 Mb/s
2024-10-18 21:12:30,74.8 Mb/s
2024-10-18 21:13:00,8.37 Mb/s
2024-10-18 21:13:30,120 kb/s
2024-10-18 21:14:00,229 kb/s
2024-10-18 21:14:30,223 kb/s
2024-10-18 21:15:00,221 kb/s
2024-10-18 21:15:30,69.6 kb/s
2024-10-18 21:16:00,259 kb/s
2024-10-18 21:16:30,336 kb/s
2024-10-18 21:17:00,6.35 Mb/s
2024-10-18 21:17:30,41.7 Mb/s
2024-10-18 21:18:00,40.7 Mb/s
2024-10-18 21:18:30,9.03 Mb/s
2024-10-18 21:19:00,46.9 Mb/s
2024-10-18 21:19:30,46.9 Mb/s
2024-10-18 21:20:00,72.8 Mb/s
2024-10-18 21:20:30,48.1 Mb/s
2024-10-18 21:21:00,37.3 Mb/s
2024-10-18 21:21:30,103 Mb/s
2024-10-18 21:22:00,39.6 Mb/s
2024-10-18 21:22:30,52.8 Mb/s
2024-10-18 21:23:00,93.3 Mb/s
2024-10-18 21:23:30,91.8 Mb/s
2024-10-18 21:24:00,68.1 Mb/s
2024-10-18 21:24:30,67.9 Mb/s
2024-10-18 21:25:30,2.28 Mb/s
2024-10-18 21:26:00,17.2 Mb/s
2024-10-18 21:26:30,82.4 Mb/s
2024-10-18 21:27:00,71.4 Mb/s
2024-10-18 21:27:30,9.20 Mb/s
2024-10-18 21:28:00,49.2 Mb/s
2024-10-18 21:28:30,49.2 Mb/s
2024-10-18 21:29:00,12.4 Mb/s
2024-10-18 21:29:30,106 kb/s
2024-10-18 21:30:00,110 kb/s
2024-10-18 21:30:30,456 kb/s
2024-10-18 21:31:00,114 Mb/s
2024-10-18 21:31:30,93.8 Mb/s
2024-10-18 21:32:00,42.1 Mb/s
2024-10-18 21:32:30,426 kb/s
2024-10-18 21:33:00,40.4 Mb/s
2024-10-18 21:33:30,99.8 Mb/s
2024-10-18 21:34:00,104 Mb/s
2024-10-18 21:34:30,73.0 Mb/s
2024-10-18 21:35:00,444 kb/s
2024-10-18 21:35:30,9.76 kb/s
2024-10-18 21:36:00,401 kb/s
2024-10-18 21:36:30,572 kb/s
2024-10-18 21:37:00,41.9 kb/s
2024-10-18 21:37:30,152 kb/s
2024-10-18 21:38:00,223 kb/s
2024-10-18 21:38:30,108 kb/s
2024-10-18 21:39:00,8.65 kb/s
2024-10-18 21:39:30,8.79 kb/s
2024-10-18 21:40:00,9.56 kb/s
2024-10-18 21:40:30,11.5 kb/s
2024-10-18 21:41:00,428 kb/s
2024-10-18 21:41:30,358 kb/s
2024-10-18 21:42:00,71.6 Mb/s
2024-10-18 21:42:30,22.7 Mb/s
2024-10-18 21:43:00,23.8 Mb/s
2024-10-18 21:43:30,30.2 Mb/s
2024-10-18 21:44:00,8.24 Mb/s
2024-10-18 21:44:30,44.2 kb/s
2024-10-18 21:45:00,31.7 kb/s
2024-10-18 21:45:30,18.7 Mb/s
2024-10-18 21:46:00,48.6 Mb/s
2024-10-18 21:46:30,88.3 Mb/s
2024-10-18 21:47:00,94.6 Mb/s
2024-10-18 21:47:30,64.9 Mb/s
2024-10-18 21:48:00,28.7 Mb/s
2024-10-18 21:48:30,1.52 Mb/s
2024-10-18 21:49:00,84.5 Mb/s
2024-10-18 21:49:30,61.7 Mb/s
2024-10-18 21:50:00,62.3 Mb/s
2024-10-18 21:50:30,48.7 Mb/s
2024-10-18 21:51:00,51.5 Mb/s
2024-10-18 21:51:30,91.6 Mb/s
2024-10-18 21:52:00,91.4 Mb/s
2024-10-18 21:52:30,92.5 Mb/s
2024-10-18 21:53:00,12.8 Mb/s
2024-10-18 21:53:30,10.4 Mb/s
2024-10-18 21:54:00,10.8 Mb/s
2024-10-18 21:54:30,3.18 Mb/s
2024-10-18 21:55:00,11.2 Mb/s
2024-10-18 21:55:30,68.4 Mb/s
2024-10-18 21:56:00,68.1 Mb/s
2024-10-18 21:56:30,60.0 Mb/s
2024-10-18 21:57:00,129 Mb/s
2024-10-18 21:57:30,81.7 Mb/s
2024-10-18 21:58:00,32.9 Mb/s
2024-10-18 21:58:30,26.6 Mb/s
2024-10-18 21:59:00,69.2 Mb/s
2024-10-18 21:59:30,65.8 Mb/s
2024-10-18 22:00:00,75.2 Mb/s
2024-10-18 22:00:30,56.8 Mb/s
2024-10-18 22:01:00,52.2 Mb/s
2024-10-18 22:01:30,82.6 Mb/s
2024-10-18 22:02:00,80.4 Mb/s
2024-10-18 22:02:30,123 Mb/s
2024-10-18 22:03:00,92.0 Mb/s
2024-10-18 22:03:30,78.9 Mb/s
2024-10-18 22:04:00,83.1 Mb/s
2024-10-18 22:04:30,44.1 Mb/s
2024-10-18 22:05:00,18.3 Mb/s
2024-10-18 22:05:30,15.4 Mb/s
2024-10-18 22:06:00,7.17 Mb/s
2024-10-18 22:06:30,184 kb/s
2024-10-18 22:07:00,159 kb/s
2024-10-18 22:07:30,7.94 kb/s
2024-10-18 22:08:00,7.73 kb/s
2024-10-18 22:08:30,8.06 kb/s
2024-10-18 22:09:00,8.49 kb/s
2024-10-18 22:09:30,18.6 Mb/s
2024-10-18 22:10:00,27.6 Mb/s
2024-10-18 22:10:30,18.9 Mb/s
2024-10-18 22:11:00,449 kb/s
2024-10-18 22:11:30,39.4 Mb/s
2024-10-18 22:12:00,49.3 Mb/s
2024-10-18 22:12:30,49.3 Mb/s
2024-10-18 22:13:00,62.2 Mb/s
2024-10-18 22:13:30,32.8 Mb/s
2024-10-18 22:14:00,32.7 Mb/s
2024-10-18 22:14:30,35.5 Mb/s
2024-10-18 22:15:00,63.7 Mb/s
2024-10-18 22:15:30,47.4 Mb/s
2024-10-18 22:16:00,41.7 Mb/s
2024-10-18 22:16:30,627 kb/s
2024-10-18 22:17:00,5.00 Mb/s
2024-10-18 22:17:30,6.99 Mb/s
2024-10-18 22:18:00,1.57 Mb/s
2024-10-18 22:18:30,727 kb/s
2024-10-18 22:19:00,23.9 Mb/s
2024-10-18 22:19:30,63.6 Mb/s
2024-10-18 22:20:00,89.7 Mb/s
2024-10-18 22:20:30,103 Mb/s
2024-10-18 22:21:30,44.0 Mb/s
2024-10-18 22:22:00,6.53 Mb/s
2024-10-18 22:22:30,255 kb/s
2024-10-18 22:23:00,477 kb/s
2024-10-18 22:23:30,7.94 Mb/s
2024-10-18 22:24:00,16.7 Mb/s
2024-10-18 22:24:30,5.87 Mb/s
2024-10-18 22:25:00,30.3 kb/s
2024-10-18 22:25:30,7.91 kb/s
2024-10-18 22:26:00,36.8 Mb/s
2024-10-18 22:26:30,92.9 Mb/s
2024-10-18 22:27:00,62.0 Mb/s
2024-10-18 22:27:30,43.1 Mb/s
2024-10-18 22:28:00,214 kb/s
2024-10-18 22:28:30,202 kb/s
2024-10-18 22:29:00,238 Mb/s
2024-10-18 22:29:30,159 Mb/s
2024-10-18 22:30:00,118 Mb/s
2024-10-18 22:30:30,49.0 Mb/s
2024-10-18 22:31:00,14.6 Mb/s
2024-10-18 22:31:30,29.2 Mb/s
2024-10-18 22:32:00,52.9 Mb/s
2024-10-18 22:32:30,22.7 Mb/s
2024-10-18 22:33:00,49.5 kb/s
2024-10-18 22:33:30,7.93 kb/s
2024-10-18 22:34:00,39.5 Mb/s
2024-10-18 22:34:30,12.1 Mb/s
2024-10-18 22:35:00,39.3 Mb/s
2024-10-18 22:35:30,44.6 Mb/s
2024-10-18 22:36:00,46.5 Mb/s
2024-10-18 22:36:30,83.8 Mb/s
2024-10-18 22:37:00,35.1 Mb/s
2024-10-18 22:37:30,1.26 Mb/s
2024-10-18 22:38:00,4.02 Mb/s
2024-10-18 22:38:30,59.2 Mb/s
2024-10-18 22:39:00,79.3 Mb/s
2024-10-18 22:39:30,43.8 Mb/s
2024-10-18 22:40:00,90.0 Mb/s
2024-10-18 22:40:30,73.4 Mb/s
2024-10-18 22:41:00,32.9 Mb/s
2024-10-18 22:41:30,48.6 Mb/s
2024-10-18 22:42:00,40.1 Mb/s
2024-10-18 22:42:30,22.2 Mb/s
2024-10-18 22:43:00,25.2 kb/s
2024-10-18 22:43:30,8.26 kb/s
2024-10-18 22:44:00,140 kb/s
2024-10-18 22:44:30,689 kb/s
2024-10-18 22:45:00,88.4 Mb/s
2024-10-18 22:45:30,102 Mb/s
2024-10-18 22:46:00,96.2 Mb/s
2024-10-18 22:46:30,8.54 kb/s
2024-10-18 22:47:00,9.35 kb/s
2024-10-18 22:47:30,8.91 kb/s
2024-10-18 22:48:00,14.8 kb/s
2024-10-18 22:48:30,8.92 kb/s
2024-10-18 22:49:30,32.6 Mb/s
2024-10-18 22:50:00,45.8 Mb/s
2024-10-18 22:50:30,70.3 Mb/s
2024-10-18 22:51:00,121 Mb/s
2024-10-18 22:51:30,36.7 Mb/s
2024-10-18 22:52:00,34.3 Mb/s
2024-10-18 22:52:30,64.8 Mb/s
2024-10-18 22:53:00,65.8 Mb/s
2024-10-18 22:53:30,104 Mb/s
2024-10-18 22:54:00,126 Mb/s
2024-10-18 22:54:30,103 Mb/s
2024-10-18 22:55:00,135 Mb/s
2024-10-18 22:55:30,137 Mb/s
2024-10-18 22:56:00,72.2 Mb/s
2024-10-18 22:56:30,12.9 Mb/s
2024-10-18 22:57:00,222 Mb/s
2024-10-18 22:57:30,79.5 Mb/s
2024-10-18 22:58:00,57.6 kb/s
2024-10-18 22:58:30,772 kb/s
2024-10-18 22:59:00,68.4 Mb/s
2024-10-18 22:59:30,42.3 Mb/s
2024-10-18 23:00:00,33.3 Mb/s
2024-10-18 23:00:30,36.1 Mb/s
2024-10-18 23:01:30,32.5 Mb/s
2024-10-18 23:02:00,99.2 Mb/s
2024-10-18 23:02:30,141 Mb/s
2024-10-18 23:03:00,40.4 Mb/s
2024-10-18 23:03:30,9.63 Mb/s
2024-10-18 23:04:00,43.4 Mb/s
2024-10-18 23:04:30,2.85 Mb/s
2024-10-18 23:05:00,3.24 Mb/s
2024-10-18 23:05:30,79.6 Mb/s
2024-10-18 23:06:00,97.8 Mb/s
2024-10-18 23:06:30,150 Mb/s
2024-10-18 23:07:00,113 Mb/s
2024-10-18 23:07:30,140 Mb/s
2024-10-18 23:08:00,92.2 Mb/s
2024-10-18 23:08:30,57.8 Mb/s
2024-10-18 23:09:00,53.1 Mb/s
2024-10-18 23:09:30,83.5 Mb/s
2024-10-18 23:10:00,115 Mb/s
2024-10-18 23:10:30,61.8 Mb/s
2024-10-18 23:11:00,25.3 Mb/s
2024-10-18 23:11:30,81.0 Mb/s
2024-10-18 23:12:00,40.5 Mb/s
2024-10-18 23:12:30,40.1 Mb/s
2024-10-18 23:13:00,8.46 Mb/s
2024-10-18 23:13:30,9.97 kb/s
2024-10-18 23:14:00,80.8 Mb/s
2024-10-18 23:14:30,105 Mb/s
2024-10-18 23:15:00,98.1 Mb/s
2024-10-18 23:15:30,54.2 Mb/s
2024-10-18 23:16:00,18.5 Mb/s
2024-10-18 23:16:30,52.7 Mb/s
2024-10-18 23:17:00,34.4 Mb/s
2024-10-18 23:17:30,34.5 Mb/s
2024-10-18 23:18:00,27.3 Mb/s
2024-10-18 23:18:30,8.05 kb/s
2024-10-18 23:19:00,4.87 Mb/s
2024-10-18 23:19:30,77.3 Mb/s
2024-10-18 23:20:00,93.0 Mb/s
2024-10-18 23:20:30,48.5 Mb/s
2024-10-18 23:21:00,87.2 Mb/s
2024-10-18 23:21:30,67.0 Mb/s
2024-10-18 23:22:00,55.5 Mb/s
2024-10-18 23:22:30,7.75 kb/s
2024-10-18 23:23:00,7.52 kb/s
2024-10-18 23:23:30,8.51 kb/s
2024-10-18 23:24:00,501 kb/s
2024-10-18 23:24:30,650 kb/s
2024-10-18 23:25:00,1.34 Mb/s
2024-10-18 23:25:30,5.62 Mb/s
2024-10-18 23:26:00,59.5 Mb/s
2024-10-18 23:26:30,72.5 Mb/s
2024-10-18 23:27:00,60.3 Mb/s
2024-10-18 23:27:30,266 kb/s
2024-10-18 23:28:00,667 kb/s
2024-10-18 23:28:30,16.5 Mb/s
2024-10-18 23:29:00,56.6 Mb/s
2024-10-18 23:29:30,32.3 Mb/s
2024-10-18 23:30:00,69.5 kb/s
2024-10-18 23:30:30,7.85 kb/s
2024-10-18 23:31:00,8.36 kb/s
2024-10-18 23:31:30,8.30 kb/s
2024-10-18 23:32:00,582 kb/s
2024-10-18 23:32:30,639 kb/s
2024-10-18 23:33:00,433 kb/s
2024-10-18 23:33:30,60.7 Mb/s
2024-10-18 23:34:00,70.8 Mb/s
2024-10-18 23:34:30,38.0 Mb/s
2024-10-18 23:35:00,97.8 Mb/s
2024-10-18 23:35:30,137 Mb/s
2024-10-18 23:36:00,55.7 Mb/s
2024-10-18 23:36:30,7.76 kb/s
2024-10-18 23:37:00,4.82 Mb/s
2024-10-18 23:37:30,11.6 Mb/s
2024-10-18 23:38:00,34.9 Mb/s
2024-10-18 23:38:30,48.1 Mb/s
2024-10-18 23:39:00,43.1 Mb/s
2024-10-18 23:39:30,76.8 Mb/s
2024-10-18 23:40:00,57.2 Mb/s
2024-10-18 23:40:30,54.9 Mb/s
2024-10-18 23:41:00,108 Mb/s
2024-10-18 23:41:30,64.2 Mb/s
2024-10-18 23:42:00,25.6 Mb/s
2024-10-18 23:42:30,107 kb/s
2024-10-18 23:43:00,559 kb/s
2024-10-18 23:43:30,380 kb/s
2024-10-18 23:44:00,9.45 kb/s
2024-10-18 23:44:30,7.71 kb/s
2024-10-18 23:45:00,7.61 kb/s
2024-10-18 23:45:30,7.96 kb/s
2024-10-18 23:46:00,10.7 kb/s
2024-10-18 23:46:30,62.6 Mb/s
2024-10-18 23:47:00,104 Mb/s
2024-10-18 23:47:30,76.3 Mb/s
2024-10-18 23:48:00,85.4 Mb/s
2024-10-18 23:48:30,14.5 Mb/s
2024-10-18 23:49:00,55.6 Mb/s
2024-10-18 23:49:30,14.2 Mb/s
2024-10-18 23:50:00,41.7 Mb/s
2024-10-18 23:50:30,52.1 Mb/s
2024-10-18 23:51:00,15.3 Mb/s
2024-10-18 23:51:30,8.75 kb/s
2024-10-18 23:52:00,10.1 kb/s
2024-10-18 23:52:30,8.33 kb/s
2024-10-18 23:53:00,8.40 kb/s
2024-10-18 23:53:30,9.23 kb/s
2024-10-18 23:54:00,8.72 Mb/s
2024-10-18 23:54:30,42.7 Mb/s
2024-10-18 23:55:00,993 kb/s
2024-10-18 23:55:30,7.88 kb/s
2024-10-18 23:56:00,3.68 Mb/s
2024-10-18 23:56:30,19.3 Mb/s
2024-10-18 23:57:00,499 kb/s
2024-10-18 23:57:30,274 kb/s
2024-10-18 23:58:00,377 kb/s
2024-10-18 23:58:30,421 kb/s
2024-10-18 23:59:00,332 kb/s
2024-10-18 23:59:30,42.0 Mb/s
2024-10-19 00:00:00,74.7 Mb/s
2024-10-19 00:00:30,66.0 Mb/s
2024-10-19 00:01:00,60.7 Mb/s
2024-10-19 00:01:30,72.9 Mb/s
2024-10-19 00:02:00,75.2 Mb/s
2024-10-19 00:02:30,94.7 Mb/s
2024-10-19 00:03:00,61.1 Mb/s
2024-10-19 00:03:30,70.8 Mb/s
2024-10-19 00:04:00,582 kb/s
2024-10-19 00:04:30,410 kb/s
2024-10-19 00:05:00,544 kb/s
2024-10-19 00:05:30,28.6 Mb/s
2024-10-19 00:06:00,106 Mb/s
2024-10-19 00:06:30,122 Mb/s
2024-10-19 00:07:00,48.0 Mb/s
2024-10-19 00:07:30,17.8 Mb/s
2024-10-19 00:08:00,11.3 Mb/s
2024-10-19 00:08:30,7.14 Mb/s
2024-10-19 00:09:00,9.71 Mb/s
2024-10-19 00:09:30,35.1 kb/s
2024-10-19 00:10:00,39.0 kb/s
2024-10-19 00:10:30,38.6 kb/s
2024-10-19 00:11:00,18.4 kb/s
2024-10-19 00:11:30,8.74 kb/s
2024-10-19 00:12:00,8.58 kb/s
2024-10-19 00:12:30,8.95 kb/s
2024-10-19 00:13:00,237 kb/s
2024-10-19 00:13:30,6.31 Mb/s
2024-10-19 00:14:00,76.2 Mb/s
2024-10-19 00:14:30,75.5 Mb/s
2024-10-19 00:15:00,55.5 Mb/s
2024-10-19 00:15:30,54.4 Mb/s
2024-10-19 00:16:00,8.79 kb/s
2024-10-19 00:16:30,8.72 kb/s
2024-10-19 00:17:30,3.49 Mb/s
2024-10-19 00:18:00,67.0 Mb/s
2024-10-19 00:18:30,8.97 kb/s
2024-10-19 00:19:00,13.4 Mb/s
2024-10-19 00:19:30,47.0 Mb/s
2024-10-19 00:20:00,16.4 Mb/s
2024-10-19 00:20:30,340 kb/s
2024-10-19 00:21:00,11.8 Mb/s
2024-10-19 00:21:30,35.4 Mb/s
2024-10-19 00:22:00,54.4 Mb/s
2024-10-19 00:22:30,10.9 Mb/s
2024-10-19 00:23:00,392 kb/s
2024-10-19 00:23:30,298 kb/s
2024-10-19 00:24:00,399 kb/s
2024-10-19 00:24:30,42.0 Mb/s
2024-10-19 00:25:00,59.2 Mb/s
2024-10-19 00:25:30,55.7 Mb/s
2024-10-19 00:26:00,35.3 Mb/s
2024-10-19 00:26:30,44.1 Mb/s
2024-10-19 00:27:00,137 kb/s
2024-10-19 00:27:30,31.7 Mb/s
2024-10-19 00:28:00,57.8 Mb/s
2024-10-19 00:28:30,40.7 Mb/s
2024-10-19 00:29:00,86.7 Mb/s
2024-10-19 00:29:30,154 Mb/s
2024-10-19 00:30:00,97.0 Mb/s
2024-10-19 00:30:30,34.4 Mb/s
2024-10-19 00:31:00,156 kb/s
2024-10-19 00:31:30,180 kb/s
2024-10-19 00:32:00,170 kb/s
2024-10-19 00:32:30,8.22 kb/s
2024-10-19 00:33:00,14.3 kb/s
2024-10-19 00:33:30,56.4 Mb/s
2024-10-19 00:34:00,70.1 Mb/s
2024-10-19 00:34:30,53.1 Mb/s
2024-10-19 00:35:00,15.8 Mb/s
2024-10-19 00:35:30,2.28 Mb/s
2024-10-19 00:36:00,61.0 Mb/s
2024-10-19 00:36:30,69.7 Mb/s
2024-10-19 00:37:30,120 Mb/s
2024-10-19 00:38:00,148 Mb/s
2024-10-19 00:38:30,75.5 Mb/s
2024-10-19 00:39:00,4.08 Mb/s
2024-10-19 00:39:30,1.71 Mb/s
2024-10-19 00:40:00,14.7 Mb/s
2024-10-19 00:40:30,75.2 Mb/s
2024-10-19 00:41:00,45.3 Mb/s
2024-10-19 00:41:30,270 kb/s
2024-10-19 00:42:00,33.9 kb/s
2024-10-19 00:42:30,109 kb/s
2024-10-19 00:43:00,66.7 kb/s
2024-10-19 00:43:30,17.3 kb/s
2024-10-19 00:44:00,7.83 kb/s
2024-10-19 00:44:30,7.43 kb/s
2024-10-19 00:45:00,7.95 kb/s
2024-10-19 00:45:30,48.8 Mb/s
2024-10-19 00:46:00,68.9 Mb/s
2024-10-19 00:46:30,28.7 Mb/s
2024-10-19 00:47:00,95.5 Mb/s
2024-10-19 00:47:30,125 Mb/s
2024-10-19 00:48:00,151 Mb/s
2024-10-19 00:48:30,101 Mb/s
2024-10-19 00:49:00,92.4 Mb/s
2024-10-19 00:49:30,4.71 Mb/s
2024-10-19 00:50:00,31.6 Mb/s
2024-10-19 00:50:30,174 Mb/s
2024-10-19 00:51:00,206 Mb/s
2024-10-19 00:51:30,119 Mb/s
2024-10-19 00:52:00,43.1 Mb/s
2024-10-19 00:52:30,68.5 Mb/s
2024-10-19 00:53:00,56.8 Mb/s
2024-10-19 00:53:30,10.4 kb/s
2024-10-19 00:54:00,9.29 kb/s
2024-10-19 00:54:30,8.80 kb/s
2024-10-19 00:55:00,354 kb/s
2024-10-19 00:55:30,55.5 Mb/s
2024-10-19 00:56:00,103 Mb/s
2024-10-19 00:56:30,108 Mb/s
2024-10-19 00:57:30,16.5 Mb/s
2024-10-19 00:58:00,103 Mb/s
2024-10-19 00:58:30,72.9 Mb/s
2024-10-19 00:59:00,60.6 Mb/s
2024-10-19 00:59:30,68.0 Mb/s
2024-10-19 01:00:00,78.9 Mb/s
2024-10-19 01:00:30,50.9 Mb/s
2024-10-19 01:01:00,54.9 Mb/s
2024-10-19 01:01:30,45.6 Mb/s
2024-10-19 01:02:00,68.7 Mb/s
2024-10-19 01:02:30,39.3 Mb/s
2024-10-19 01:03:00,152 kb/s
2024-10-19 01:03:30,392 kb/s
2024-10-19 01:04:00,371 kb/s
2024-10-19 01:04:30,340 kb/s
2024-10-19 01:05:30,194 kb/s
2024-10-19 01:06:00,40.1 Mb/s
2024-10-19 01:06:30,24.9 Mb/s
2024-10-19 01:07:00,65.4 Mb/s
2024-10-19 01:07:30,2.72 Mb/s
2024-10-19 01:08:00,9.93 kb/s
2024-10-19 01:08:30,8.70 kb/s
2024-10-19 01:09:00,9.22 kb/s
2024-10-19 01:09:30,8.98 kb/s
2024-10-19 01:10:00,5.24 Mb/s
2024-10-19 01:10:30,26.6 Mb/s
2024-10-19 01:11:00,122 Mb/s
2024-10-19 01:11:30,162 Mb/s
2024-10-19 01:12:00,133 Mb/s
2024-10-19 01:12:30,123 Mb/s
2024-10-19 01:13:00,30.0 Mb/s
2024-10-19 01:13:30,17.7 Mb/s
2024-10-19 01:14:00,17.6 Mb/s
2024-10-19 01:14:30,17.6 Mb/s
2024-10-19 01:15:00,7.01 Mb/s
2024-10-19 01:15:30,64.8 Mb/s
2024-10-19 01:16:00,80.4 Mb/s
2024-10-19 01:16:30,74.6 Mb/s
2024-10-19 01:17:30,10.5 Mb/s
2024-10-19 01:18:00,121 Mb/s
2024-10-19 01:18:30,50.8 Mb/s
2024-10-19 01:19:00,43.2 Mb/s
2024-10-19 01:19:30,38.7 Mb/s
2024-10-19 01:20:00,21.5 Mb/s
2024-10-19 01:20:30,45.3 Mb/s
2024-10-19 01:21:30,1.59 Mb/s
2024-10-19 01:22:00,480 kb/s
2024-10-19 01:22:30,568 kb/s
2024-10-19 01:23:00,3.28 Mb/s
2024-10-19 01:23:30,10.1 Mb/s
2024-10-19 01:24:00,2.53 Mb/s
2024-10-19 01:24:30,575 kb/s
2024-10-19 01:25:30,10.9 Mb/s
2024-10-19 01:26:00,104 Mb/s
2024-10-19 01:26:30,133 Mb/s
2024-10-19 01:27:00,133 Mb/s
2024-10-19 01:27:30,52.2 Mb/s
2024-10-19 01:28:00,9.73 kb/s
2024-10-19 01:28:30,32.0 kb/s
2024-10-19 01:29:00,94.9 kb/s
2024-10-19 01:29:30,45.8 Mb/s
2024-10-19 01:30:00,52.9 Mb/s
2024-10-19 01:30:30,50.0 kb/s
2024-10-19 01:31:00,25.9 Mb/s
2024-10-19 01:31:30,53.2 Mb/s
2024-10-19 01:32:00,53.1 Mb/s
2024-10-19 01:32:30,53.4 Mb/s
2024-10-19 01:33:30,86.9 Mb/s
2024-10-19 01:34:00,74.5 Mb/s
2024-10-19 01:34:30,74.2 Mb/s
2024-10-19 01:35:00,8.07 Mb/s
2024-10-19 01:35:30,258 kb/s
2024-10-19 01:36:00,300 kb/s
2024-10-19 01:36:30,182 kb/s
2024-10-19 01:37:00,199 kb/s
2024-10-19 01:37:30,8.65 kb/s
2024-10-19 01:38:00,9.61 kb/s
2024-10-19 01:38:30,13.0 Mb/s
2024-10-19 01:39:00,21.9 Mb/s
2024-10-19 01:39:30,103 Mb/s
2024-10-19 01:40:00,119 Mb/s
2024-10-19 01:40:30,147 Mb/s
2024-10-19 01:41:00,79.6 Mb/s
2024-10-19 01:41:30,51.7 Mb/s
2024-10-19 01:42:00,1.68 Mb/s
2024-10-19 01:42:30,824 kb/s
2024-10-19 01:43:00,8.18 kb/s
2024-10-19 01:43:30,6.01 Mb/s
2024-10-19 01:44:00,1.86 Mb/s
2024-10-19 01:44:30,8.57 kb/s
2024-10-19 01:45:00,38.6 kb/s
2024-10-19 01:45:30,76.3 kb/s
2024-10-19 01:46:00,2.81 Mb/s
2024-10-19 01:46:30,3.14 Mb/s
2024-10-19 01:47:00,27.3 Mb/s
2024-10-19 01:47:30,55.2 Mb/s
2024-10-19 01:48:00,53.5 Mb/s
2024-10-19 01:48:30,63.7 Mb/s
2024-10-19 01:49:00,8.58 Mb/s
2024-10-19 01:49:30,8.56 kb/s
2024-10-19 01:50:00,8.86 kb/s
2024-10-19 01:50:30,17.9 Mb/s
2024-10-19 01:51:00,8.64 Mb/s
2024-10-19 01:51:30,9.35 kb/s
2024-10-19 01:52:00,45.1 kb/s
2024-10-19 01:52:30,422 kb/s
2024-10-19 01:53:00,50.8 Mb/s
2024-10-19 01:53:30,28.7 Mb/s
2024-10-19 01:54:00,78.9 kb/s
2024-10-19 01:54:30,253 kb/s
2024-10-19 01:55:00,218 kb/s
2024-10-19 01:55:30,295 kb/s
2024-10-19 01:56:00,8.35 kb/s
2024-10-19 01:56:30,8.13 kb/s
2024-10-19 01:57:30,54.3 kb/s
2024-10-19 01:58:00,151 kb/s
2024-10-19 01:58:30,137 kb/s
2024-10-19 01:59:00,381 kb/s
2024-10-19 01:59:30,389 kb/s
2024-10-19 02:00:00,377 kb/s
2024-10-19 02:00:30,196 kb/s
2024-10-19 02:01:00,64.4 Mb/s
2024-10-19 02:01:30,26.1 Mb/s
2024-10-19 02:02:00,45.7 Mb/s
2024-10-19 02:02:30,76.4 Mb/s
2024-10-19 02:03:00,10.2 Mb/s
2024-10-19 02:03:30,39.2 Mb/s
2024-10-19 02:04:00,70.8 Mb/s
2024-10-19 02:04:30,71.7 Mb/s
2024-10-19 02:05:30,172 Mb/s
2024-10-19 02:06:00,140 Mb/s
2024-10-19 02:06:30,85.2 Mb/s
2024-10-19 02:07:00,4.77 Mb/s
2024-10-19 02:07:30,79.1 Mb/s
2024-10-19 02:08:00,104 Mb/s
2024-10-19 02:08:30,48.9 Mb/s
2024-10-19 02:09:00,9.67 kb/s
2024-10-19 02:09:30,9.13 kb/s
2024-10-19 02:10:00,3.06 Mb/s
2024-10-19 02:10:30,45.2 Mb/s
2024-10-19 02:11:00,46.6 Mb/s
2024-10-19 02:11:30,33.0 Mb/s
2024-10-19 02:12:00,70.8 Mb/s
2024-10-19 02:12:30,22.5 Mb/s
2024-10-19 02:13:00,32.7 kb/s
2024-10-19 02:13:30,12.7 kb/s
2024-10-19 02:14:00,278 kb/s
2024-10-19 02:14:30,528 kb/s
2024-10-19 02:15:00,253 kb/s
2024-10-19 02:15:30,1.78 Mb/s
2024-10-19 02:16:00,8.10 Mb/s
2024-10-19 02:16:30,19.3 Mb/s
2024-10-19 02:17:00,22.8 Mb/s
2024-10-19 02:17:30,671 kb/s
2024-10-19 02:18:00,1.08 Mb/s
2024-10-19 02:18:30,9.17 Mb/s
2024-10-19 02:19:00,6.30 Mb/s
2024-10-19 02:19:30,63.7 Mb/s
2024-10-19 02:20:00,35.3 Mb/s
2024-10-19 02:20:30,8.84 Mb/s
2024-10-19 02:21:00,43.9 Mb/s
2024-10-19 02:21:30,1.11 Mb/s
2024-10-19 02:22:00,8.16 kb/s
2024-10-19 02:22:30,8.26 kb/s
2024-10-19 02:23:00,8.05 kb/s
2024-10-19 02:23:30,60.5 Mb/s
2024-10-19 02:24:00,106 Mb/s
2024-10-19 02:24:30,99.5 Mb/s
2024-10-19 02:25:30,78.0 Mb/s
2024-10-19 02:26:00,76.1 Mb/s
2024-10-19 02:26:30,75.9 Mb/s
2024-10-19 02:27:00,6.94 Mb/s
2024-10-19 02:27:30,8.79 kb/s
2024-10-19 02:28:00,17.1 Mb/s
2024-10-19 02:28:30,23.8 Mb/s
2024-10-19 02:29:30,3.29 Mb/s
2024-10-19 02:30:00,4.89 Mb/s
2024-10-19 02:30:30,31.5 Mb/s
2024-10-19 02:31:00,55.2 Mb/s
2024-10-19 02:31:30,20.0 Mb/s
2024-10-19 02:32:00,5.91 Mb/s
2024-10-19 02:32:30,8.75 kb/s
2024-10-19 02:33:00,9.66 kb/s
2024-10-19 02:33:30,15.8 kb/s
2024-10-19 02:34:00,3.27 Mb/s
2024-10-19 02:34:30,13.5 Mb/s
2024-10-19 02:35:00,4.30 Mb/s
2024-10-19 02:35:30,17.7 Mb/s
2024-10-19 02:36:00,17.7 Mb/s
2024-10-19 02:36:30,25.1 Mb/s
2024-10-19 02:37:00,5.63 Mb/s
2024-10-19 02:37:30,73.9 Mb/s
2024-10-19 02:38:00,92.2 Mb/s
2024-10-19 02:38:30,205 Mb/s
2024-10-19 02:39:00,144 Mb/s
2024-10-19 02:39:30,132 Mb/s
2024-10-19 02:40:00,35.8 Mb/s
2024-10-19 02:40:30,72.7 kb/s
2024-10-19 02:41:00,30.6 Mb/s
2024-10-19 02:41:30,24.3 Mb/s
2024-10-19 02:42:00,499 kb/s
2024-10-19 02:42:30,1.09 Mb/s
2024-10-19 02:43:00,1.07 Mb/s
2024-10-19 02:43:30,987 kb/s
2024-10-19 02:44:00,29.2 Mb/s
2024-10-19 02:44:30,149 Mb/s
2024-10-19 02:45:00,149 Mb/s
2024-10-19 02:45:30,83.7 Mb/s
2024-10-19 02:46:00,126 Mb/s
2024-10-19 02:46:30,126 Mb/s
2024-10-19 02:47:00,146 Mb/s
2024-10-19 02:47:30,42.9 Mb/s
2024-10-19 02:48:00,21.0 Mb/s
2024-10-19 02:48:30,21.1 Mb/s
2024-10-19 02:49:30,868 kb/s
2024-10-19 02:50:00,7.88 kb/s
2024-10-19 02:50:30,29.9 Mb/s
2024-10-19 02:51:00,49.1 Mb/s
2024-10-19 02:51:30,49.3 Mb/s
2024-10-19 02:52:00,46.8 Mb/s
2024-10-19 02:52:30,29.4 Mb/s
2024-10-19 02:53:00,43.7 Mb/s
2024-10-19 02:53:30,33.9 Mb/s
2024-10-19 02:54:00,33.8 Mb/s
2024-10-19 02:54:30,20.7 Mb/s
2024-10-19 02:55:00,8.54 Mb/s
2024-10-19 02:55:30,67.1 Mb/s
2024-10-19 02:56:00,8.31 kb/s
2024-10-19 02:56:30,390 kb/s
2024-10-19 02:57:00,386 kb/s
2024-10-19 02:57:30,354 kb/s
2024-10-19 02:58:00,12.6 Mb/s
2024-10-19 02:58:30,103 Mb/s
2024-10-19 02:59:00,103 Mb/s
2024-10-19 02:59:30,81.7 Mb/s
2024-10-19 03:00:00,72.9 Mb/s
2024-10-19 03:00:30,38.3 Mb/s
2024-10-19 03:01:00,61.0 Mb/s
2024-10-19 03:01:30,24.0 Mb/s
2024-10-19 03:02:00,16.6 Mb/s
2024-10-19 03:02:30,28.9 Mb/s
2024-10-19 03:03:00,36.2 Mb/s
2024-10-19 03:03:30,44.3 Mb/s
2024-10-19 03:04:00,52.2 Mb/s
2024-10-19 03:04:30,52.2 Mb/s
2024-10-19 03:05:30,15.5 Mb/s
2024-10-19 03:06:00,20.8 Mb/s
2024-10-19 03:06:30,16.6 Mb/s
2024-10-19 03:07:00,19.7 Mb/s
2024-10-19 03:07:30,55.6 Mb/s
2024-10-19 03:08:00,93.9 Mb/s
2024-10-19 03:08:30,97.6 Mb/s
2024-10-19 03:09:30,34.0 Mb/s
2024-10-19 03:10:00,3.12 Mb/s
2024-10-19 03:10:30,8.11 kb/s
2024-10-19 03:11:00,8.58 kb/s
2024-10-19 03:11:30,111 kb/s
2024-10-19 03:12:00,282 kb/s
2024-10-19 03:12:30,234 kb/s
2024-10-19 03:13:00,1.10 Mb/s
2024-10-19 03:13:30,49.9 Mb/s
2024-10-19 03:14:00,97.3 Mb/s
2024-10-19 03:14:30,99.3 Mb/s
2024-10-19 03:15:00,84.9 Mb/s
2024-10-19 03:15:30,63.5 Mb/s
2024-10-19 03:16:00,105 Mb/s
2024-10-19 03:16:30,117 Mb/s
2024-10-19 03:17:00,112 Mb/s
2024-10-19 03:17:30,152 Mb/s
2024-10-19 03:18:00,137 Mb/s
2024-10-19 03:18:30,107 Mb/s
2024-10-19 03:19:00,60.7 Mb/s
2024-10-19 03:19:30,22.8 Mb/s
2024-10-19 03:20:00,2.10 Mb/s
2024-10-19 03:20:30,96.9 Mb/s
2024-10-19 03:21:00,121 Mb/s
2024-10-19 03:21:30,99.8 Mb/s
2024-10-19 03:22:00,13.5 Mb/s
2024-10-19 03:22:30,98.7 Mb/s
2024-10-19 03:23:00,37.3 Mb/s
2024-10-19 03:23:30,1.19 Mb/s
2024-10-19 03:24:00,750 kb/s
2024-10-19 03:24:30,113 Mb/s
2024-10-19 03:25:00,76.9 Mb/s
2024-10-19 03:25:30,57.4 Mb/s
2024-10-19 03:26:00,57.4 Mb/s
2024-10-19 03:26:30,9.95 Mb/s
2024-10-19 03:27:00,7.96 kb/s
2024-10-19 03:27:30,299 kb/s
2024-10-19 03:28:00,406 kb/s
2024-10-19 03:28:30,9.24 kb/s
2024-10-19 03:29:00,8.50 kb/s
2024-10-19 03:29:30,53.5 Mb/s
2024-10-19 03:30:00,111 Mb/s
2024-10-19 03:30:30,162 Mb/s
2024-10-19 03:31:00,117 Mb/s
2024-10-19 03:31:30,65.0 Mb/s
2024-10-19 03:32:00,35.4 Mb/s
2024-10-19 03:32:30,55.2 Mb/s
2024-10-19 03:33:00,44.4 Mb/s
2024-10-19 03:33:30,91.4 kb/s
2024-10-19 03:34:00,6.43 Mb/s
2024-10-19 03:34:30,64.9 Mb/s
2024-10-19 03:35:00,78.0 Mb/s
2024-10-19 03:35:30,93.1 Mb/s
2024-10-19 03:36:00,31.0 Mb/s
2024-10-19 03:36:30,49.4 Mb/s
2024-10-19 03:37:00,88.5 Mb/s
2024-10-19 03:37:30,140 Mb/s
2024-10-19 03:38:00,57.5 Mb/s
2024-10-19 03:38:30,9.62 Mb/s
2024-10-19 03:39:00,16.7 Mb/s
2024-10-19 03:39:30,16.8 Mb/s
2024-10-19 03:40:00,12.2 Mb/s
2024-10-19 03:40:30,63.0 Mb/s
2024-10-19 03:41:30,78.3 Mb/s
2024-10-19 03:42:00,49.0 Mb/s
2024-10-19 03:42:30,20.3 Mb/s
2024-10-19 03:43:00,48.7 Mb/s
2024-10-19 03:43:30,48.6 Mb/s
2024-10-19 03:44:00,90.2 Mb/s
2024-10-19 03:44:30,103 Mb/s
2024-10-19 03:45:00,129 Mb/s
2024-10-19 03:45:30,121 Mb/s
2024-10-19 03:46:00,78.8 Mb/s
2024-10-19 03:46:30,128 Mb/s
2024-10-19 03:47:00,155 Mb/s
2024-10-19 03:47:30,85.3 Mb/s
2024-10-19 03:48:00,4.67 Mb/s
2024-10-19 03:48:30,2.58 Mb/s
2024-10-19 03:49:00,14.9 kb/s
2024-10-19 03:49:30,50.1 Mb/s
2024-10-19 03:50:00,67.3 Mb/s
2024-10-19 03:50:30,71.1 Mb/s
2024-10-19 03:51:00,33.4 Mb/s
2024-10-19 03:51:30,9.02 kb/s
2024-10-19 03:52:00,9.10 kb/s
2024-10-19 03:52:30,9.72 kb/s
2024-10-19 03:53:00,296 kb/s
2024-10-19 03:53:30,114 kb/s
2024-10-19 03:54:00,9.86 kb/s
2024-10-19 03:54:30,9.51 kb/s
2024-10-19 03:55:00,8.98 kb/s
2024-10-19 03:55:30,9.05 kb/s
2024-10-19 03:56:00,9.13 kb/s
2024-10-19 03:56:30,36.8 kb/s
2024-10-19 03:57:00,38.0 Mb/s
2024-10-19 03:57:30,62.3 Mb/s
2024-10-19 03:58:00,61.6 Mb/s
2024-10-19 03:58:30,32.2 Mb/s
2024-10-19 03:59:00,505 kb/s
2024-10-19 03:59:30,4.88 Mb/s
2024-10-19 04:00:00,26.3 Mb/s
2024-10-19 04:00:30,26.1 Mb/s
2024-10-19 04:01:00,2.37 Mb/s
2024-10-19 04:01:30,11.0 Mb/s
2024-10-19 04:02:00,12.2 Mb/s
2024-10-19 04:02:30,12.3 Mb/s
2024-10-19 04:03:00,11.5 Mb/s
2024-10-19 04:03:30,117 Mb/s
2024-10-19 04:04:00,131 Mb/s
2024-10-19 04:04:30,131 Mb/s
2024-10-19 04:05:00,7.16 Mb/s
2024-10-19 04:05:30,66.5 kb/s
2024-10-19 04:06:00,8.19 kb/s
2024-10-19 04:06:30,1.55 Mb/s
2024-10-19 04:07:00,105 Mb/s
2024-10-19 04:07:30,114 Mb/s
2024-10-19 04:08:00,107 Mb/s
2024-10-19 04:08:30,55.8 Mb/s
2024-10-19 04:09:00,124 kb/s
2024-10-19 04:09:30,84.6 kb/s
2024-10-19 04:10:00,227 kb/s
2024-10-19 04:10:30,187 kb/s
2024-10-19 04:11:00,455 kb/s
2024-10-19 04:11:30,505 kb/s
2024-10-19 04:12:00,16.6 Mb/s
2024-10-19 04:12:30,75.5 Mb/s
2024-10-19 04:13:30,73.2 Mb/s
2024-10-19 04:14:00,54.0 Mb/s
2024-10-19 04:14:30,99.5 Mb/s
2024-10-19 04:15:00,74.2 Mb/s
2024-10-19 04:15:30,62.5 Mb/s
2024-10-19 04:16:00,135 kb/s
2024-10-19 04:16:30,70.7 kb/s
2024-10-19 04:17:00,30.4 kb/s
2024-10-19 04:17:30,9.21 kb/s
2024-10-19 04:18:00,281 kb/s
2024-10-19 04:18:30,55.3 Mb/s
2024-10-19 04:19:00,101 Mb/s
2024-10-19 04:19:30,101 Mb/s
2024-10-19 04:20:00,74.7 Mb/s
2024-10-19 04:20:30,9.07 kb/s
2024-10-19 04:21:00,8.50 kb/s
2024-10-19 04:21:30,9.02 kb/s
2024-10-19 04:22:00,8.90 kb/s
2024-10-19 04:22:30,496 kb/s
2024-10-19 04:23:00,565 kb/s
2024-10-19 04:23:30,8.99 kb/s
2024-10-19 04:24:00,22.3 Mb/s
2024-10-19 04:24:30,81.4 Mb/s
2024-10-19 04:25:00,94.7 Mb/s
2024-10-19 04:25:30,54.9 Mb/s
2024-10-19 04:26:00,8.27 kb/s
2024-10-19 04:26:30,667 kb/s
2024-10-19 04:27:00,369 kb/s
2024-10-19 04:27:30,172 kb/s
2024-10-19 04:28:00,178 kb/s
2024-10-19 04:28:30,8.65 kb/s
2024-10-19 04:29:30,145 kb/s
2024-10-19 04:30:00,233 kb/s
2024-10-19 04:30:30,187 kb/s
2024-10-19 04:31:00,159 kb/s
2024-10-19 04:31:30,27.1 kb/s
2024-10-19 04:32:00,8.11 kb/s
2024-10-19 04:32:30,8.11 kb/s
2024-10-19 04:33:00,8.43 kb/s
2024-10-19 04:33:30,157 kb/s
2024-10-19 04:34:00,18.4 Mb/s
2024-10-19 04:34:30,40.4 Mb/s
2024-10-19 04:35:00,61.2 Mb/s
2024-10-19 04:35:30,46.2 Mb/s
2024-10-19 04:36:00,34.2 Mb/s
2024-10-19 04:36:30,257 kb/s
2024-10-19 04:37:30,10.4 kb/s
2024-10-19 04:38:00,8.68 kb/s
2024-10-19 04:38:30,24.2 Mb/s
2024-10-19 04:39:00,89.2 Mb/s
2024-10-19 04:39:30,24.9 Mb/s
2024-10-19 04:40:00,28.1 Mb/s
2024-10-19 04:40:30,40.6 Mb/s
2024-10-19 04:41:00,156 Mb/s
2024-10-19 04:41:30,145 Mb/s
2024-10-19 04:42:00,120 Mb/s
2024-10-19 04:42:30,60.5 Mb/s
2024-10-19 04:43:00,54.0 Mb/s
2024-10-19 04:43:30,17.2 Mb/s
2024-10-19 04:44:00,14.2 Mb/s
2024-10-19 04:44:30,13.2 Mb/s
2024-10-19 04:45:00,57.8 Mb/s
2024-10-19 04:45:30,68.4 Mb/s
2024-10-19 04:46:00,68.1 Mb/s
2024-10-19 04:46:30,69.3 Mb/s
2024-10-19 04:47:00,54.5 Mb/s
2024-10-19 04:47:30,45.3 Mb/s
2024-10-19 04:48:00,211 kb/s
2024-10-19 04:48:30,398 kb/s
2024-10-19 04:49:30,45.6 Mb/s
2024-10-19 04:50:00,45.3 Mb/s
2024-10-19 04:50:30,45.1 Mb/s
2024-10-19 04:51:00,5.79 Mb/s
2024-10-19 04:51:30,2.09 Mb/s
2024-10-19 04:52:00,38.6 Mb/s
2024-10-19 04:52:30,96.1 Mb/s
2024-10-19 04:53:30,135 Mb/s
2024-10-19 04:54:00,52.2 Mb/s
2024-10-19 04:54:30,49.9 Mb/s
2024-10-19 04:55:00,10.2 Mb/s
2024-10-19 04:55:30,168 kb/s
2024-10-19 04:56:00,1.99 Mb/s
2024-10-19 04:56:30,49.2 Mb/s
2024-10-19 04:57:00,73.9 Mb/s
2024-10-19 04:57:30,60.2 Mb/s
2024-10-19 04:58:00,54.6 Mb/s
2024-10-19 04:58:30,12.0 Mb/s
2024-10-19 04:59:00,658 kb/s
2024-10-19 04:59:30,188 kb/s
2024-10-19 05:00:00,7.92 kb/s
2024-10-19 05:00:30,203 kb/s
2024-10-19 05:01:00,8.90 Mb/s
2024-10-19 05:01:30,27.3 Mb/s
2024-10-19 05:02:00,18.1 Mb/s
2024-10-19 05:02:30,8.16 kb/s
2024-10-19 05:03:00,8.17 kb/s
2024-10-19 05:03:30,6.49 Mb/s
2024-10-19 05:04:00,49.4 Mb/s
2024-10-19 05:04:30,63.9 Mb/s
2024-10-19 05:05:00,79.3 Mb/s
2024-10-19 05:05:30,77.5 Mb/s
2024-10-19 05:06:00,39.8 Mb/s
2024-10-19 05:06:30,56.8 Mb/s
2024-10-19 05:07:00,49.1 Mb/s
2024-10-19 05:07:30,7.61 Mb/s
2024-10-19 05:08:00,12.0 kb/s
2024-10-19 05:08:30,208 kb/s
2024-10-19 05:09:00,17.8 Mb/s
2024-10-19 05:09:30,77.0 Mb/s
2024-10-19 05:10:00,42.5 Mb/s
2024-10-19 05:10:30,2.02 Mb/s
2024-10-19 05:11:00,257 kb/s
2024-10-19 05:11:30,42.7 kb/s
2024-10-19 05:12:00,7.90 kb/s
2024-10-19 05:12:30,8.41 kb/s
2024-10-19 05:13:00,108 Mb/s
2024-10-19 05:13:30,104 Mb/s
2024-10-19 05:14:00,112 Mb/s
2024-10-19 05:14:30,43.8 Mb/s
2024-10-19 05:15:00,527 kb/s
2024-10-19 05:15:30,36.5 Mb/s
2024-10-19 05:16:00,118 Mb/s
2024-10-19 05:16:30,135 Mb/s
2024-10-19 05:17:30,41.6 Mb/s
2024-10-19 05:18:00,73.0 Mb/s
2024-10-19 05:18:30,92.5 Mb/s
2024-10-19 05:19:00,120 Mb/s
2024-10-19 05:19:30,45.8 Mb/s
2024-10-19 05:20:00,18.3 Mb/s
2024-10-19 05:20:30,40.8 Mb/s
2024-10-19 05:21:30,45.3 Mb/s
2024-10-19 05:22:00,112 Mb/s
2024-10-19 05:22:30,72.1 Mb/s
2024-10-19 05:23:00,54.1 Mb/s
2024-10-19 05:23:30,889 kb/s
2024-10-19 05:24:00,8.28 kb/s
2024-10-19 05:24:30,346 kb/s
2024-10-19 05:25:30,34.9 Mb/s
2024-10-19 05:26:00,42.2 Mb/s
2024-10-19 05:26:30,42.7 Mb/s
2024-10-19 05:27:00,42.6 Mb/s
2024-10-19 05:27:30,8.00 Mb/s
2024-10-19 05:28:00,8.54 kb/s
2024-10-19 05:28:30,89.5 kb/s
2024-10-19 05:29:00,99.7 Mb/s
2024-10-19 05:29:30,115 Mb/s
2024-10-19 05:30:00,119 Mb/s
2024-10-19 05:30:30,97.2 Mb/s
2024-10-19 05:31:00,46.6 Mb/s
2024-10-19 05:31:30,57.5 Mb/s
2024-10-19 05:32:00,8.12 kb/s
2024-10-19 05:32:30,10.6 kb/s
2024-10-19 05:33:00,368 kb/s
2024-10-19 05:33:30,95.5 kb/s
2024-10-19 05:34:00,150 kb/s
2024-10-19 05:34:30,43.4 Mb/s
2024-10-19 05:35:00,134 Mb/s
2024-10-19 05:35:30,147 Mb/s
2024-10-19 05:36:00,14.5 Mb/s
2024-10-19 05:36:30,81.3 kb/s
2024-10-19 05:37:00,222 kb/s
2024-10-19 05:37:30,7.29 Mb/s
2024-10-19 05:38:00,13.7 Mb/s
2024-10-19 05:38:30,44.7 Mb/s
2024-10-19 05:39:00,62.2 Mb/s
2024-10-19 05:39:30,25.6 Mb/s
2024-10-19 05:40:00,25.9 Mb/s
2024-10-19 05:40:30,18.9 Mb/s
2024-10-19 05:41:00,71.1 Mb/s
2024-10-19 05:41:30,56.2 Mb/s
2024-10-19 05:42:00,78.4 Mb/s
2024-10-19 05:42:30,11.6 Mb/s
2024-10-19 05:43:00,87.3 Mb/s
2024-10-19 05:43:30,102 Mb/s
2024-10-19 05:44:00,103 Mb/s
2024-10-19 05:44:30,54.6 Mb/s
2024-10-19 05:45:00,65.0 Mb/s
2024-10-19 05:45:30,71.6 Mb/s
2024-10-19 05:46:00,70.9 Mb/s
2024-10-19 05:46:30,21.0 Mb/s
2024-10-19 05:47:00,70.3 Mb/s
2024-10-19 05:47:30,81.7 Mb/s
2024-10-19 05:48:00,80.0 Mb/s
2024-10-19 05:48:30,92.6 Mb/s
2024-10-19 05:49:00,131 Mb/s
2024-10-19 05:49:30,116 Mb/s
2024-10-19 05:50:00,118 Mb/s
2024-10-19 05:50:30,87.2 Mb/s
2024-10-19 05:51:00,7.97 kb/s
2024-10-19 05:51:30,8.00 kb/s
2024-10-19 05:52:00,7.69 kb/s
2024-10-19 05:52:30,106 kb/s
2024-10-19 05:53:00,694 kb/s
2024-10-19 05:53:30,19.0 Mb/s
2024-10-19 05:54:00,55.6 Mb/s
2024-10-19 05:54:30,88.6 Mb/s
2024-10-19 05:55:00,188 Mb/s
2024-10-19 05:55:30,128 Mb/s
2024-10-19 05:56:00,173 Mb/s
2024-10-19 05:56:30,87.8 Mb/s
2024-10-19 05:57:00,75.2 Mb/s
2024-10-19 05:57:30,445 kb/s
2024-10-19 05:58:00,18.8 Mb/s
2024-10-19 05:58:30,37.1 Mb/s
2024-10-19 05:59:00,36.9 Mb/s
2024-10-19 05:59:30,22.0 Mb/s
2024-10-19 06:00:00,5.73 Mb/s
2024-10-19 06:00:30,5.48 Mb/s
2024-10-19 06:01:30,24.7 Mb/s
2024-10-19 06:02:00,46.9 Mb/s
2024-10-19 06:02:30,54.8 Mb/s
2024-10-19 06:03:00,21.5 Mb/s
2024-10-19 06:03:30,127 kb/s
2024-10-19 06:04:00,13.0 Mb/s
2024-10-19 06:04:30,17.8 Mb/s
2024-10-19 06:05:00,50.6 Mb/s
2024-10-19 06:05:30,12.2 Mb/s
2024-10-19 06:06:00,9.00 Mb/s
2024-10-19 06:06:30,9.03 Mb/s
2024-10-19 06:07:00,6.75 Mb/s
2024-10-19 06:07:30,10.4 kb/s
2024-10-19 06:08:00,41.6 Mb/s
2024-10-19 06:08:30,73.0 Mb/s
2024-10-19 06:09:00,73.5 Mb/s
2024-10-19 06:09:30,73.4 Mb/s
2024-10-19 06:10:00,40.8 Mb/s
2024-10-19 06:10:30,71.9 Mb/s
2024-10-19 06:11:00,72.0 Mb/s
2024-10-19 06:11:30,26.2 Mb/s
2024-10-19 06:12:00,40.8 Mb/s
2024-10-19 06:12:30,75.4 Mb/s
2024-10-19 06:13:00,35.5 Mb/s
2024-10-19 06:13:30,3.62 Mb/s
2024-10-19 06:14:00,45.6 Mb/s
2024-10-19 06:14:30,45.5 Mb/s
2024-10-19 06:15:00,45.4 Mb/s
2024-10-19 06:15:30,36.1 Mb/s
2024-10-19 06:16:00,34.5 Mb/s
2024-10-19 06:16:30,82.2 Mb/s
2024-10-19 06:17:00,120 Mb/s
2024-10-19 06:17:30,54.6 Mb/s
2024-10-19 06:18:00,1.38 Mb/s
2024-10-19 06:18:30,116 kb/s
2024-10-19 06:19:00,995 kb/s
2024-10-19 06:19:30,5.51 Mb/s
2024-10-19 06:20:00,5.45 Mb/s
2024-10-19 06:20:30,4.71 Mb/s
2024-10-19 06:21:30,46.4 Mb/s
2024-10-19 06:22:00,81.9 Mb/s
2024-10-19 06:22:30,111 Mb/s
2024-10-19 06:23:00,151 Mb/s
2024-10-19 06:23:30,91.8 Mb/s
2024-10-19 06:24:00,25.9 Mb/s
2024-10-19 06:24:30,55.3 Mb/s
2024-10-19 06:25:30,16.3 Mb/s
2024-10-19 06:26:00,12.9 Mb/s
2024-10-19 06:26:30,3.35 Mb/s
2024-10-19 06:27:00,17.7 Mb/s
2024-10-19 06:27:30,17.9 Mb/s
2024-10-19 06:28:00,18.1 Mb/s
2024-10-19 06:28:30,17.9 Mb/s
2024-10-19 06:29:30,250 kb/s
2024-10-19 06:30:00,8.48 kb/s
2024-10-19 06:30:30,7.97 kb/s
2024-10-19 06:31:00,8.74 kb/s
2024-10-19 06:31:30,33.4 Mb/s
2024-10-19 06:32:00,64.7 Mb/s
2024-10-19 06:32:30,152 kb/s
2024-10-19 06:33:00,77.0 Mb/s
2024-10-19 06:33:30,73.2 Mb/s
2024-10-19 06:34:00,53.5 Mb/s
2024-10-19 06:34:30,75.7 Mb/s
2024-10-19 06:35:00,63.6 Mb/s
2024-10-19 06:35:30,15.4 Mb/s
2024-10-19 06:36:00,45.3 Mb/s
2024-10-19 06:36:30,44.9 Mb/s
2024-10-19 06:37:00,44.5 Mb/s
2024-10-19 06:37:30,554 kb/s
2024-10-19 06:38:00,993 kb/s
2024-10-19 06:38:30,181 kb/s
2024-10-19 06:39:00,46.3 Mb/s
2024-10-19 06:39:30,54.2 Mb/s
2024-10-19 06:40:00,107 Mb/s
2024-10-19 06:40:30,203 Mb/s
2024-10-19 06:41:30,5.28 Mb/s
2024-10-19 06:42:00,73.5 kb/s
2024-10-19 06:42:30,9.42 kb/s
2024-10-19 06:43:00,9.33 kb/s
2024-10-19 06:43:30,73.3 Mb/s
2024-10-19 06:44:00,99.7 Mb/s
2024-10-19 06:44:30,43.3 Mb/s
2024-10-19 06:45:30,96.3 Mb/s
2024-10-19 06:46:00,81.8 Mb/s
2024-10-19 06:46:30,14.5 Mb/s
2024-10-19 06:47:00,33.5 Mb/s
2024-10-19 06:47:30,12.3 Mb/s
2024-10-19 06:48:00,7.89 kb/s
2024-10-19 06:48:30,18.2 kb/s
2024-10-19 06:49:30,375 kb/s
2024-10-19 06:50:00,69.2 Mb/s
2024-10-19 06:50:30,12.3 kb/s
2024-10-19 06:51:00,10.4 kb/s
2024-10-19 06:51:30,8.53 kb/s
2024-10-19 06:52:00,6.10 Mb/s
2024-10-19 06:52:30,84.8 Mb/s
2024-10-19 06:53:30,179 Mb/s
2024-10-19 06:54:00,149 Mb/s
2024-10-19 06:54:30,53.6 Mb/s
2024-10-19 06:55:00,55.7 Mb/s
2024-10-19 06:55:30,50.4 Mb/s
2024-10-19 06:56:00,5.60 Mb/s
2024-10-19 06:56:30,7.71 kb/s
2024-10-19 06:57:00,7.48 kb/s
2024-10-19 06:57:30,7.54 kb/s
2024-10-19 06:58:00,27.2 Mb/s
2024-10-19 06:58:30,37.8 Mb/s
2024-10-19 06:59:00,28.0 Mb/s
2024-10-19 06:59:30,35.9 Mb/s
2024-10-19 07:00:00,35.0 Mb/s
2024-10-19 07:00:30,12.4 Mb/s
2024-10-19 07:01:00,7.66 Mb/s
2024-10-19 07:01:30,2.06 Mb/s
2024-10-19 07:02:00,166 kb/s
2024-10-19 07:02:30,8.65 kb/s
2024-10-19 07:03:00,58.0 Mb/s
2024-10-19 07:03:30,105 Mb/s
2024-10-19 07:04:00,49.1 Mb/s
2024-10-19 07:04:30,63.3 Mb/s
2024-10-19 07:05:30,61.5 Mb/s
2024-10-19 07:06:00,12.1 Mb/s
2024-10-19 07:06:30,8.07 kb/s
2024-10-19 07:07:00,7.93 kb/s
2024-10-19 07:07:30,85.9 kb/s
2024-10-19 07:08:00,628 kb/s
2024-10-19 07:08:30,520 kb/s
2024-10-19 07:09:00,607 kb/s
2024-10-19 07:09:30,16.5 kb/s
2024-10-19 07:10:00,25.8 kb/s
2024-10-19 07:10:30,11.0 Mb/s
2024-10-19 07:11:00,52.3 Mb/s
2024-10-19 07:11:30,86.4 Mb/s
2024-10-19 07:12:00,112 Mb/s
2024-10-19 07:12:30,79.4 Mb/s
2024-10-19 07:13:30,39.3 Mb/s
2024-10-19 07:14:00,36.6 Mb/s
2024-10-19 07:14:30,36.7 Mb/s
2024-10-19 07:15:00,35.5 Mb/s
2024-10-19 07:15:30,12.2 Mb/s
2024-10-19 07:16:00,32.3 Mb/s
2024-10-19 07:16:30,37.7 Mb/s
2024-10-19 07:17:00,45.2 Mb/s
2024-10-19 07:17:30,39.0 Mb/s
2024-10-19 07:18:00,54.5 Mb/s
2024-10-19 07:18:30,13.1 Mb/s
2024-10-19 07:19:00,208 kb/s
2024-10-19 07:19:30,63.4 Mb/s
2024-10-19 07:20:00,71.9 Mb/s
2024-10-19 07:20:30,70.4 Mb/s
2024-10-19 07:21:00,8.68 Mb/s
2024-10-19 07:21:30,30.2 Mb/s
2024-10-19 07:22:00,170 Mb/s
2024-10-19 07:22:30,143 Mb/s
2024-10-19 07:23:00,77.2 Mb/s
2024-10-19 07:23:30,29.0 Mb/s
2024-10-19 07:24:00,42.2 Mb/s
2024-10-19 07:24:30,25.1 Mb/s
2024-10-19 07:25:00,50.1 Mb/s
2024-10-19 07:25:30,41.3 Mb/s
2024-10-19 07:26:00,30.7 Mb/s
2024-10-19 07:26:30,302 kb/s
2024-10-19 07:27:00,125 kb/s
2024-10-19 07:27:30,8.13 kb/s
2024-10-19 07:28:00,77.8 kb/s
2024-10-19 07:28:30,209 kb/s
2024-10-19 07:29:30,141 Mb/s
2024-10-19 07:30:00,132 Mb/s
2024-10-19 07:30:30,26.2 Mb/s
2024-10-19 07:31:00,59.7 Mb/s
2024-10-19 07:31:30,134 Mb/s
2024-10-19 07:32:00,176 Mb/s
2024-10-19 07:32:30,167 Mb/s
2024-10-19 07:33:00,73.2 Mb/s
2024-10-19 07:33:30,57.2 Mb/s
2024-10-19 07:34:00,3.36 Mb/s
2024-10-19 07:34:30,20.5 Mb/s
2024-10-19 07:35:00,23.3 Mb/s
2024-10-19 07:35:30,23.9 Mb/s
2024-10-19 07:36:00,37.5 Mb/s
2024-10-19 07:36:30,35.7 Mb/s
2024-10-19 07:37:30,26.7 Mb/s
2024-10-19 07:38:00,27.1 Mb/s
2024-10-19 07:38:30,7.34 Mb/s
2024-10-19 07:39:00,30.6 Mb/s
2024-10-19 07:39:30,82.5 Mb/s
2024-10-19 07:40:00,26.1 Mb/s
2024-10-19 07:40:30,7.94 kb/s
2024-10-19 07:41:30,8.08 kb/s
2024-10-19 07:42:00,11.2 Mb/s
2024-10-19 07:42:30,90.0 Mb/s
2024-10-19 07:43:00,95.9 Mb/s
2024-10-19 07:43:30,128 Mb/s
2024-10-19 07:44:00,34.0 Mb/s
2024-10-19 07:44:30,63.0 kb/s
2024-10-19 07:45:00,28.1 Mb/s
2024-10-19 07:45:30,18.8 Mb/s
2024-10-19 07:46:00,218 kb/s
2024-10-19 07:46:30,4.61 Mb/s
2024-10-19 07:47:00,21.2 Mb/s
2024-10-19 07:47:30,30.3 Mb/s
2024-10-19 07:48:00,30.3 Mb/s
2024-10-19 07:48:30,60.5 Mb/s
2024-10-19 07:49:00,55.1 Mb/s
2024-10-19 07:49:30,51.1 Mb/s
2024-10-19 07:50:00,90.7 Mb/s
2024-10-19 07:50:30,50.8 Mb/s
2024-10-19 07:51:00,85.3 Mb/s
2024-10-19 07:51:30,26.9 Mb/s
2024-10-19 07:52:00,7.40 kb/s
2024-10-19 07:52:30,53.3 Mb/s
2024-10-19 07:53:00,84.8 Mb/s
2024-10-19 07:53:30,93.0 Mb/s
2024-10-19 07:54:00,95.6 Mb/s
2024-10-19 07:54:30,91.4 Mb/s
2024-10-19 07:55:00,86.1 Mb/s
2024-10-19 07:55:30,44.1 Mb/s
2024-10-19 07:56:00,59.2 Mb/s
2024-10-19 07:56:30,58.6 Mb/s
2024-10-19 07:57:30,24.6 Mb/s
2024-10-19 07:58:00,83.2 Mb/s
2024-10-19 07:58:30,71.2 Mb/s
2024-10-19 07:59:00,64.9 Mb/s
2024-10-19 07:59:30,26.2 Mb/s
2024-10-19 08:00:00,6.75 Mb/s
2024-10-19 08:00:30,54.5 Mb/s
2024-10-19 08:01:00,102 Mb/s
2024-10-19 08:01:30,142 Mb/s
2024-10-19 08:02:00,98.3 Mb/s
2024-10-19 08:02:30,97.0 Mb/s
2024-10-19 08:03:00,95.3 Mb/s
2024-10-19 08:03:30,87.2 Mb/s
2024-10-19 08:04:00,531 kb/s
2024-10-19 08:04:30,42.7 Mb/s
2024-10-19 08:05:00,71.6 Mb/s
2024-10-19 08:05:30,8.18 kb/s
2024-10-19 08:06:00,9.14 kb/s
2024-10-19 08:06:30,7.87 kb/s
2024-10-19 08:07:00,46.1 Mb/s
2024-10-19 08:07:30,4.20 Mb/s
2024-10-19 08:08:00,35.9 Mb/s
2024-10-19 08:08:30,89.4 Mb/s
2024-10-19 08:09:00,112 Mb/s
2024-10-19 08:09:30,171 Mb/s
2024-10-19 08:10:00,185 Mb/s
2024-10-19 08:10:30,154 Mb/s
2024-10-19 08:11:00,107 Mb/s
2024-10-19 08:11:30,1.91 Mb/s
2024-10-19 08:12:00,99.4 kb/s
2024-10-19 08:12:30,8.69 kb/s
2024-10-19 08:13:00,5.27 Mb/s
2024-10-19 08:13:30,9.68 Mb/s
2024-10-19 08:14:00,31.7 Mb/s
2024-10-19 08:14:30,84.8 Mb/s
2024-10-19 08:15:00,6.01 Mb/s
2024-10-19 08:15:30,104 kb/s
2024-10-19 08:16:00,28.9 Mb/s
2024-10-19 08:16:30,20.1 Mb/s
2024-10-19 08:17:00,26.9 kb/s
2024-10-19 08:17:30,26.0 kb/s
2024-10-19 08:18:00,228 kb/s
2024-10-19 08:18:30,182 kb/s
2024-10-19 08:19:00,1.23 Mb/s
2024-10-19 08:19:30,43.1 Mb/s
2024-10-19 08:20:00,43.1 Mb/s
2024-10-19 08:20:30,43.2 Mb/s
2024-10-19 08:21:00,79.7 Mb/s
2024-10-19 08:21:30,97.3 Mb/s
2024-10-19 08:22:00,97.2 Mb/s
2024-10-19 08:22:30,38.5 Mb/s
2024-10-19 08:23:00,131 kb/s
2024-10-19 08:23:30,15.3 Mb/s
2024-10-19 08:24:00,44.7 Mb/s
2024-10-19 08:24:30,84.5 Mb/s
2024-10-19 08:25:00,69.9 Mb/s
2024-10-19 08:25:30,70.4 Mb/s
2024-10-19 08:26:00,10.9 Mb/s
2024-10-19 08:26:30,25.7 Mb/s
2024-10-19 08:27:00,43.0 Mb/s
2024-10-19 08:27:30,42.3 Mb/s
2024-10-19 08:28:00,99.3 Mb/s
2024-10-19 08:28:30,8.37 kb/s
2024-10-19 08:29:30,8.42 kb/s
2024-10-19 08:30:00,18.2 Mb/s
2024-10-19 08:30:30,43.2 Mb/s
2024-10-19 08:31:00,17.5 Mb/s
2024-10-19 08:31:30,195 kb/s
2024-10-19 08:32:00,135 kb/s
2024-10-19 08:32:30,415 kb/s
2024-10-19 08:33:00,76.2 Mb/s
2024-10-19 08:33:30,120 Mb/s
2024-10-19 08:34:00,110 Mb/s
2024-10-19 08:34:30,37.1 Mb/s
2024-10-19 08:35:00,11.3 Mb/s
2024-10-19 08:35:30,44.5 Mb/s
2024-10-19 08:36:00,44.9 Mb/s
2024-10-19 08:36:30,36.1 Mb/s
2024-10-19 08:37:00,486 kb/s
2024-10-19 08:37:30,62.7 kb/s
2024-10-19 08:38:00,6.56 Mb/s
2024-10-19 08:38:30,13.3 Mb/s
2024-10-19 08:39:00,18.7 Mb/s
2024-10-19 08:39:30,74.4 Mb/s
2024-10-19 08:40:00,68.1 Mb/s
2024-10-19 08:40:30,31.3 Mb/s
2024-10-19 08:41:30,99.1 Mb/s
2024-10-19 08:42:00,90.6 Mb/s
2024-10-19 08:42:30,19.3 Mb/s
2024-10-19 08:43:00,89.6 Mb/s
2024-10-19 08:43:30,149 Mb/s
2024-10-19 08:44:00,143 Mb/s
2024-10-19 08:44:30,113 Mb/s
2024-10-19 08:45:00,149 Mb/s
2024-10-19 08:45:30,53.7 Mb/s
2024-10-19 08:46:00,109 kb/s
2024-10-19 08:46:30,166 kb/s
2024-10-19 08:47:00,157 kb/s
2024-10-19 08:47:30,126 kb/s
2024-10-19 08:48:00,27.6 Mb/s
2024-10-19 08:48:30,63.7 Mb/s
2024-10-19 08:49:30,27.4 Mb/s
2024-10-19 08:50:00,11.9 Mb/s
2024-10-19 08:50:30,12.0 Mb/s
2024-10-19 08:51:00,28.9 Mb/s
2024-10-19 08:51:30,85.6 Mb/s
2024-10-19 08:52:00,130 Mb/s
2024-10-19 08:52:30,14.4 Mb/s
2024-10-19 08:53:00,9.29 kb/s
2024-10-19 08:53:30,8.69 kb/s
2024-10-19 08:54:00,9.66 kb/s
2024-10-19 08:54:30,1.05 Mb/s
2024-10-19 08:55:00,6.64 Mb/s
2024-10-19 08:55:30,632 kb/s
2024-10-19 08:56:00,3.71 Mb/s
2024-10-19 08:56:30,3.25 Mb/s
2024-10-19 08:57:30,39.4 Mb/s
2024-10-19 08:58:00,41.0 Mb/s
2024-10-19 08:58:30,22.6 Mb/s
2024-10-19 08:59:00,24.8 Mb/s
2024-10-19 08:59:30,49.4 Mb/s
2024-10-19 09:00:00,87.6 Mb/s
2024-10-19 09:00:30,62.1 Mb/s
2024-10-19 09:01:00,131 kb/s
2024-10-19 09:01:30,17.3 Mb/s
2024-10-19 09:02:00,96.2 Mb/s
2024-10-19 09:02:30,97.4 Mb/s
2024-10-19 09:03:00,112 Mb/s
2024-10-19 09:03:30,47.4 Mb/s
2024-10-19 09:04:00,40.6 Mb/s
2024-10-19 09:04:30,29.4 Mb/s
2024-10-19 09:05:00,28.1 Mb/s
2024-10-19 09:05:30,57.0 Mb/s
2024-10-19 09:06:00,18.7 Mb/s
2024-10-19 09:06:30,327 kb/s
2024-10-19 09:07:00,253 kb/s
2024-10-19 09:07:30,1.39 Mb/s
2024-10-19 09:08:00,41.1 Mb/s
2024-10-19 09:08:30,29.6 Mb/s
2024-10-19 09:09:00,9.29 kb/s
2024-10-19 09:09:30,8.75 kb/s
2024-10-19 09:10:00,10.1 kb/s
2024-10-19 09:10:30,9.22 kb/s
2024-10-19 09:11:00,8.24 kb/s
2024-10-19 09:11:30,8.59 kb/s
2024-10-19 09:12:00,37.4 Mb/s
2024-10-19 09:12:30,8.45 kb/s
2024-10-19 09:13:00,15.5 Mb/s
2024-10-19 09:13:30,10.2 Mb/s
2024-10-19 09:14:00,42.6 Mb/s
2024-10-19 09:14:30,15.6 Mb/s
2024-10-19 09:15:00,329 kb/s
2024-10-19 09:15:30,81.7 kb/s
2024-10-19 09:16:00,33.7 Mb/s
2024-10-19 09:16:30,92.6 Mb/s
2024-10-19 09:17:00,90.9 Mb/s
2024-10-19 09:17:30,139 Mb/s
2024-10-19 09:18:00,115 Mb/s
2024-10-19 09:18:30,22.7 Mb/s
2024-10-19 09:19:00,37.0 Mb/s
2024-10-19 09:19:30,36.7 Mb/s
2024-10-19 09:20:00,36.9 Mb/s
2024-10-19 09:20:30,29.3 Mb/s
2024-10-19 09:21:00,40.9 Mb/s
2024-10-19 09:21:30,41.2 Mb/s
2024-10-19 09:22:00,41.3 Mb/s
2024-10-19 09:22:30,15.2 Mb/s
2024-10-19 09:23:00,30.9 Mb/s
2024-10-19 09:23:30,34.3 Mb/s
2024-10-19 09:24:00,15.7 Mb/s
2024-10-19 09:24:30,5.91 Mb/s
2024-10-19 09:25:00,14.1 Mb/s
2024-10-19 09:25:30,46.0 Mb/s
2024-10-19 09:26:00,72.0 Mb/s
2024-10-19 09:26:30,73.5 Mb/s
2024-10-19 09:27:00,65.7 Mb/s
2024-10-19 09:27:30,15.6 Mb/s
2024-10-19 09:28:00,107 Mb/s
2024-10-19 09:28:30,123 Mb/s
2024-10-19 09:29:30,147 Mb/s
2024-10-19 09:30:00,34.6 Mb/s
2024-10-19 09:30:30,21.5 Mb/s
2024-10-19 09:31:00,21.8 Mb/s
2024-10-19 09:31:30,21.6 Mb/s
2024-10-19 09:32:00,19.3 Mb/s
2024-10-19 09:32:30,9.19 kb/s
2024-10-19 09:33:00,7.93 kb/s
2024-10-19 09:33:30,13.5 kb/s
2024-10-19 09:34:00,8.39 kb/s
2024-10-19 09:34:30,63.1 Mb/s
2024-10-19 09:35:00,105 Mb/s
2024-10-19 09:35:30,111 Mb/s
2024-10-19 09:36:00,159 Mb/s
2024-10-19 09:36:30,35.3 Mb/s
2024-10-19 09:37:00,789 kb/s
2024-10-19 09:37:30,53.6 Mb/s
2024-10-19 09:38:00,71.4 Mb/s
2024-10-19 09:38:30,121 Mb/s
2024-10-19 09:39:00,43.6 Mb/s
2024-10-19 09:39:30,530 kb/s
2024-10-19 09:40:00,8.43 Mb/s
2024-10-19 09:40:30,29.8 Mb/s
2024-10-19 09:41:00,78.0 Mb/s
2024-10-19 09:41:30,11.7 Mb/s
2024-10-19 09:42:00,640 kb/s
2024-10-19 09:42:30,465 kb/s
2024-10-19 09:43:00,27.8 Mb/s
2024-10-19 09:43:30,38.4 Mb/s
2024-10-19 09:44:00,28.0 Mb/s
2024-10-19 09:44:30,426 kb/s
2024-10-19 09:45:00,66.8 kb/s
2024-10-19 09:45:30,8.95 Mb/s
2024-10-19 09:46:00,58.5 Mb/s
2024-10-19 09:46:30,125 Mb/s
2024-10-19 09:47:00,142 Mb/s
2024-10-19 09:47:30,78.9 Mb/s
2024-10-19 09:48:00,85.5 Mb/s
2024-10-19 09:48:30,4.51 Mb/s
2024-10-19 09:49:00,32.9 Mb/s
2024-10-19 09:49:30,69.3 Mb/s
2024-10-19 09:50:00,69.1 Mb/s
2024-10-19 09:50:30,44.6 Mb/s
2024-10-19 09:51:00,62.7 Mb/s
2024-10-19 09:51:30,14.1 Mb/s
2024-10-19 09:52:00,47.4 Mb/s
2024-10-19 09:52:30,29.9 Mb/s
2024-10-19 09:53:00,54.6 Mb/s
2024-10-19 09:53:30,23.7 Mb/s
2024-10-19 09:54:00,35.5 Mb/s
2024-10-19 09:54:30,61.6 Mb/s
2024-10-19 09:55:00,61.3 Mb/s
2024-10-19 09:55:30,61.7 Mb/s
2024-10-19 09:56:00,26.1 Mb/s
2024-10-19 09:56:30,2.84 Mb/s
2024-10-19 09:57:00,68.4 Mb/s
2024-10-19 09:57:30,119 Mb/s
2024-10-19 09:58:00,83.5 Mb/s
2024-10-19 09:58:30,69.2 Mb/s
2024-10-19 09:59:00,59.1 Mb/s
2024-10-19 09:59:30,75.0 Mb/s
2024-10-19 10:00:00,91.1 Mb/s
2024-10-19 10:00:30,99.8 Mb/s
2024-10-19 10:01:00,867 kb/s
2024-10-19 10:01:30,8.60 kb/s
2024-10-19 10:02:00,8.95 kb/s
2024-10-19 10:02:30,77.8 kb/s
2024-10-19 10:03:00,62.6 Mb/s
2024-10-19 10:03:30,153 Mb/s
2024-10-19 10:04:00,163 Mb/s
2024-10-19 10:04:30,133 Mb/s
2024-10-19 10:05:00,104 Mb/s
2024-10-19 10:05:30,117 Mb/s
2024-10-19 10:06:00,42.7 Mb/s
2024-10-19 10:06:30,22.5 Mb/s
2024-10-19 10:07:00,50.8 Mb/s
2024-10-19 10:07:30,28.7 Mb/s
2024-10-19 10:08:00,9.15 kb/s
2024-10-19 10:08:30,7.71 kb/s
2024-10-19 10:09:00,9.07 kb/s
2024-10-19 10:09:30,36.5 Mb/s
2024-10-19 10:10:00,40.6 Mb/s
2024-10-19 10:10:30,48.2 Mb/s
2024-10-19 10:11:00,76.6 Mb/s
2024-10-19 10:11:30,39.1 Mb/s
2024-10-19 10:12:00,6.23 Mb/s
2024-10-19 10:12:30,89.7 Mb/s
2024-10-19 10:13:00,9.04 Mb/s
2024-10-19 10:13:30,121 kb/s
2024-10-19 10:14:00,317 kb/s
2024-10-19 10:14:30,297 kb/s
2024-10-19 10:15:00,344 kb/s
2024-10-19 10:15:30,126 kb/s
2024-10-19 10:16:00,8.00 kb/s
2024-10-19 10:16:30,48.8 Mb/s
2024-10-19 10:17:00,79.8 Mb/s
2024-10-19 10:17:30,93.2 Mb/s
2024-10-19 10:18:00,60.7 Mb/s
2024-10-19 10:18:30,146 Mb/s
2024-10-19 10:19:00,85.6 Mb/s
2024-10-19 10:19:30,85.5 Mb/s
2024-10-19 10:20:00,60.9 Mb/s
2024-10-19 10:20:30,128 kb/s
2024-10-19 10:21:00,411 kb/s
2024-10-19 10:21:30,218 kb/s
2024-10-19 10:22:00,337 kb/s
2024-10-19 10:22:30,9.45 Mb/s
2024-10-19 10:23:00,96.2 Mb/s
2024-10-19 10:23:30,113 Mb/s
2024-10-19 10:24:00,56.4 Mb/s
2024-10-19 10:24:30,44.0 Mb/s
2024-10-19 10:25:00,5.08 Mb/s
2024-10-19 10:25:30,8.22 kb/s
2024-10-19 10:26:00,8.26 kb/s
2024-10-19 10:26:30,19.7 Mb/s
2024-10-19 10:27:00,8.43 kb/s
2024-10-19 10:27:30,43.6 kb/s
2024-10-19 10:28:00,136 kb/s
2024-10-19 10:28:30,21.5 Mb/s
2024-10-19 10:29:00,3.84 Mb/s
2024-10-19 10:29:30,50.9 kb/s
2024-10-19 10:30:00,172 kb/s
2024-10-19 10:30:30,158 kb/s
2024-10-19 10:31:00,179 kb/s
2024-10-19 10:31:30,99.4 kb/s
2024-10-19 10:32:00,65.5 Mb/s
2024-10-19 10:32:30,52.6 Mb/s
2024-10-19 10:33:00,5.18 Mb/s
2024-10-19 10:33:30,6.77 Mb/s
2024-10-19 10:34:00,64.6 Mb/s
2024-10-19 10:34:30,55.5 Mb/s
2024-10-19 10:35:00,8.24 kb/s
2024-10-19 10:35:30,8.03 kb/s
2024-10-19 10:36:00,352 kb/s
2024-10-19 10:36:30,302 kb/s
2024-10-19 10:37:00,62.1 Mb/s
2024-10-19 10:37:30,87.5 Mb/s
2024-10-19 10:38:00,121 Mb/s
2024-10-19 10:38:30,130 Mb/s
2024-10-19 10:39:00,73.0 Mb/s
2024-10-19 10:39:30,101 Mb/s
2024-10-19 10:40:00,16.0 Mb/s
2024-10-19 10:40:30,8.20 kb/s
2024-10-19 10:41:30,9.61 kb/s
2024-10-19 10:42:00,8.19 kb/s
2024-10-19 10:42:30,213 kb/s
2024-10-19 10:43:00,7.89 Mb/s
2024-10-19 10:43:30,8.87 Mb/s
2024-10-19 10:44:00,2.51 Mb/s
2024-10-19 10:44:30,7.70 kb/s
2024-10-19 10:45:00,7.82 kb/s
2024-10-19 10:45:30,8.28 kb/s
2024-10-19 10:46:00,4.56 Mb/s
2024-10-19 10:46:30,5.43 Mb/s
2024-10-19 10:47:00,5.86 Mb/s
2024-10-19 10:47:30,1.64 Mb/s
2024-10-19 10:48:00,630 kb/s
2024-10-19 10:48:30,724 kb/s
2024-10-19 10:49:30,4.78 Mb/s
2024-10-19 10:50:00,3.31 Mb/s
2024-10-19 10:50:30,52.3 Mb/s
2024-10-19 10:51:00,76.4 Mb/s
2024-10-19 10:51:30,61.9 Mb/s
2024-10-19 10:52:00,7.27 Mb/s
2024-10-19 10:52:30,5.69 Mb/s
2024-10-19 10:53:00,84.2 Mb/s
2024-10-19 10:53:30,65.2 Mb/s
2024-10-19 10:54:00,17.5 Mb/s
2024-10-19 10:54:30,8.45 kb/s
2024-10-19 10:55:00,468 kb/s
2024-10-19 10:55:30,602 kb/s
2024-10-19 10:56:00,36.1 Mb/s
2024-10-19 10:56:30,76.8 Mb/s
2024-10-19 10:57:00,279 kb/s
2024-10-19 10:57:30,675 kb/s
2024-10-19 10:58:00,685 kb/s
2024-10-19 10:58:30,576 kb/s
2024-10-19 10:59:00,25.6 kb/s
2024-10-19 10:59:30,8.86 kb/s
2024-10-19 11:00:00,9.93 kb/s
2024-10-19 11:00:30,29.7 Mb/s
2024-10-19 11:01:00,38.5 Mb/s
2024-10-19 11:01:30,52.8 Mb/s
2024-10-19 11:02:00,95.7 Mb/s
2024-10-19 11:02:30,52.9 Mb/s
2024-10-19 11:03:00,18.8 Mb/s
2024-10-19 11:03:30,56.2 Mb/s
2024-10-19 11:04:00,56.2 Mb/s
2024-10-19 11:04:30,35.0 Mb/s
2024-10-19 11:05:00,45.6 Mb/s
2024-10-19 11:05:30,27.2 Mb/s
2024-10-19 11:06:00,2.58 Mb/s
2024-10-19 11:06:30,23.0 kb/s
2024-10-19 11:07:00,18.0 kb/s
2024-10-19 11:07:30,15.1 Mb/s
2024-10-19 11:08:00,39.4 Mb/s
2024-10-19 11:08:30,424 kb/s
2024-10-19 11:09:00,180 Mb/s
2024-10-19 11:09:30,134 Mb/s
2024-10-19 11:10:00,124 Mb/s
2024-10-19 11:10:30,37.0 Mb/s
2024-10-19 11:11:00,8.51 kb/s
2024-10-19 11:11:30,10.2 Mb/s
2024-10-19 11:12:00,14.0 Mb/s
2024-10-19 11:12:30,14.1 Mb/s
2024-10-19 11:13:30,103 Mb/s
2024-10-19 11:14:00,74.5 Mb/s
2024-10-19 11:14:30,11.5 Mb/s
2024-10-19 11:15:00,82.3 Mb/s
2024-10-19 11:15:30,118 Mb/s
2024-10-19 11:16:00,39.1 Mb/s
2024-10-19 11:16:30,7.21 Mb/s
2024-10-19 11:17:30,14.3 Mb/s
2024-10-19 11:18:00,8.81 kb/s
2024-10-19 11:18:30,192 kb/s
2024-10-19 11:19:00,428 kb/s
2024-10-19 11:19:30,144 kb/s
2024-10-19 11:20:00,165 kb/s
2024-10-19 11:20:30,167 kb/s
2024-10-19 11:21:00,8.65 kb/s
2024-10-19 11:21:30,8.20 Mb/s
2024-10-19 11:22:00,64.7 Mb/s
2024-10-19 11:22:30,65.3 Mb/s
2024-10-19 11:23:00,50.8 Mb/s
2024-10-19 11:23:30,54.1 Mb/s
2024-10-19 11:24:00,64.7 Mb/s
2024-10-19 11:24:30,80.5 Mb/s
2024-10-19 11:25:00,96.3 Mb/s
2024-10-19 11:25:30,80.8 Mb/s
2024-10-19 11:26:00,2.53 Mb/s
2024-10-19 11:26:30,13.7 Mb/s
2024-10-19 11:27:00,39.0 Mb/s
2024-10-19 11:27:30,39.7 Mb/s
2024-10-19 11:28:00,29.3 Mb/s
2024-10-19 11:28:30,183 kb/s
2024-10-19 11:29:00,530 kb/s
2024-10-19 11:29:30,8.35 kb/s
2024-10-19 11:30:00,62.5 Mb/s
2024-10-19 11:30:30,85.2 Mb/s
2024-10-19 11:31:00,112 Mb/s
2024-10-19 11:31:30,66.2 Mb/s
2024-10-19 11:32:00,27.8 Mb/s
2024-10-19 11:32:30,52.8 Mb/s
2024-10-19 11:33:30,12.9 Mb/s
2024-10-19 11:34:00,502 kb/s
2024-10-19 11:34:30,581 kb/s
2024-10-19 11:35:00,30.3 Mb/s
2024-10-19 11:35:30,31.7 Mb/s
2024-10-19 11:36:00,31.8 Mb/s
2024-10-19 11:36:30,19.7 Mb/s
2024-10-19 11:37:30,95.8 Mb/s
2024-10-19 11:38:00,92.0 Mb/s
2024-10-19 11:38:30,10.4 Mb/s
2024-10-19 11:39:00,9.59 kb/s
2024-10-19 11:39:30,619 kb/s
2024-10-19 11:40:00,32.2 Mb/s
2024-10-19 11:40:30,66.0 Mb/s
2024-10-19 11:41:00,65.8 Mb/s
2024-10-19 11:41:30,25.6 Mb/s
2024-10-19 11:42:00,5.84 Mb/s
2024-10-19 11:42:30,20.3 Mb/s
2024-10-19 11:43:00,34.5 Mb/s
2024-10-19 11:43:30,13.0 Mb/s
2024-10-19 11:44:00,13.0 Mb/s
2024-10-19 11:44:30,604 kb/s
2024-10-19 11:45:30,99.9 kb/s
2024-10-19 11:46:00,15.7 Mb/s
2024-10-19 11:46:30,67.0 Mb/s
2024-10-19 11:47:00,61.5 Mb/s
2024-10-19 11:47:30,59.3 Mb/s
2024-10-19 11:48:00,10.1 Mb/s
2024-10-19 11:48:30,35.5 Mb/s
2024-10-19 11:49:30,1.10 Mb/s
2024-10-19 11:50:00,16.6 Mb/s
2024-10-19 11:50:30,113 Mb/s
2024-10-19 11:51:00,35.8 Mb/s
2024-10-19 11:51:30,568 kb/s
2024-10-19 11:52:00,553 kb/s
2024-10-19 11:52:30,61.7 Mb/s
2024-10-19 11:53:00,88.9 Mb/s
2024-10-19 11:53:30,124 Mb/s
2024-10-19 11:54:00,7.86 Mb/s
2024-10-19 11:54:30,1.96 Mb/s
2024-10-19 11:55:00,1.20 Mb/s
2024-10-19 11:55:30,7.41 kb/s
2024-10-19 11:56:00,7.67 kb/s
2024-10-19 11:56:30,7.81 kb/s
2024-10-19 11:57:00,8.25 kb/s
2024-10-19 11:57:30,7.33 Mb/s
2024-10-19 11:58:00,98.5 Mb/s
2024-10-19 11:58:30,98.0 Mb/s
2024-10-19 11:59:00,13.1 Mb/s
2024-10-19 11:59:30,86.0 Mb/s
2024-10-19 12:00:00,77.0 Mb/s
2024-10-19 12:00:30,137 Mb/s
2024-10-19 12:01:00,151 Mb/s
2024-10-19 12:01:30,139 Mb/s
2024-10-19 12:02:00,111 Mb/s
2024-10-19 12:02:30,102 Mb/s
2024-10-19 12:03:00,41.9 Mb/s
2024-10-19 12:03:30,41.7 Mb/s
2024-10-19 12:04:00,52.2 Mb/s
2024-10-19 12:04:30,67.1 Mb/s
2024-10-19 12:05:00,3.41 Mb/s
2024-10-19 12:05:30,17.6 Mb/s
2024-10-19 12:06:00,18.1 Mb/s
2024-10-19 12:06:30,30.4 Mb/s
2024-10-19 12:07:00,29.4 Mb/s
2024-10-19 12:07:30,61.0 Mb/s
2024-10-19 12:08:00,93.5 Mb/s
2024-10-19 12:08:30,63.7 Mb/s
2024-10-19 12:09:00,727 kb/s
2024-10-19 12:09:30,4.21 Mb/s
2024-10-19 12:10:00,300 kb/s
2024-10-19 12:10:30,9.73 kb/s
2024-10-19 12:11:00,48.3 Mb/s
2024-10-19 12:11:30,12.5 Mb/s
2024-10-19 12:12:00,105 Mb/s
2024-10-19 12:12:30,105 Mb/s
2024-10-19 12:13:00,92.3 Mb/s
2024-10-19 12:13:30,41.8 Mb/s
2024-10-19 12:14:00,5.93 Mb/s
2024-10-19 12:14:30,21.4 Mb/s
2024-10-19 12:15:00,76.6 kb/s
2024-10-19 12:15:30,9.26 Mb/s
2024-10-19 12:16:00,9.82 Mb/s
2024-10-19 12:16:30,1.53 Mb/s
2024-10-19 12:17:00,70.1 Mb/s
2024-10-19 12:17:30,67.1 Mb/s
2024-10-19 12:18:00,63.7 Mb/s
2024-10-19 12:18:30,30.5 kb/s
2024-10-19 12:19:00,25.5 kb/s
2024-10-19 12:19:30,7.83 kb/s
2024-10-19 12:20:00,5.01 Mb/s
2024-10-19 12:20:30,23.8 Mb/s
2024-10-19 12:21:30,555 kb/s
2024-10-19 12:22:00,63.8 Mb/s
2024-10-19 12:22:30,11.4 Mb/s
2024-10-19 12:23:00,5.42 Mb/s
2024-10-19 12:23:30,83.8 Mb/s
2024-10-19 12:24:00,86.4 Mb/s
2024-10-19 12:24:30,82.4 Mb/s
2024-10-19 12:25:00,34.9 Mb/s
2024-10-19 12:25:30,51.7 Mb/s
2024-10-19 12:26:00,49.4 Mb/s
2024-10-19 12:26:30,21.2 Mb/s
2024-10-19 12:27:00,43.2 Mb/s
2024-10-19 12:27:30,43.2 Mb/s
2024-10-19 12:28:00,16.6 Mb/s
2024-10-19 12:28:30,75.9 Mb/s
2024-10-19 12:29:00,89.8 Mb/s
2024-10-19 12:29:30,74.1 Mb/s
2024-10-19 12:30:00,38.5 kb/s
2024-10-19 12:30:30,107 kb/s
2024-10-19 12:31:00,24.2 Mb/s
2024-10-19 12:31:30,19.6 Mb/s
2024-10-19 12:32:00,8.61 kb/s
2024-10-19 12:32:30,19.5 Mb/s
2024-10-19 12:33:00,85.6 Mb/s
2024-10-19 12:33:30,85.5 Mb/s
2024-10-19 12:34:00,52.8 Mb/s
2024-10-19 12:34:30,103 Mb/s
2024-10-19 12:35:00,103 Mb/s
2024-10-19 12:35:30,83.9 Mb/s
2024-10-19 12:36:00,62.0 Mb/s
2024-10-19 12:36:30,66.5 Mb/s
2024-10-19 12:37:00,87.1 Mb/s
2024-10-19 12:37:30,73.2 Mb/s
2024-10-19 12:38:00,73.1 Mb/s
2024-10-19 12:38:30,73.1 Mb/s
2024-10-19 12:39:00,4.09 Mb/s
2024-10-19 12:39:30,302 kb/s
2024-10-19 12:40:00,157 kb/s
2024-10-19 12:40:30,7.84 kb/s
2024-10-19 12:41:00,56.6 Mb/s
2024-10-19 12:41:30,77.1 Mb/s
2024-10-19 12:42:00,72.2 Mb/s
2024-10-19 12:42:30,35.0 Mb/s
2024-10-19 12:43:00,42.7 Mb/s
2024-10-19 12:43:30,68.7 Mb/s
2024-10-19 12:44:00,73.1 Mb/s
2024-10-19 12:44:30,18.6 Mb/s
2024-10-19 12:45:00,52.5 Mb/s
2024-10-19 12:45:30,5.99 Mb/s
2024-10-19 12:46:00,330 kb/s
2024-10-19 12:46:30,38.3 kb/s
2024-10-19 12:47:00,27.6 Mb/s
2024-10-19 12:47:30,127 kb/s
2024-10-19 12:48:00,131 kb/s
2024-10-19 12:48:30,38.8 kb/s
2024-10-19 12:49:00,9.20 kb/s
2024-10-19 12:49:30,8.75 kb/s
2024-10-19 12:50:00,8.63 kb/s
2024-10-19 12:50:30,8.72 kb/s
2024-10-19 12:51:00,2.20 Mb/s
2024-10-19 12:51:30,93.4 Mb/s
2024-10-19 12:52:00,103 Mb/s
2024-10-19 12:52:30,65.4 Mb/s
2024-10-19 12:53:00,67.1 Mb/s
2024-10-19 12:53:30,12.7 Mb/s
2024-10-19 12:54:00,43.9 Mb/s
2024-10-19 12:54:30,78.0 Mb/s
2024-10-19 12:55:00,21.2 Mb/s
2024-10-19 12:55:30,54.7 Mb/s
2024-10-19 12:56:00,90.9 Mb/s
2024-10-19 12:56:30,97.0 Mb/s
2024-10-19 12:57:00,45.2 Mb/s
2024-10-19 12:57:30,79.7 Mb/s
2024-10-19 12:58:00,109 Mb/s
2024-10-19 12:58:30,81.8 Mb/s
2024-10-19 12:59:00,40.3 Mb/s
2024-10-19 12:59:30,8.02 Mb/s
2024-10-19 13:00:00,126 Mb/s
2024-10-19 13:00:30,119 Mb/s
2024-10-19 13:01:00,102 Mb/s
2024-10-19 13:01:30,104 Mb/s
2024-10-19 13:02:00,26.9 Mb/s
2024-10-19 13:02:30,7.96 kb/s
2024-10-19 13:03:00,9.41 kb/s
2024-10-19 13:03:30,13.6 kb/s
2024-10-19 13:04:00,59.4 Mb/s
2024-10-19 13:04:30,71.3 Mb/s
2024-10-19 13:05:30,10.4 Mb/s
2024-10-19 13:06:00,81.3 kb/s
2024-10-19 13:06:30,90.9 kb/s
2024-10-19 13:07:00,78.7 Mb/s
2024-10-19 13:07:30,102 Mb/s
2024-10-19 13:08:00,93.0 Mb/s
2024-10-19 13:08:30,92.7 Mb/s
2024-10-19 13:09:00,38.8 Mb/s
2024-10-19 13:09:30,8.22 kb/s
2024-10-19 13:10:00,17.5 Mb/s
2024-10-19 13:10:30,80.3 Mb/s
2024-10-19 13:11:00,92.2 Mb/s
2024-10-19 13:11:30,43.7 Mb/s
2024-10-19 13:12:00,7.89 kb/s
2024-10-19 13:12:30,7.83 kb/s
2024-10-19 13:13:00,120 kb/s
2024-10-19 13:13:30,1.97 Mb/s
2024-10-19 13:14:00,12.1 Mb/s
2024-10-19 13:14:30,18.0 Mb/s
2024-10-19 13:15:00,70.3 Mb/s
2024-10-19 13:15:30,105 Mb/s
2024-10-19 13:16:00,2.16 Mb/s
2024-10-19 13:16:30,664 kb/s
2024-10-19 13:17:30,255 kb/s
2024-10-19 13:18:00,12.1 Mb/s
2024-10-19 13:18:30,35.1 Mb/s
2024-10-19 13:19:00,41.2 Mb/s
2024-10-19 13:19:30,12.5 Mb/s
2024-10-19 13:20:00,240 kb/s
2024-10-19 13:20:30,9.02 kb/s
2024-10-19 13:21:00,15.0 kb/s
2024-10-19 13:21:30,17.5 Mb/s
2024-10-19 13:22:00,26.3 Mb/s
2024-10-19 13:22:30,3.42 Mb/s
2024-10-19 13:23:00,37.5 Mb/s
2024-10-19 13:23:30,30.8 Mb/s
2024-10-19 13:24:00,95.9 Mb/s
2024-10-19 13:24:30,95.8 Mb/s
2024-10-19 13:25:30,43.4 Mb/s
2024-10-19 13:26:00,42.3 Mb/s
2024-10-19 13:26:30,39.4 Mb/s
2024-10-19 13:27:00,34.6 Mb/s
2024-10-19 13:27:30,7.12 Mb/s
2024-10-19 13:28:00,7.83 kb/s
2024-10-19 13:28:30,11.0 kb/s
2024-10-19 13:29:30,253 kb/s
2024-10-19 13:30:00,94.3 kb/s
2024-10-19 13:30:30,10.1 Mb/s
2024-10-19 13:31:00,16.2 Mb/s
2024-10-19 13:31:30,9.36 kb/s
2024-10-19 13:32:00,40.7 Mb/s
2024-10-19 13:32:30,28.5 Mb/s
2024-10-19 13:33:00,90.5 Mb/s
2024-10-19 13:33:30,72.7 Mb/s
2024-10-19 13:34:00,65.5 Mb/s
2024-10-19 13:34:30,24.9 Mb/s
2024-10-19 13:35:00,88.1 Mb/s
2024-10-19 13:35:30,87.6 Mb/s
2024-10-19 13:36:00,55.4 Mb/s
2024-10-19 13:36:30,6.80 Mb/s
2024-10-19 13:37:00,9.22 Mb/s
2024-10-19 13:37:30,64.2 Mb/s
2024-10-19 13:38:00,20.9 kb/s
2024-10-19 13:38:30,23.9 Mb/s
2024-10-19 13:39:00,123 Mb/s
2024-10-19 13:39:30,123 Mb/s
2024-10-19 13:40:00,98.9 Mb/s
2024-10-19 13:40:30,85.5 Mb/s
2024-10-19 13:41:00,38.5 Mb/s
2024-10-19 13:41:30,727 kb/s
2024-10-19 13:42:00,27.8 Mb/s
2024-10-19 13:42:30,82.0 Mb/s
2024-10-19 13:43:00,96.4 Mb/s
2024-10-19 13:43:30,85.9 Mb/s
2024-10-19 13:44:00,90.6 Mb/s
2024-10-19 13:44:30,27.6 Mb/s
2024-10-19 13:45:00,57.8 Mb/s
2024-10-19 13:45:30,42.3 Mb/s
2024-10-19 13:46:00,42.7 Mb/s
2024-10-19 13:46:30,71.7 Mb/s
2024-10-19 13:47:00,80.7 Mb/s
2024-10-19 13:47:30,104 Mb/s
2024-10-19 13:48:00,73.6 Mb/s
2024-10-19 13:48:30,10.3 Mb/s
2024-10-19 13:49:00,91.6 Mb/s
2024-10-19 13:49:30,86.5 Mb/s
2024-10-19 13:50:00,92.9 Mb/s
2024-10-19 13:50:30,39.1 Mb/s
2024-10-19 13:51:00,7.75 Mb/s
2024-10-19 13:51:30,5.95 Mb/s
2024-10-19 13:52:00,16.1 Mb/s
2024-10-19 13:52:30,59.6 Mb/s
2024-10-19 13:53:00,4.97 Mb/s
2024-10-19 13:53:30,8.34 kb/s
2024-10-19 13:54:00,8.46 kb/s
2024-10-19 13:54:30,36.5 Mb/s
2024-10-19 13:55:00,41.7 Mb/s
2024-10-19 13:55:30,41.8 Mb/s
2024-10-19 13:56:00,16.6 Mb/s
2024-10-19 13:56:30,27.3 Mb/s
2024-10-19 13:57:00,4.25 Mb/s
2024-10-19 13:57:30,7.66 kb/s
2024-10-19 13:58:00,7.34 kb/s
2024-10-19 13:58:30,40.6 Mb/s
2024-10-19 13:59:00,38.4 Mb/s
2024-10-19 13:59:30,717 kb/s
2024-10-19 14:00:00,606 kb/s
2024-10-19 14:00:30,8.59 kb/s
2024-10-19 14:01:30,13.7 Mb/s
2024-10-19 14:02:00,5.04 Mb/s
2024-10-19 14:02:30,14.3 Mb/s
2024-10-19 14:03:00,14.1 Mb/s
2024-10-19 14:03:30,1.23 Mb/s
2024-10-19 14:04:00,3.86 Mb/s
2024-10-19 14:04:30,17.4 Mb/s
2024-10-19 14:05:00,10.1 Mb/s
2024-10-19 14:05:30,6.63 Mb/s
2024-10-19 14:06:00,18.3 Mb/s
2024-10-19 14:06:30,22.5 Mb/s
2024-10-19 14:07:00,4.41 Mb/s
2024-10-19 14:07:30,39.8 Mb/s
2024-10-19 14:08:00,65.4 Mb/s
2024-10-19 14:08:30,71.2 Mb/s
2024-10-19 14:09:30,34.7 Mb/s
2024-10-19 14:10:00,448 kb/s
2024-10-19 14:10:30,433 kb/s
2024-10-19 14:11:00,88.4 kb/s
2024-10-19 14:11:30,8.45 kb/s
2024-10-19 14:12:00,8.49 kb/s
2024-10-19 14:12:30,8.40 kb/s
2024-10-19 14:13:00,4.77 Mb/s
2024-10-19 14:13:30,32.3 Mb/s
2024-10-19 14:14:00,34.4 Mb/s
2024-10-19 14:14:30,31.6 Mb/s
2024-10-19 14:15:00,19.9 Mb/s
2024-10-19 14:15:30,49.7 kb/s
2024-10-19 14:16:00,139 kb/s
2024-10-19 14:16:30,276 kb/s
2024-10-19 14:17:00,49.7 Mb/s
2024-10-19 14:17:30,69.0 Mb/s
2024-10-19 14:18:00,95.9 Mb/s
2024-10-19 14:18:30,38.4 Mb/s
2024-10-19 14:19:00,60.0 Mb/s
2024-10-19 14:19:30,30.0 kb/s
2024-10-19 14:20:00,3.81 Mb/s
2024-10-19 14:20:30,12.0 Mb/s
2024-10-19 14:21:00,57.4 Mb/s
2024-10-19 14:21:30,69.6 Mb/s
2024-10-19 14:22:00,58.3 Mb/s
2024-10-19 14:22:30,109 Mb/s
2024-10-19 14:23:00,82.8 Mb/s
2024-10-19 14:23:30,25.7 Mb/s
2024-10-19 14:24:00,4.66 Mb/s
2024-10-19 14:24:30,2.73 Mb/s
2024-10-19 14:25:00,13.9 Mb/s
2024-10-19 14:25:30,39.8 Mb/s
2024-10-19 14:26:00,60.0 Mb/s
2024-10-19 14:26:30,51.0 Mb/s
2024-10-19 14:27:00,58.2 Mb/s
2024-10-19 14:27:30,58.4 Mb/s
2024-10-19 14:28:00,35.9 Mb/s
2024-10-19 14:28:30,2.34 Mb/s
2024-10-19 14:29:00,51.2 Mb/s
2024-10-19 14:29:30,53.9 Mb/s
2024-10-19 14:30:00,133 Mb/s
2024-10-19 14:30:30,153 Mb/s
2024-10-19 14:31:00,131 Mb/s
2024-10-19 14:31:30,87.0 Mb/s
2024-10-19 14:32:00,97.4 Mb/s
2024-10-19 14:32:30,97.3 Mb/s
2024-10-19 14:33:00,214 Mb/s
2024-10-19 14:33:30,38.5 Mb/s
2024-10-19 14:34:00,68.2 Mb/s
2024-10-19 14:34:30,67.2 Mb/s
2024-10-19 14:35:00,95.7 Mb/s
2024-10-19 14:35:30,36.1 Mb/s
2024-10-19 14:36:00,7.92 kb/s
2024-10-19 14:36:30,8.89 kb/s
2024-10-19 14:37:30,8.11 kb/s
2024-10-19 14:38:00,8.75 kb/s
2024-10-19 14:38:30,8.38 kb/s
2024-10-19 14:39:00,7.38 Mb/s
2024-10-19 14:39:30,10.5 Mb/s
2024-10-19 14:40:00,10.6 Mb/s
2024-10-19 14:40:30,9.71 Mb/s
2024-10-19 14:41:00,24.5 Mb/s
2024-10-19 14:41:30,69.2 Mb/s
2024-10-19 14:42:00,41.8 Mb/s
2024-10-19 14:42:30,15.0 Mb/s
2024-10-19 14:43:00,56.2 Mb/s
2024-10-19 14:43:30,56.2 Mb/s
2024-10-19 14:44:00,40.0 Mb/s
2024-10-19 14:44:30,8.69 kb/s
2024-10-19 14:45:30,171 Mb/s
2024-10-19 14:46:00,12.3 Mb/s
2024-10-19 14:46:30,27.5 Mb/s
2024-10-19 14:47:00,119 Mb/s
2024-10-19 14:47:30,118 Mb/s
2024-10-19 14:48:00,123 Mb/s
2024-10-19 14:48:30,65.4 Mb/s
2024-10-19 14:49:30,23.0 Mb/s
2024-10-19 14:50:00,101 Mb/s
2024-10-19 14:50:30,95.7 Mb/s
2024-10-19 14:51:00,49.9 Mb/s
2024-10-19 14:51:30,8.84 Mb/s
2024-10-19 14:52:00,12.0 Mb/s
2024-10-19 14:52:30,15.3 Mb/s
2024-10-19 14:53:00,35.2 Mb/s
2024-10-19 14:53:30,32.3 Mb/s
2024-10-19 14:54:00,32.4 Mb/s
2024-10-19 14:54:30,48.1 Mb/s
2024-10-19 14:55:00,49.0 Mb/s
2024-10-19 14:55:30,93.3 Mb/s
2024-10-19 14:56:00,379 kb/s
2024-10-19 14:56:30,392 kb/s
2024-10-19 14:57:00,339 kb/s
2024-10-19 14:57:30,6.81 Mb/s
2024-10-19 14:58:00,8.67 Mb/s
2024-10-19 14:58:30,9.02 Mb/s
2024-10-19 14:59:00,8.61 Mb/s
2024-10-19 14:59:30,1.56 Mb/s
2024-10-19 15:00:00,7.64 kb/s
2024-10-19 15:00:30,10.3 kb/s
2024-10-19 15:01:00,10.3 kb/s
2024-10-19 15:01:30,9.33 Mb/s
2024-10-19 15:02:00,35.4 Mb/s
2024-10-19 15:02:30,68.8 Mb/s
2024-10-19 15:03:00,105 Mb/s
2024-10-19 15:03:30,87.7 Mb/s
2024-10-19 15:04:00,15.6 Mb/s
2024-10-19 15:04:30,8.75 kb/s
2024-10-19 15:05:00,8.80 kb/s
2024-10-19 15:05:30,16.9 Mb/s
2024-10-19 15:06:00,36.4 Mb/s
2024-10-19 15:06:30,19.9 Mb/s
2024-10-19 15:07:00,28.3 Mb/s
2024-10-19 15:07:30,31.9 Mb/s
2024-10-19 15:08:00,53.7 Mb/s
2024-10-19 15:08:30,70.9 Mb/s
2024-10-19 15:09:00,20.3 Mb/s
2024-10-19 15:09:30,1.09 Mb/s
2024-10-19 15:10:00,155 kb/s
2024-10-19 15:10:30,8.62 Mb/s
2024-10-19 15:11:00,64.9 Mb/s
2024-10-19 15:11:30,160 Mb/s
2024-10-19 15:12:00,169 Mb/s
2024-10-19 15:12:30,135 Mb/s
2024-10-19 15:13:00,7.65 Mb/s
2024-10-19 15:13:30,1.09 Mb/s
2024-10-19 15:14:00,1.09 Mb/s
2024-10-19 15:14:30,979 kb/s
2024-10-19 15:15:00,500 kb/s
2024-10-19 15:15:30,599 kb/s
2024-10-19 15:16:00,12.9 Mb/s
2024-10-19 15:16:30,41.7 Mb/s
2024-10-19 15:17:00,41.8 Mb/s
2024-10-19 15:17:30,26.8 Mb/s
2024-10-19 15:18:00,89.3 Mb/s
2024-10-19 15:18:30,121 Mb/s
2024-10-19 15:19:00,124 Mb/s
2024-10-19 15:19:30,42.1 Mb/s
2024-10-19 15:20:00,7.22 Mb/s
2024-10-19 15:20:30,28.0 Mb/s
2024-10-19 15:21:00,21.7 Mb/s
2024-10-19 15:21:30,14.2 Mb/s
2024-10-19 15:22:00,10.7 Mb/s
2024-10-19 15:22:30,10.6 Mb/s
2024-10-19 15:23:00,1.06 Mb/s
2024-10-19 15:23:30,29.1 Mb/s
2024-10-19 15:24:00,118 Mb/s
2024-10-19 15:24:30,127 Mb/s
2024-10-19 15:25:00,108 Mb/s
2024-10-19 15:25:30,8.83 Mb/s
2024-10-19 15:26:00,9.56 kb/s
2024-10-19 15:26:30,8.96 kb/s
2024-10-19 15:27:00,297 kb/s
2024-10-19 15:27:30,29.1 Mb/s
2024-10-19 15:28:00,14.4 Mb/s
2024-10-19 15:28:30,3.51 Mb/s
2024-10-19 15:29:00,4.97 Mb/s
2024-10-19 15:29:30,4.04 Mb/s
2024-10-19 15:30:00,9.77 Mb/s
2024-10-19 15:30:30,9.71 Mb/s
2024-10-19 15:31:00,40.4 Mb/s
2024-10-19 15:31:30,98.3 Mb/s
2024-10-19 15:32:00,121 Mb/s
2024-10-19 15:32:30,139 Mb/s
2024-10-19 15:33:00,201 Mb/s
2024-10-19 15:33:30,53.6 Mb/s
2024-10-19 15:34:00,79.4 Mb/s
2024-10-19 15:34:30,115 Mb/s
2024-10-19 15:35:00,111 Mb/s
2024-10-19 15:35:30,41.0 Mb/s
2024-10-19 15:36:00,61.4 Mb/s
2024-10-19 15:36:30,73.8 Mb/s
2024-10-19 15:37:00,164 Mb/s
2024-10-19 15:37:30,151 Mb/s
2024-10-19 15:38:00,32.6 Mb/s
2024-10-19 15:38:30,8.23 kb/s
2024-10-19 15:39:00,8.63 kb/s
2024-10-19 15:39:30,8.16 kb/s
2024-10-19 15:40:00,8.31 kb/s
2024-10-19 15:40:30,41.3 Mb/s
2024-10-19 15:41:00,102 Mb/s
2024-10-19 15:41:30,102 Mb/s
2024-10-19 15:42:00,102 Mb/s
2024-10-19 15:42:30,41.8 Mb/s
2024-10-19 15:43:00,303 kb/s
2024-10-19 15:43:30,9.78 kb/s
2024-10-19 15:44:00,9.59 kb/s
2024-10-19 15:44:30,8.87 kb/s
2024-10-19 15:45:30,92.1 kb/s
2024-10-19 15:46:00,83.3 kb/s
2024-10-19 15:46:30,6.68 Mb/s
2024-10-19 15:47:00,15.8 Mb/s
2024-10-19 15:47:30,12.9 Mb/s
2024-10-19 15:48:00,78.7 kb/s
2024-10-19 15:48:30,17.7 kb/s
2024-10-19 15:49:30,14.2 Mb/s
2024-10-19 15:50:00,35.0 Mb/s
2024-10-19 15:50:30,53.9 Mb/s
2024-10-19 15:51:00,42.7 Mb/s
2024-10-19 15:51:30,39.3 Mb/s
2024-10-19 15:52:00,14.3 Mb/s
2024-10-19 15:52:30,8.80 kb/s
2024-10-19 15:53:00,11.7 kb/s
2024-10-19 15:53:30,94.4 kb/s
2024-10-19 15:54:00,25.3 Mb/s
2024-10-19 15:54:30,96.4 Mb/s
2024-10-19 15:55:00,99.9 Mb/s
2024-10-19 15:55:30,104 Mb/s
2024-10-19 15:56:00,45.1 Mb/s
2024-10-19 15:56:30,10.5 kb/s
2024-10-19 15:57:30,130 Mb/s
2024-10-19 15:58:00,138 Mb/s
2024-10-19 15:58:30,200 Mb/s
2024-10-19 15:59:00,120 Mb/s
2024-10-19 15:59:30,115 Mb/s
2024-10-19 16:00:00,27.6 Mb/s
2024-10-19 16:00:30,9.82 kb/s
2024-10-19 16:01:00,9.22 Mb/s
2024-10-19 16:01:30,9.62 Mb/s
2024-10-19 16:02:00,3.50 Mb/s
2024-10-19 16:02:30,8.71 kb/s
2024-10-19 16:03:00,7.87 kb/s
2024-10-19 16:03:30,15.0 Mb/s
2024-10-19 16:04:00,74.1 Mb/s
2024-10-19 16:04:30,112 Mb/s
2024-10-19 16:05:00,129 Mb/s
2024-10-19 16:05:30,97.3 Mb/s
2024-10-19 16:06:00,78.7 Mb/s
2024-10-19 16:06:30,64.5 Mb/s
2024-10-19 16:07:00,785 kb/s
2024-10-19 16:07:30,160 kb/s
2024-10-19 16:08:00,180 kb/s
2024-10-19 16:08:30,498 kb/s
2024-10-19 16:09:30,9.62 Mb/s
2024-10-19 16:10:00,6.91 Mb/s
2024-10-19 16:10:30,7.44 Mb/s
2024-10-19 16:11:00,7.30 Mb/s
2024-10-19 16:11:30,5.24 Mb/s
2024-10-19 16:12:00,60.7 Mb/s
2024-10-19 16:12:30,61.6 Mb/s
2024-10-19 16:13:30,2.21 Mb/s
2024-10-19 16:14:00,300 kb/s
2024-10-19 16:14:30,152 kb/s
2024-10-19 16:15:00,54.8 Mb/s
2024-10-19 16:15:30,42.7 Mb/s
2024-10-19 16:16:00,4.29 Mb/s
2024-10-19 16:16:30,55.1 Mb/s
2024-10-19 16:17:00,71.4 Mb/s
2024-10-19 16:17:30,59.3 Mb/s
2024-10-19 16:18:00,42.0 Mb/s
2024-10-19 16:18:30,103 Mb/s
2024-10-19 16:19:00,22.0 Mb/s
2024-10-19 16:19:30,33.3 Mb/s
2024-10-19 16:20:00,66.3 Mb/s
2024-10-19 16:20:30,71.9 Mb/s
2024-10-19 16:21:00,79.4 Mb/s
2024-10-19 16:21:30,76.4 Mb/s
2024-10-19 16:22:00,283 kb/s
2024-10-19 16:22:30,4.66 Mb/s
2024-10-19 16:23:00,44.2 Mb/s
2024-10-19 16:23:30,38.0 Mb/s
2024-10-19 16:24:00,35.1 Mb/s
2024-10-19 16:24:30,649 kb/s
2024-10-19 16:25:30,188 Mb/s
2024-10-19 16:26:00,65.2 Mb/s
2024-10-19 16:26:30,85.6 Mb/s
2024-10-19 16:27:00,47.4 Mb/s
2024-10-19 16:27:30,6.74 Mb/s
2024-10-19 16:28:00,10.8 Mb/s
2024-10-19 16:28:30,95.2 Mb/s
2024-10-19 16:29:30,116 Mb/s
2024-10-19 16:30:00,21.8 Mb/s
2024-10-19 16:30:30,64.5 Mb/s
2024-10-19 16:31:00,149 Mb/s
2024-10-19 16:31:30,192 Mb/s
2024-10-19 16:32:00,149 Mb/s
2024-10-19 16:32:30,77.4 Mb/s
2024-10-19 16:33:30,884 kb/s
2024-10-19 16:34:00,705 kb/s
2024-10-19 16:34:30,125 kb/s
2024-10-19 16:35:00,6.43 Mb/s
2024-10-19 16:35:30,24.8 Mb/s
2024-10-19 16:36:00,271 kb/s
2024-10-19 16:36:30,179 kb/s
2024-10-19 16:37:00,520 kb/s
2024-10-19 16:37:30,584 kb/s
2024-10-19 16:38:00,9.29 kb/s
2024-10-19 16:38:30,60.0 Mb/s
2024-10-19 16:39:00,10.7 kb/s
2024-10-19 16:39:30,9.33 kb/s
2024-10-19 16:40:00,253 kb/s
2024-10-19 16:40:30,16.2 Mb/s
2024-10-19 16:41:00,90.9 Mb/s
2024-10-19 16:41:30,85.5 Mb/s
2024-10-19 16:42:00,86.2 Mb/s
2024-10-19 16:42:30,91.8 Mb/s
2024-10-19 16:43:00,79.3 Mb/s
2024-10-19 16:43:30,102 Mb/s
2024-10-19 16:44:00,105 Mb/s
2024-10-19 16:44:30,95.3 Mb/s
2024-10-19 16:45:30,9.42 kb/s
2024-10-19 16:46:00,9.01 kb/s
2024-10-19 16:46:30,3.10 Mb/s
2024-10-19 16:47:00,29.3 Mb/s
2024-10-19 16:47:30,25.5 Mb/s
2024-10-19 16:48:00,49.4 Mb/s
2024-10-19 16:48:30,54.9 Mb/s
2024-10-19 16:49:00,87.6 Mb/s
2024-10-19 16:49:30,38.4 Mb/s
2024-10-19 16:50:00,64.0 Mb/s
2024-10-19 16:50:30,8.89 kb/s
2024-10-19 16:51:00,72.8 Mb/s
2024-10-19 16:51:30,82.6 Mb/s
2024-10-19 16:52:00,48.7 Mb/s
2024-10-19 16:52:30,79.5 Mb/s
2024-10-19 16:53:00,4.50 Mb/s
2024-10-19 16:53:30,4.64 Mb/s
2024-10-19 16:54:00,34.2 Mb/s
2024-10-19 16:54:30,80.0 Mb/s
2024-10-19 16:55:00,79.1 Mb/s
2024-10-19 16:55:30,96.0 Mb/s
2024-10-19 16:56:00,59.5 Mb/s
2024-10-19 16:56:30,43.1 Mb/s
2024-10-19 16:57:00,43.3 Mb/s
2024-10-19 16:57:30,51.0 Mb/s
2024-10-19 16:58:00,43.2 Mb/s
2024-10-19 16:58:30,96.7 Mb/s
2024-10-19 16:59:00,121 Mb/s
2024-10-19 16:59:30,130 Mb/s
2024-10-19 17:00:00,85.5 Mb/s
2024-10-19 17:00:30,12.8 Mb/s
2024-10-19 17:01:00,16.4 Mb/s
2024-10-19 17:01:30,54.4 Mb/s
2024-10-19 17:02:00,39.2 Mb/s
2024-10-19 17:02:30,43.3 Mb/s
2024-10-19 17:03:00,13.0 Mb/s
2024-10-19 17:03:30,14.2 kb/s
2024-10-19 17:04:00,8.70 kb/s
2024-10-19 17:04:30,43.6 Mb/s
2024-10-19 17:05:00,13.5 Mb/s
2024-10-19 17:05:30,7.51 kb/s
2024-10-19 17:06:00,238 kb/s
2024-10-19 17:06:30,456 kb/s
2024-10-19 17:07:00,473 kb/s
2024-10-19 17:07:30,14.6 Mb/s
2024-10-19 17:08:00,47.5 Mb/s
2024-10-19 17:08:30,47.4 Mb/s
2024-10-19 17:09:00,7.24 Mb/s
2024-10-19 17:09:30,56.1 Mb/s
2024-10-19 17:10:00,58.1 Mb/s
2024-10-19 17:10:30,34.0 Mb/s
2024-10-19 17:11:00,19.1 Mb/s
2024-10-19 17:11:30,8.05 kb/s
2024-10-19 17:12:00,27.5 kb/s
2024-10-19 17:12:30,56.3 kb/s
2024-10-19 17:13:00,69.2 Mb/s
2024-10-19 17:13:30,75.0 Mb/s
2024-10-19 17:14:00,22.6 Mb/s
2024-10-19 17:14:30,10.4 Mb/s
2024-10-19 17:15:00,10.4 Mb/s
2024-10-19 17:15:30,35.7 Mb/s
2024-10-19 17:16:00,61.4 Mb/s
2024-10-19 17:16:30,61.2 Mb/s
2024-10-19 17:17:00,135 Mb/s
2024-10-19 17:17:30,107 Mb/s
2024-10-19 17:18:00,6.30 Mb/s
2024-10-19 17:18:30,29.8 Mb/s
2024-10-19 17:19:00,27.3 Mb/s
2024-10-19 17:19:30,8.80 kb/s
2024-10-19 17:20:00,60.5 Mb/s
2024-10-19 17:20:30,88.6 Mb/s
2024-10-19 17:21:00,88.7 Mb/s
2024-10-19 17:21:30,65.5 Mb/s
2024-10-19 17:22:00,514 kb/s
2024-10-19 17:22:30,47.8 kb/s
2024-10-19 17:23:00,9.05 kb/s
2024-10-19 17:23:30,9.73 kb/s
2024-10-19 17:24:00,35.3 Mb/s
2024-10-19 17:24:30,82.4 Mb/s
2024-10-19 17:25:30,39.4 Mb/s
2024-10-19 17:26:00,5.66 Mb/s
2024-10-19 17:26:30,8.90 kb/s
2024-10-19 17:27:00,9.09 kb/s
2024-10-19 17:27:30,14.4 Mb/s
2024-10-19 17:28:00,16.7 Mb/s
2024-10-19 17:28:30,16.7 Mb/s
2024-10-19 17:29:30,10.6 Mb/s
2024-10-19 17:30:00,10.9 Mb/s
2024-10-19 17:30:30,11.2 Mb/s
2024-10-19 17:31:00,11.4 Mb/s
2024-10-19 17:31:30,10.8 Mb/s
2024-10-19 17:32:00,10.8 Mb/s
2024-10-19 17:32:30,7.60 Mb/s
2024-10-19 17:33:00,13.9 Mb/s
2024-10-19 17:33:30,45.8 Mb/s
2024-10-19 17:34:00,72.8 Mb/s
2024-10-19 17:34:30,68.4 Mb/s
2024-10-19 17:35:00,16.1 Mb/s
2024-10-19 17:35:30,77.0 Mb/s
2024-10-19 17:36:00,129 Mb/s
2024-10-19 17:36:30,113 Mb/s
2024-10-19 17:37:30,66.3 Mb/s
2024-10-19 17:38:00,57.7 Mb/s
2024-10-19 17:38:30,42.5 Mb/s
2024-10-19 17:39:00,9.47 Mb/s
2024-10-19 17:39:30,8.42 Mb/s
2024-10-19 17:40:00,15.1 Mb/s
2024-10-19 17:40:30,14.6 Mb/s
2024-10-19 17:41:30,83.5 Mb/s
2024-10-19 17:42:00,30.6 Mb/s
2024-10-19 17:42:30,8.41 kb/s
2024-10-19 17:43:00,8.82 kb/s
2024-10-19 17:43:30,15.5 Mb/s
2024-10-19 17:44:00,112 Mb/s
2024-10-19 17:44:30,87.9 Mb/s
2024-10-19 17:45:30,25.6 Mb/s
2024-10-19 17:46:00,45.0 Mb/s
2024-10-19 17:46:30,2.78 Mb/s
2024-10-19 17:47:00,2.43 Mb/s
2024-10-19 17:47:30,2.30 Mb/s
2024-10-19 17:48:00,2.31 Mb/s
2024-10-19 17:48:30,2.54 Mb/s
2024-10-19 17:49:00,375 kb/s
2024-10-19 17:49:30,199 kb/s
2024-10-19 17:50:00,727 kb/s
2024-10-19 17:50:30,35.5 Mb/s
2024-10-19 17:51:00,85.3 Mb/s
2024-10-19 17:51:30,56.3 Mb/s
2024-10-19 17:52:00,48.5 Mb/s
2024-10-19 17:52:30,51.5 kb/s
2024-10-19 17:53:00,412 kb/s
2024-10-19 17:53:30,153 kb/s
2024-10-19 17:54:00,95.5 kb/s
2024-10-19 17:54:30,26.0 Mb/s
2024-10-19 17:55:00,53.8 Mb/s
2024-10-19 17:55:30,53.7 Mb/s
2024-10-19 17:56:00,53.3 Mb/s
2024-10-19 17:56:30,35.8 Mb/s
2024-10-19 17:57:00,32.6 Mb/s
2024-10-19 17:57:30,32.8 Mb/s
2024-10-19 17:58:00,32.7 Mb/s
2024-10-19 17:58:30,37.4 Mb/s
2024-10-19 17:59:00,122 Mb/s
2024-10-19 17:59:30,147 Mb/s
2024-10-19 18:00:00,125 Mb/s
2024-10-19 18:00:30,97.4 Mb/s
2024-10-19 18:01:30,386 kb/s
2024-10-19 18:02:00,31.3 Mb/s
2024-10-19 18:02:30,42.2 Mb/s
2024-10-19 18:03:00,47.8 Mb/s
2024-10-19 18:03:30,49.7 Mb/s
2024-10-19 18:04:00,8.18 Mb/s
2024-10-19 18:04:30,47.0 kb/s
2024-10-19 18:05:30,55.8 Mb/s
2024-10-19 18:06:00,32.4 Mb/s
2024-10-19 18:06:30,122 kb/s
2024-10-19 18:07:00,4.55 Mb/s
2024-10-19 18:07:30,23.7 Mb/s
2024-10-19 18:08:00,20.3 Mb/s
2024-10-19 18:08:30,20.6 Mb/s
2024-10-19 18:09:00,65.5 Mb/s
2024-10-19 18:09:30,78.5 Mb/s
2024-10-19 18:10:00,82.9 Mb/s
2024-10-19 18:10:30,40.3 Mb/s
2024-10-19 18:11:00,63.3 kb/s
2024-10-19 18:11:30,35.5 Mb/s
2024-10-19 18:12:00,80.1 Mb/s
2024-10-19 18:12:30,72.8 Mb/s
2024-10-19 18:13:00,627 kb/s
2024-10-19 18:13:30,80.5 Mb/s
2024-10-19 18:14:00,80.2 Mb/s
2024-10-19 18:14:30,128 Mb/s
2024-10-19 18:15:00,134 Mb/s
2024-10-19 18:15:30,53.2 Mb/s
2024-10-19 18:16:00,34.9 Mb/s
2024-10-19 18:16:30,64.6 Mb/s
2024-10-19 18:17:00,75.3 Mb/s
2024-10-19 18:17:30,75.4 Mb/s
2024-10-19 18:18:00,26.4 Mb/s
2024-10-19 18:18:30,65.2 Mb/s
2024-10-19 18:19:00,64.8 Mb/s
2024-10-19 18:19:30,61.1 Mb/s
2024-10-19 18:20:00,8.01 kb/s
2024-10-19 18:20:30,8.14 kb/s
2024-10-19 18:21:00,483 kb/s
2024-10-19 18:21:30,523 kb/s
2024-10-19 18:22:00,2.63 Mb/s
2024-10-19 18:22:30,22.0 Mb/s
2024-10-19 18:23:00,45.8 Mb/s
2024-10-19 18:23:30,57.3 Mb/s
2024-10-19 18:24:00,39.3 Mb/s
2024-10-19 18:24:30,33.1 Mb/s
2024-10-19 18:25:00,51.0 Mb/s
2024-10-19 18:25:30,77.6 Mb/s
2024-10-19 18:26:00,95.6 Mb/s
2024-10-19 18:26:30,16.8 Mb/s
2024-10-19 18:27:00,14.2 Mb/s
2024-10-19 18:27:30,31.7 Mb/s
2024-10-19 18:28:00,6.79 Mb/s
2024-10-19 18:28:30,94.9 Mb/s
2024-10-19 18:29:30,69.3 Mb/s
2024-10-19 18:30:00,11.6 Mb/s
2024-10-19 18:30:30,14.6 Mb/s
2024-10-19 18:31:00,79.7 Mb/s
2024-10-19 18:31:30,81.8 Mb/s
2024-10-19 18:32:00,29.2 Mb/s
2024-10-19 18:32:30,8.91 kb/s
2024-10-19 18:33:30,40.7 Mb/s
2024-10-19 18:34:00,7.40 Mb/s
2024-10-19 18:34:30,420 kb/s
2024-10-19 18:35:00,71.5 Mb/s
2024-10-19 18:35:30,119 Mb/s
2024-10-19 18:36:00,99.0 Mb/s
2024-10-19 18:36:30,138 Mb/s
2024-10-19 18:37:00,82.8 Mb/s
2024-10-19 18:37:30,26.9 Mb/s
2024-10-19 18:38:00,193 kb/s
2024-10-19 18:38:30,9.17 kb/s
2024-10-19 18:39:00,8.74 kb/s
2024-10-19 18:39:30,7.69 kb/s
2024-10-19 18:40:00,570 kb/s
2024-10-19 18:40:30,135 kb/s
2024-10-19 18:41:00,8.58 Mb/s
2024-10-19 18:41:30,10.8 Mb/s
2024-10-19 18:42:00,11.3 Mb/s
2024-10-19 18:42:30,52.7 Mb/s
2024-10-19 18:43:00,116 Mb/s
2024-10-19 18:43:30,111 Mb/s
2024-10-19 18:44:00,96.3 Mb/s
2024-10-19 18:44:30,88.9 Mb/s
2024-10-19 18:45:30,59.5 Mb/s
2024-10-19 18:46:00,113 Mb/s
2024-10-19 18:46:30,108 Mb/s
2024-10-19 18:47:00,28.4 Mb/s
2024-10-19 18:47:30,16.5 Mb/s
2024-10-19 18:48:00,23.6 Mb/s
2024-10-19 18:48:30,149 Mb/s
2024-10-19 18:49:00,9.59 Mb/s
2024-10-19 18:49:30,27.9 Mb/s
2024-10-19 18:50:00,75.8 Mb/s
2024-10-19 18:50:30,29.0 Mb/s
2024-10-19 18:51:00,83.5 Mb/s
2024-10-19 18:51:30,82.7 Mb/s
2024-10-19 18:52:00,112 Mb/s
2024-10-19 18:52:30,192 Mb/s
2024-10-19 18:53:00,161 Mb/s
2024-10-19 18:53:30,83.1 Mb/s
2024-10-19 18:54:00,757 kb/s
2024-10-19 18:54:30,516 kb/s
2024-10-19 18:55:00,178 kb/s
2024-10-19 18:55:30,8.48 kb/s
2024-10-19 18:56:00,1.33 Mb/s
2024-10-19 18:56:30,7.04 Mb/s
2024-10-19 18:57:30,110 Mb/s
2024-10-19 18:58:00,69.7 Mb/s
2024-10-19 18:58:30,53.8 Mb/s
2024-10-19 18:59:00,877 kb/s
2024-10-19 18:59:30,10.6 Mb/s
2024-10-19 19:00:00,34.4 Mb/s
2024-10-19 19:00:30,9.50 kb/s
2024-10-19 19:01:00,7.37 kb/s
2024-10-19 19:01:30,436 kb/s
2024-10-19 19:02:00,426 kb/s
2024-10-19 19:02:30,110 kb/s
2024-10-19 19:03:00,8.01 kb/s
2024-10-19 19:03:30,9.80 Mb/s
2024-10-19 19:04:00,118 Mb/s
2024-10-19 19:04:30,119 Mb/s
2024-10-19 19:05:00,11.2 Mb/s
2024-10-19 19:05:30,16.4 Mb/s
2024-10-19 19:06:00,72.2 Mb/s
2024-10-19 19:06:30,158 Mb/s
2024-10-19 19:07:00,168 Mb/s
2024-10-19 19:07:30,68.4 Mb/s
2024-10-19 19:08:00,57.7 Mb/s
2024-10-19 19:08:30,96.1 Mb/s
2024-10-19 19:09:00,36.4 Mb/s
2024-10-19 19:09:30,6.71 Mb/s
2024-10-19 19:10:00,8.52 kb/s
2024-10-19 19:10:30,13.3 Mb/s
2024-10-19 19:11:00,39.1 Mb/s
2024-10-19 19:11:30,114 Mb/s
2024-10-19 19:12:00,124 Mb/s
2024-10-19 19:12:30,37.0 Mb/s
2024-10-19 19:13:00,13.1 Mb/s
2024-10-19 19:13:30,12.6 Mb/s
2024-10-19 19:14:00,11.1 Mb/s
2024-10-19 19:14:30,53.0 Mb/s
2024-10-19 19:15:00,57.4 Mb/s
2024-10-19 19:15:30,33.4 Mb/s
2024-10-19 19:16:00,76.1 Mb/s
2024-10-19 19:16:30,76.2 Mb/s
2024-10-19 19:17:30,91.2 Mb/s
2024-10-19 19:18:00,128 Mb/s
2024-10-19 19:18:30,149 Mb/s
2024-10-19 19:19:00,35.7 Mb/s
2024-10-19 19:19:30,72.9 Mb/s
2024-10-19 19:20:00,54.4 Mb/s
2024-10-19 19:20:30,52.6 Mb/s
2024-10-19 19:21:30,17.2 Mb/s
2024-10-19 19:22:00,10.9 Mb/s
2024-10-19 19:22:30,3.63 Mb/s
2024-10-19 19:23:00,8.41 kb/s
2024-10-19 19:23:30,8.77 kb/s
2024-10-19 19:24:00,46.3 Mb/s
2024-10-19 19:24:30,54.0 Mb/s
2024-10-19 19:25:30,53.4 Mb/s
2024-10-19 19:26:00,55.1 Mb/s
2024-10-19 19:26:30,55.2 Mb/s
2024-10-19 19:27:00,77.0 Mb/s
2024-10-19 19:27:30,47.4 Mb/s
2024-10-19 19:28:00,39.8 Mb/s
2024-10-19 19:28:30,19.7 Mb/s
2024-10-19 19:29:30,20.1 Mb/s
2024-10-19 19:30:00,12.2 Mb/s
2024-10-19 19:30:30,46.8 Mb/s
2024-10-19 19:31:00,46.8 Mb/s
2024-10-19 19:31:30,47.1 Mb/s
2024-10-19 19:32:00,20.3 Mb/s
2024-10-19 19:32:30,105 Mb/s
2024-10-19 19:33:30,97.5 Mb/s
2024-10-19 19:34:00,88.7 kb/s
2024-10-19 19:34:30,81.9 Mb/s
2024-10-19 19:35:00,99.1 Mb/s
2024-10-19 19:35:30,98.7 Mb/s
2024-10-19 19:36:00,92.5 Mb/s
2024-10-19 19:36:30,32.9 kb/s
2024-10-19 19:37:30,103 Mb/s
2024-10-19 19:38:00,81.9 Mb/s
2024-10-19 19:38:30,10.1 Mb/s
2024-10-19 19:39:00,23.1 Mb/s
2024-10-19 19:39:30,15.2 Mb/s
2024-10-19 19:40:00,9.32 kb/s
2024-10-19 19:40:30,8.12 kb/s
2024-10-19 19:41:30,77.3 Mb/s
2024-10-19 19:42:00,14.2 Mb/s
2024-10-19 19:42:30,7.88 kb/s
2024-10-19 19:43:00,10.1 kb/s
2024-10-19 19:43:30,319 kb/s
2024-10-19 19:44:00,3.87 Mb/s
2024-10-19 19:44:30,50.3 Mb/s
2024-10-19 19:45:30,122 Mb/s
2024-10-19 19:46:00,23.9 Mb/s
2024-10-19 19:46:30,590 kb/s
2024-10-19 19:47:00,2.57 Mb/s
2024-10-19 19:47:30,76.4 Mb/s
2024-10-19 19:48:00,105 Mb/s
2024-10-19 19:48:30,84.5 Mb/s
2024-10-19 19:49:30,41.4 Mb/s
2024-10-19 19:50:00,31.6 Mb/s
2024-10-19 19:50:30,583 kb/s
2024-10-19 19:51:00,743 kb/s
2024-10-19 19:51:30,36.8 Mb/s
2024-10-19 19:52:00,68.2 Mb/s
2024-10-19 19:52:30,6.48 Mb/s
2024-10-19 19:53:00,32.8 Mb/s
2024-10-19 19:53:30,37.5 Mb/s
2024-10-19 19:54:00,94.2 Mb/s
2024-10-19 19:54:30,41.9 Mb/s
2024-10-19 19:55:00,91.6 Mb/s
2024-10-19 19:55:30,98.3 Mb/s
2024-10-19 19:56:00,79.1 Mb/s
2024-10-19 19:56:30,9.66 Mb/s
2024-10-19 19:57:30,100.0 Mb/s
2024-10-19 19:58:00,51.4 Mb/s
2024-10-19 19:58:30,89.6 Mb/s
2024-10-19 19:59:00,109 Mb/s
2024-10-19 19:59:30,87.6 Mb/s
2024-10-19 20:00:00,87.6 Mb/s
2024-10-19 20:00:30,46.3 Mb/s
2024-10-19 20:01:30,63.9 Mb/s
2024-10-19 20:02:00,335 kb/s
2024-10-19 20:02:30,1.42 Mb/s
2024-10-19 20:03:00,18.0 Mb/s
2024-10-19 20:03:30,17.7 Mb/s
2024-10-19 20:04:00,12.2 Mb/s
2024-10-19 20:04:30,86.2 Mb/s
2024-10-19 20:05:00,67.1 Mb/s
2024-10-19 20:05:30,36.3 Mb/s
2024-10-19 20:06:00,75.6 Mb/s
2024-10-19 20:06:30,17.5 Mb/s
2024-10-19 20:07:00,22.2 kb/s
2024-10-19 20:07:30,9.79 kb/s
2024-10-19 20:08:00,10.1 Mb/s
2024-10-19 20:08:30,108 Mb/s
2024-10-19 20:09:30,148 Mb/s
2024-10-19 20:10:00,121 Mb/s
2024-10-19 20:10:30,61.6 Mb/s
2024-10-19 20:11:00,108 Mb/s
2024-10-19 20:11:30,69.9 Mb/s
2024-10-19 20:12:00,43.0 Mb/s
2024-10-19 20:12:30,33.6 Mb/s
2024-10-19 20:13:00,97.1 Mb/s
2024-10-19 20:13:30,73.7 Mb/s
2024-10-19 20:14:00,88.0 Mb/s
2024-10-19 20:14:30,30.1 Mb/s
2024-10-19 20:15:00,2.09 Mb/s
2024-10-19 20:15:30,16.2 Mb/s
2024-10-19 20:16:00,7.94 Mb/s
2024-10-19 20:16:30,7.92 kb/s
2024-10-19 20:17:30,222 kb/s
2024-10-19 20:18:00,374 kb/s
2024-10-19 20:18:30,270 kb/s
2024-10-19 20:19:00,36.0 Mb/s
2024-10-19 20:19:30,120 Mb/s
2024-10-19 20:20:00,132 Mb/s
2024-10-19 20:20:30,97.8 Mb/s
2024-10-19 20:21:30,27.4 Mb/s
2024-10-19 20:21:59,7.39 kb/s