Date,BER1,Qfactor1,BER2,Qfactor2
26/12/2023 01:57,3.02E-10,15.83263158,0.000345211,10.61258491
26/12/2023 02:00,3.00E-10,15.83405797,0.000345283,10.61243869
26/12/2023 02:16,3.08E-10,15.8282963,0.000345219,10.61256866
26/12/2023 02:32,3.02E-10,15.83259259,0.000341065,10.62104836
26/12/2023 02:48,2.92E-10,15.84019417,0.000339877,10.62348959
26/12/2023 03:00,2.87E-10,15.84437956,0.000336943,10.62954987
26/12/2023 03:16,2.78E-10,15.85153285,0.000331952,10.63996269
26/12/2023 03:32,2.83E-10,15.84735294,0.000335694,10.63214333
26/12/2023 03:48,2.67E-10,15.86038835,0.000327193,10.65001611
26/12/2023 04:00,2.72E-10,15.85602941,0.00032628,10.65195902
26/12/2023 04:16,2.64E-10,15.86233577,0.000326284,10.6519505
26/12/2023 04:32,2.91E-10,15.84132353,0.000339745,10.62376128
26/12/2023 04:48,2.94E-10,15.83919192,0.000347126,10.60870481
26/12/2023 05:00,2.82E-10,15.84814815,0.000341286,10.62059503
26/12/2023 05:16,2.79E-10,15.85010989,0.000337046,10.62933636
26/12/2023 05:28,2.83E-10,15.84705882,0.000338421,10.62649143
26/12/2023 05:44,2.91E-10,15.8412766,0.000343974,10.61510099
26/12/2023 06:00,2.92E-10,15.84055556,0.0003414,10.62036128
26/12/2023 06:16,2.62E-10,15.86432432,0.000325838,10.65290128
26/12/2023 06:32,2.54E-10,15.87097222,0.000320295,10.6648111
26/12/2023 06:48,2.54E-10,15.87111111,0.000322795,10.65941802
26/12/2023 07:00,2.58E-10,15.86772414,0.000320058,10.66532421
26/12/2023 07:16,2.60E-10,15.86575342,0.000324785,10.65515046
26/12/2023 07:32,2.60E-10,15.86630137,0.000328918,10.64635776
26/12/2023 07:48,2.69E-10,15.85872727,0.000332123,10.63960373
26/12/2023 08:00,2.86E-10,15.84534247,0.000335915,10.63168384
26/12/2023 08:16,2.96E-10,15.83737931,0.000342707,10.61768607
26/12/2023 08:32,2.77E-10,15.85186207,0.000336103,10.63129317
26/12/2023 08:48,2.95E-10,15.83833333,0.000346152,10.61067601
26/12/2023 09:00,3.05E-10,15.83041096,0.000350918,10.6010749
26/12/2023 09:16,2.98E-10,15.83594595,0.000345953,10.61107933
26/12/2023 09:32,2.90E-10,15.84219178,0.000339993,10.6232509
26/12/2023 09:48,2.89E-10,15.84238532,0.000341865,10.61940851
26/12/2023 10:00,2.91E-10,15.8409589,0.000344059,10.61492785
26/12/2023 10:16,2.94E-10,15.83875,0.000343938,10.61517433
26/12/2023 10:32,2.71E-10,15.85657534,0.000334966,10.63365875
26/12/2023 10:48,2.58E-10,15.86733945,0.000320087,10.66526141
26/12/2023 11:00,2.56E-10,15.86917808,0.000318598,10.66849235
26/12/2023 11:16,2.64E-10,15.86251748,0.00032508,10.65451972
26/12/2023 11:32,2.75E-10,15.85356643,0.00033139,10.64114352
26/12/2023 11:48,2.76E-10,15.85295238,0.000333754,10.6361879
26/12/2023 12:00,2.87E-10,15.84385714,0.000340386,10.62244276
26/12/2023 12:16,2.97E-10,15.83628571,0.000344797,10.61342614
26/12/2023 12:32,2.87E-10,15.84431655,0.000342049,10.6190318
26/12/2023 12:48,2.97E-10,15.8367619,0.000342368,10.61837911
26/12/2023 13:00,2.89E-10,15.84265734,0.000343448,10.61617321
26/12/2023 13:16,2.96E-10,15.83746479,0.000344376,10.61428247
26/12/2023 13:32,2.92E-10,15.84041667,0.000339992,10.62325296
26/12/2023 13:48,2.91E-10,15.8412844,0.000335741,10.63204559
26/12/2023 14:00,2.79E-10,15.85028169,0.000334354,10.63493487
26/12/2023 14:16,2.79E-10,15.85007299,0.000336771,10.62990653
26/12/2023 14:32,2.79E-10,15.85013889,0.000336791,10.62986505
26/12/2023 14:48,2.87E-10,15.8440367,0.000335798,10.63192707
26/12/2023 15:00,2.78E-10,15.85115646,0.000332781,10.63822396
26/12/2023 15:16,2.67E-10,15.85971014,0.000327415,10.64954438
26/12/2023 15:32,2.60E-10,15.86608696,0.000326995,10.65043707
26/12/2023 15:48,2.63E-10,15.86333333,0.000325366,10.65390869
26/12/2023 16:00,2.62E-10,15.86386207,0.000324042,10.65674122
26/12/2023 16:16,2.69E-10,15.85832168,0.000332914,10.63794535
26/12/2023 16:32,2.67E-10,15.86041379,0.000325891,10.65278823
26/12/2023 16:48,2.66E-10,15.86109091,0.000331383,10.64115823
26/12/2023 17:00,2.98E-10,15.83572414,0.000344673,10.61367827
26/12/2023 17:16,2.87E-10,15.84455172,0.000338302,10.62673726
26/12/2023 17:32,2.93E-10,15.83944828,0.000340102,10.62302668
26/12/2023 17:48,2.91E-10,15.84091743,0.000341066,10.62104631
26/12/2023 18:00,2.93E-10,15.83944828,0.000344615,10.61379623
26/12/2023 18:16,2.69E-10,15.85848276,0.000330322,10.6433922
26/12/2023 18:32,2.97E-10,15.83646259,0.000344394,10.61424584
26/12/2023 18:48,3.00E-10,15.83449541,0.000341192,10.62078782
26/12/2023 19:00,3.13E-10,15.82490909,0.000351762,10.5993862
27/12/2023 01:34,2.72E-10,15.85588235,0.000331322,10.64128651
27/12/2023 01:50,2.57E-10,15.86809524,0.000318502,10.66870109
27/12/2023 02:00,2.85E-10,15.84567164,0.000335009,10.63356916
27/12/2023 02:16,2.83E-10,15.84735294,0.000338072,10.62721259
27/12/2023 02:32,2.89E-10,15.84238806,0.000336095,10.63130979
27/12/2023 02:48,2.82E-10,15.8484,0.000334532,10.63456351
27/12/2023 03:00,3.08E-10,15.82852941,0.000346138,10.61070438
27/12/2023 03:16,3.04E-10,15.83117647,0.000351594,10.59972206
27/12/2023 03:32,3.16E-10,15.82264706,0.000349127,10.60466982
27/12/2023 03:48,3.15E-10,15.82392157,0.000348974,10.60497765
27/12/2023 04:00,3.12E-10,15.82558824,0.000344694,10.61363556
27/12/2023 04:16,2.90E-10,15.84205882,0.000337778,10.6278206
27/12/2023 04:32,2.98E-10,15.83558824,0.000337773,10.62783094
27/12/2023 04:48,2.82E-10,15.84823529,0.000329832,10.64442597
27/12/2023 05:00,2.81E-10,15.84911765,0.000330383,10.6432636
27/12/2023 05:16,2.81E-10,15.84882353,0.000330127,10.64380345
27/12/2023 05:32,2.75E-10,15.85323529,0.000328971,10.64624562
27/12/2023 05:48,2.74E-10,15.85411765,0.00032541,10.65381473
27/12/2023 06:00,2.76E-10,15.85264706,0.000330977,10.64201236
27/12/2023 06:16,2.66E-10,15.86088235,0.000334297,10.63505383
27/12/2023 06:32,2.65E-10,15.86205882,0.000330352,10.64332896
27/12/2023 06:48,2.67E-10,15.86039216,0.000326455,10.65158625
27/12/2023 07:00,2.65E-10,15.86215385,0.000327307,10.64977383
27/12/2023 07:16,2.71E-10,15.85676471,0.000327708,10.64892219
27/12/2023 07:32,2.86E-10,15.84529412,0.000335998,10.63151134
27/12/2023 07:48,2.89E-10,15.8427451,0.000339066,10.62516028
27/12/2023 08:00,2.93E-10,15.83941176,0.000340497,10.62221465
27/12/2023 08:16,2.90E-10,15.84205882,0.000336917,10.62960377
27/12/2023 08:32,2.70E-10,15.85764706,0.000339879,10.62348547
27/12/2023 08:48,2.72E-10,15.85568627,0.000337347,10.62871274
27/12/2023 09:00,2.87E-10,15.84441176,0.000338965,10.62536858
27/12/2023 09:16,2.81E-10,15.84882353,0.000336703,10.63004758
27/12/2023 09:32,2.66E-10,15.86088235,0.000330658,10.64268409
27/12/2023 09:48,2.75E-10,15.85372549,0.000331286,10.64136222
27/12/2023 10:00,2.71E-10,15.85705882,0.000322547,10.65995142
27/12/2023 10:16,2.67E-10,15.8603125,0.000324496,10.65576884
27/12/2023 10:32,2.69E-10,15.85827586,0.000327333,10.64971859
27/12/2023 10:48,2.64E-10,15.8628,0.000327337,10.64971009
27/12/2023 11:00,2.84E-10,15.84626866,0.000332235,10.63936872
27/12/2023 11:16,2.74E-10,15.85428571,0.000329851,10.64438587
30/12/2023 18:23,2.61E-10,15.86514286,0.000329256,10.64564285
30/12/2023 18:39,2.84E-10,15.84648649,0.00032949,10.64514828
30/12/2023 18:55,2.85E-10,15.84608696,0.000330166,10.64372118
30/12/2023 19:00,2.94E-10,15.83891892,0.000331424,10.64107203
30/12/2023 19:16,2.73E-10,15.85513514,0.000332604,10.63859489
30/12/2023 19:32,2.94E-10,15.83918919,0.000332311,10.63920928
30/12/2023 19:48,2.73E-10,15.855,0.00033243,10.63895969
30/12/2023 20:00,2.81E-10,15.84918919,0.000333107,10.63754122
30/12/2023 20:16,2.74E-10,15.85446154,0.000334032,10.63560709
31/12/2023 01:15,2.76E-10,15.85258621,0.000330732,10.64252821
31/12/2023 01:31,2.68E-10,15.85913793,0.000326298,10.65192067
31/12/2023 01:47,2.84E-10,15.84666667,0.000331947,10.63997319
31/12/2023 02:00,2.92E-10,15.84064,0.000340901,10.62138494
31/12/2023 02:16,3.03E-10,15.83229508,0.000343833,10.61538827
31/12/2023 02:32,3.08E-10,15.8288,0.000350724,10.60146354
31/12/2023 02:48,3.11E-10,15.82610526,0.00034255,10.61800696
31/12/2023 03:00,2.81E-10,15.84866142,0.000331995,10.63987241
31/12/2023 03:16,2.72E-10,15.8559375,0.00032795,10.64840867
31/12/2023 03:32,2.73E-10,15.8553125,0.000331675,10.64054449
31/12/2023 03:48,2.73E-10,15.855,0.000332233,10.63937291
31/12/2023 04:00,2.70E-10,15.85795276,0.000329706,10.64469201
31/12/2023 04:16,2.59E-10,15.86697674,0.000323307,10.6583179
31/12/2023 04:32,2.53E-10,15.87171875,0.000315404,10.67546646
31/12/2023 04:48,2.47E-10,15.876875,0.000315242,10.67582179
31/12/2023 05:00,2.42E-10,15.8815625,0.000315576,10.67508937
31/12/2023 05:16,2.64E-10,15.86234375,0.000319687,10.6661281
31/12/2023 05:32,2.57E-10,15.86876923,0.000318894,10.66784904
31/12/2023 05:48,2.50E-10,15.87463918,0.000318382,10.6689621
31/12/2023 06:00,2.45E-10,15.87890625,0.000318818,10.66801417
31/12/2023 06:16,2.70E-10,15.85753846,0.000322269,10.66054977
31/12/2023 06:32,2.83E-10,15.84713178,0.000328406,10.6474419
31/12/2023 06:48,2.70E-10,15.85770833,0.000329321,10.64550544
31/12/2023 07:00,2.67E-10,15.86046512,0.000324521,10.65571532
31/12/2023 07:16,2.87E-10,15.84403101,0.000331523,10.64086391
31/12/2023 07:32,2.93E-10,15.83984375,0.000340847,10.62149579
31/12/2023 07:48,2.98E-10,15.83557895,0.000340591,10.62202152
31/12/2023 08:00,3.08E-10,15.82846154,0.000343344,10.61638538
31/12/2023 08:16,3.10E-10,15.82744186,0.000344275,10.61448804
31/12/2023 08:32,2.94E-10,15.83875969,0.00033452,10.63458854
31/12/2023 08:48,2.96E-10,15.83731959,0.000333065,10.63762915
31/12/2023 09:00,2.93E-10,15.83969231,0.000333168,10.63741353
31/12/2023 09:16,2.82E-10,15.8478125,0.000335544,10.63245534
31/12/2023 09:32,2.69E-10,15.85832061,0.000324842,10.65502855
31/12/2023 09:48,2.60E-10,15.86565657,0.000319532,10.66646419
31/12/2023 10:00,2.63E-10,15.86384615,0.000317514,10.67085257
31/12/2023 10:16,2.55E-10,15.87046154,0.000316789,10.67243496
31/12/2023 10:32,2.52E-10,15.87287879,0.000317131,10.67168813
31/12/2023 10:48,2.54E-10,15.87111111,0.000319322,10.66691976
31/12/2023 11:00,2.67E-10,15.86,0.000322811,10.65938362
31/12/2023 11:16,2.54E-10,15.87138211,0.000322602,10.6598331
31/12/2023 11:32,2.63E-10,15.86327869,0.000322548,10.65994927
31/12/2023 11:48,2.72E-10,15.85608696,0.000333717,10.63626523
31/12/2023 12:00,2.90E-10,15.84208,0.000345842,10.61130438
31/12/2023 12:16,2.96E-10,15.8375,0.000342616,10.61787205
31/12/2023 12:32,2.90E-10,15.84155039,0.00034345,10.61616913
31/12/2023 12:48,2.99E-10,15.83484536,0.000344848,10.61332246
31/12/2023 13:00,2.98E-10,15.83553846,0.00034119,10.62079192
31/12/2023 13:16,2.92E-10,15.84061538,0.000343493,10.61608143
31/12/2023 13:32,2.99E-10,15.83550388,0.00034049,10.62222903
31/12/2023 13:48,2.94E-10,15.83894737,0.000340033,10.62316861
31/12/2023 14:00,2.93E-10,15.83953488,0.000343759,10.61553909
31/12/2023 14:16,3.10E-10,15.82728682,0.000345406,10.61218897
31/12/2023 14:32,2.93E-10,15.83953488,0.000338972,10.62535414
31/12/2023 14:48,2.96E-10,15.83752577,0.000339436,10.62439765
31/12/2023 15:00,2.90E-10,15.84169231,0.00033613,10.63123707
31/12/2023 15:16,2.88E-10,15.84310078,0.000335794,10.63193538
31/12/2023 15:32,2.65E-10,15.8615625,0.000327226,10.64994597
31/12/2023 15:48,2.65E-10,15.861875,0.000323692,10.65749164
31/12/2023 16:00,2.67E-10,15.86015748,0.00032347,10.65796798
31/12/2023 16:16,2.93E-10,15.84,0.000334061,10.63554653
31/12/2023 16:32,2.86E-10,15.8446875,0.000336371,10.63073657
31/12/2023 16:48,2.81E-10,15.84895833,0.000336983,10.62946694
31/12/2023 17:00,2.94E-10,15.83923077,0.000334822,10.63395883
31/12/2023 17:16,2.99E-10,15.83507692,0.000336662,10.63013263
31/12/2023 17:32,2.98E-10,15.836,0.000338085,10.62718572
31/12/2023 17:48,2.89E-10,15.84268041,0.000338511,10.62630556
31/12/2023 18:00,2.86E-10,15.8448062,0.000336728,10.62999572
31/12/2023 18:16,2.66E-10,15.86061538,0.000323632,10.65762035
31/12/2023 18:32,2.88E-10,15.84353846,0.000339426,10.62441825
31/12/2023 18:48,2.94E-10,15.83854167,0.00034278,10.61753691
31/12/2023 19:00,2.83E-10,15.84728682,0.000334136,10.63538991
31/12/2023 19:16,3.07E-10,15.82913386,0.000341024,10.6211325
31/12/2023 19:32,3.04E-10,15.83147287,0.00034963,10.60365861
31/12/2023 19:48,3.14E-10,15.8243299,0.00034847,10.60599248
31/12/2023 20:00,3.06E-10,15.82992248,0.000342927,10.61723662
31/12/2023 20:16,3.06E-10,15.83017241,0.000344023,10.61500118
31/12/2023 20:32,3.00E-10,15.8340678,0.000345669,10.61165527
31/12/2023 20:48,3.07E-10,15.82931818,0.000345361,10.61228032
31/12/2023 21:00,2.99E-10,15.83504132,0.00034925,10.60442243
31/12/2023 21:16,2.97E-10,15.83664,0.000348329,10.60627661
31/12/2023 21:32,3.03E-10,15.83209677,0.000347824,10.60729506
31/12/2023 21:48,2.94E-10,15.83886364,0.000342704,10.6176922
31/12/2023 22:00,2.91E-10,15.84116667,0.000341454,10.62025058
31/12/2023 22:16,2.83E-10,15.84724138,0.000338881,10.62554186
31/12/2023 22:32,2.59E-10,15.86672269,0.000325387,10.65386384
31/12/2023 22:48,3.09E-10,15.82813187,0.000345535,10.61192715
31/12/2023 23:00,2.96E-10,15.83752066,0.000344724,10.61357456
31/12/2023 23:16,2.86E-10,15.84495868,0.000336006,10.63149471
31/12/2023 23:32,2.84E-10,15.84649573,0.000334827,10.63394841
31/12/2023 23:48,2.69E-10,15.85820225,0.000326156,10.65222325
01/01/2024 00:00,2.73E-10,15.8553719,0.000329941,10.6441959
01/01/2024 00:16,2.83E-10,15.8475,0.000335889,10.63173788
01/01/2024 00:32,2.79E-10,15.85063492,0.000333546,10.63662272
01/01/2024 00:48,2.78E-10,15.85130435,0.000337673,10.62803785
01/01/2024 01:00,2.85E-10,15.84612903,0.000339371,10.62453157
01/01/2024 01:16,3.13E-10,15.8253125,0.000346204,10.61057065
01/01/2024 01:32,3.02E-10,15.83322835,0.00034265,10.61780256
01/01/2024 01:48,2.96E-10,15.83773196,0.000339161,10.6249644
01/01/2024 02:00,2.83E-10,15.84731707,0.000338792,10.6257255
01/01/2024 02:16,2.95E-10,15.838125,0.000338094,10.62716712
01/01/2024 02:32,2.99E-10,15.83496063,0.000341576,10.62000053
01/01/2024 02:48,2.99E-10,15.83541667,0.000342519,10.61807034
01/01/2024 03:00,2.87E-10,15.84396694,0.000339648,10.623961
01/01/2024 03:16,2.74E-10,15.85457364,0.000328002,10.64829836
01/01/2024 03:32,2.71E-10,15.85694656,0.000325595,10.65341977
01/01/2024 03:48,2.94E-10,15.83914894,0.000344202,10.61463666
01/01/2024 04:00,3.03E-10,15.8324031,0.000341651,10.61984685
01/01/2024 04:16,2.69E-10,15.858125,0.000325776,10.65303354
01/01/2024 04:32,2.61E-10,15.86519685,0.000321166,10.6629281
01/01/2024 04:48,2.55E-10,15.86989247,0.000319806,10.66587016
01/01/2024 05:00,2.69E-10,15.858125,0.000322649,10.659732
01/01/2024 05:16,2.61E-10,15.86496241,0.000321201,10.66285252
01/01/2024 05:32,2.73E-10,15.85507937,0.000326911,10.65061573
01/01/2024 05:48,2.67E-10,15.86043011,0.000325493,10.65363751
01/01/2024 06:00,2.67E-10,15.86032,0.0003251,10.65447698
01/01/2024 06:16,2.75E-10,15.85344,0.000327104,10.6502053
01/01/2024 06:32,2.81E-10,15.84899225,0.000334156,10.63534816
01/01/2024 06:48,2.99E-10,15.83510204,0.000343765,10.61552686
01/01/2024 07:00,2.96E-10,15.83757576,0.000343388,10.61629561
01/01/2024 07:16,2.99E-10,15.835,0.000347154,10.60864821
01/01/2024 07:32,3.04E-10,15.83181818,0.00034458,10.61386742
01/01/2024 07:48,3.01E-10,15.83393939,0.000349989,10.60293765
01/01/2024 08:00,2.85E-10,15.84545455,0.000340779,10.62163541
01/01/2024 08:16,2.72E-10,15.85575758,0.0003305,10.64301699
01/01/2024 08:32,2.98E-10,15.83574803,0.000345051,10.61290992
01/01/2024 08:48,3.06E-10,15.82979592,0.000349961,10.60299386
01/01/2024 09:00,3.06E-10,15.83037594,0.000346622,10.60972423
01/01/2024 09:16,3.03E-10,15.8319697,0.000344879,10.61325945
01/01/2024 09:32,3.01E-10,15.8340458,0.000347909,10.60712355
01/01/2024 09:48,2.97E-10,15.83632653,0.000342985,10.61711817
01/01/2024 10:00,2.68E-10,15.85953846,0.000327962,10.64838321
01/01/2024 10:16,2.69E-10,15.85813953,0.000329246,10.64566399
01/01/2024 10:32,2.85E-10,15.8455814,0.000334613,10.63439457
01/01/2024 10:48,3.03E-10,15.83195876,0.000338095,10.62716505
01/01/2024 11:00,2.94E-10,15.83873016,0.000343075,10.6169344
01/01/2024 11:16,3.08E-10,15.82834646,0.000350875,10.60116102
01/01/2024 11:32,3.06E-10,15.8299187,0.000348728,10.60547283
01/01/2024 11:48,2.92E-10,15.84041237,0.000345301,10.61240214
01/01/2024 12:00,2.84E-10,15.84661538,0.000336621,10.63021769
01/01/2024 12:16,2.80E-10,15.84984375,0.000338146,10.62705963
01/01/2024 12:32,2.77E-10,15.85221374,0.000339316,10.62464491
01/01/2024 12:48,2.80E-10,15.84938776,0.00033654,10.63038577
01/01/2024 13:00,2.84E-10,15.84682171,0.000328648,10.6469293
01/01/2024 13:16,2.99E-10,15.83492308,0.000343121,10.61684049
01/01/2024 13:32,2.95E-10,15.838125,0.000343973,10.61510303
01/01/2024 13:48,2.79E-10,15.85030928,0.000339092,10.62510667
01/01/2024 14:00,2.95E-10,15.83813953,0.000342164,10.61879645
01/01/2024 14:16,3.12E-10,15.82569231,0.000352626,10.59766104
01/01/2024 14:32,2.91E-10,15.84122137,0.000339856,10.62353281
01/01/2024 14:48,2.68E-10,15.85919192,0.000325923,10.65271999
01/01/2024 15:00,2.58E-10,15.86793893,0.000319814,10.66585283
01/01/2024 15:16,2.64E-10,15.86248062,0.000320074,10.66528956
01/01/2024 15:32,2.62E-10,15.86458015,0.000320578,10.66419881
01/01/2024 15:48,2.74E-10,15.8542268,0.000327443,10.6494849
01/01/2024 16:00,2.88E-10,15.84351145,0.000335277,10.63301102
01/01/2024 16:16,3.00E-10,15.83426357,0.000343862,10.61532918
01/01/2024 16:32,3.05E-10,15.83107692,0.000344167,10.61470792
01/01/2024 16:48,3.11E-10,15.82625,0.000345271,10.61246306
01/01/2024 17:00,3.08E-10,15.82885496,0.000345464,10.61207124
01/01/2024 17:16,2.97E-10,15.83643411,0.000344981,10.61305215
01/01/2024 17:32,2.87E-10,15.84396825,0.000337373,10.62865889
01/01/2024 17:48,3.04E-10,15.83182796,0.000337446,10.62850773
01/01/2024 18:00,2.89E-10,15.8423622,0.000336164,10.63116644
01/01/2024 18:16,2.82E-10,15.84842975,0.000330344,10.64334582
01/01/2024 18:32,2.89E-10,15.84256,0.000329454,10.64522435
01/01/2024 18:48,2.85E-10,15.845625,0.000329554,10.64501306
01/01/2024 19:00,2.68E-10,15.8589313,0.000328494,10.64725546
01/01/2024 19:16,2.73E-10,15.85503876,0.000328967,10.64625408
01/01/2024 19:32,2.78E-10,15.85149606,0.000326559,10.6513648
01/01/2024 19:48,2.81E-10,15.84895833,0.00032582,10.65293967
01/01/2024 20:00,2.78E-10,15.85111111,0.000326066,10.65241509
01/01/2024 20:16,2.99E-10,15.83492063,0.000331913,10.64004458
01/01/2024 20:32,2.86E-10,15.84484375,0.000331193,10.64155784
01/01/2024 20:48,2.91E-10,15.84106383,0.000330933,10.64210498
01/01/2024 21:00,2.86E-10,15.84468468,0.000330668,10.64266302
01/01/2024 21:16,2.89E-10,15.84269841,0.000332388,10.63904777
01/01/2024 21:32,2.89E-10,15.8423622,0.000334847,10.63390673
01/01/2024 21:48,2.90E-10,15.84222222,0.000334234,10.63518532
01/01/2024 22:00,2.79E-10,15.85016667,0.000329524,10.64507644
01/01/2024 22:16,3.00E-10,15.83415385,0.00033855,10.62622503
01/01/2024 22:32,3.00E-10,15.83404959,0.000343105,10.61687315
01/01/2024 22:48,3.06E-10,15.82989011,0.000344085,10.6148749
01/01/2024 23:00,3.11E-10,15.8264,0.000344595,10.6138369
01/01/2024 23:16,3.08E-10,15.82852459,0.000346037,10.61090906
01/01/2024 23:32,3.13E-10,15.82512397,0.000345659,10.61167555
01/01/2024 23:48,3.05E-10,15.83106383,0.000345835,10.61131858
02/01/2024 00:00,3.07E-10,15.82933333,0.000346583,10.60980316
02/01/2024 00:16,2.97E-10,15.8366129,0.000341018,10.62114481
02/01/2024 00:32,2.91E-10,15.84110236,0.000338307,10.62672693
02/01/2024 00:48,2.79E-10,15.85010753,0.000334313,10.63502043
02/01/2024 01:00,2.81E-10,15.84913386,0.000335209,10.6331526
02/01/2024 01:16,2.86E-10,15.84504065,0.000334083,10.63550058
02/01/2024 01:32,2.78E-10,15.85116279,0.000334692,10.63422984
02/01/2024 01:48,2.85E-10,15.84583333,0.000334605,10.63441125
02/01/2024 02:00,2.80E-10,15.84991736,0.000333412,10.63690298
02/01/2024 02:16,2.78E-10,15.85137931,0.00033363,10.63644709
04/01/2024 02:14,2.94E-10,15.83868852,0.000343271,10.61653433
04/01/2024 02:30,2.88E-10,15.84355556,0.000333411,10.63690507
04/01/2024 02:46,2.62E-10,15.86416667,0.000327295,10.64979933
04/01/2024 03:00,2.86E-10,15.84529412,0.000339839,10.6235678
04/01/2024 03:16,2.97E-10,15.83691176,0.000345992,10.61100027
04/01/2024 03:32,3.00E-10,15.83435115,0.000346362,10.61025061
04/01/2024 03:48,2.96E-10,15.83747368,0.000343541,10.61598354
04/01/2024 04:00,2.98E-10,15.83590551,0.000344998,10.61301761
04/01/2024 04:16,3.06E-10,15.83022901,0.000345534,10.61192918
04/01/2024 04:32,2.91E-10,15.84117647,0.000343094,10.61689561
04/01/2024 04:48,2.81E-10,15.84871287,0.000335222,10.63312553
04/01/2024 05:00,2.72E-10,15.85605839,0.00033226,10.63931627
04/01/2024 05:16,2.84E-10,15.84627737,0.000328656,10.64691236
04/01/2024 05:32,2.64E-10,15.86291971,0.000328542,10.64715378
04/01/2024 05:48,2.79E-10,15.85067961,0.000327463,10.64944242
04/01/2024 06:00,2.90E-10,15.84220588,0.00033812,10.62711337
04/01/2024 06:16,2.86E-10,15.84525547,0.000340782,10.62162925
04/01/2024 06:32,2.94E-10,15.83884058,0.000342694,10.61771264
04/01/2024 06:48,2.81E-10,15.84893204,0.00033573,10.63206846
04/01/2024 07:00,2.76E-10,15.85280576,0.000333818,10.63605415
04/01/2024 07:16,2.93E-10,15.83971429,0.000342843,10.6174082
04/01/2024 07:32,2.97E-10,15.83683453,0.000344986,10.61304199
04/01/2024 07:48,2.85E-10,15.84543689,0.000336461,10.63054974
04/01/2024 08:00,2.87E-10,15.84405797,0.00033923,10.62482216
04/01/2024 08:16,3.06E-10,15.82978417,0.000348188,10.60656085
04/01/2024 08:32,3.08E-10,15.82857143,0.000345933,10.61111988
04/01/2024 08:48,3.10E-10,15.82747664,0.000346118,10.61074491
04/01/2024 09:00,2.92E-10,15.84072464,0.000340943,10.62129873
04/01/2024 09:16,2.63E-10,15.86326241,0.000327573,10.64920881
04/01/2024 09:32,2.87E-10,15.84446043,0.000336081,10.63133887
04/01/2024 09:48,3.02E-10,15.83326733,0.000342367,10.61838116
04/01/2024 10:00,3.02E-10,15.83318841,0.000343929,10.61519267
04/01/2024 10:16,2.97E-10,15.83664234,0.000338098,10.62715885
04/01/2024 10:32,3.04E-10,15.83115942,0.000337492,10.62841249
04/01/2024 10:48,3.21E-10,15.81960396,0.00034987,10.60317656
04/01/2024 11:00,3.44E-10,15.80402985,0.000356661,10.58965149
04/01/2024 11:16,2.83E-10,15.84732824,0.000330926,10.64211972
04/01/2024 11:32,2.73E-10,15.85515152,0.000326164,10.6522062
04/01/2024 11:48,2.95E-10,15.83816327,0.000336187,10.63111867
04/01/2024 12:00,3.13E-10,15.82518519,0.000343379,10.61631397
04/01/2024 12:16,3.20E-10,15.82027027,0.000341492,10.62017268
04/01/2024 13:07,2.98E-10,15.83583333,0.000338037,10.62728495
04/01/2024 13:23,2.99E-10,15.83534247,0.000335207,10.63315677
04/01/2024 13:39,3.06E-10,15.83027027,0.000336399,10.63067844
04/01/2024 13:55,3.20E-10,15.82,0.000333212,10.63732144
10/01/2024 17:10,3.06E-10,15.82980392,0.000326032,10.65248757
10/01/2024 17:26,3.45E-10,15.80340426,0.000335139,10.63329838
10/01/2024 17:42,3.22E-10,15.81882979,0.000327884,10.64854869
10/01/2024 17:58,3.35E-10,15.81,0.000336492,10.63048539
10/01/2024 18:00,3.39E-10,15.80748663,0.000341535,10.62008455
10/01/2024 18:16,3.54E-10,15.79751351,0.000349682,10.60355414
10/01/2024 18:32,3.76E-10,15.78448087,0.000352674,10.59756531
10/01/2024 18:48,3.80E-10,15.78188406,0.000356355,10.5902562
10/01/2024 19:00,3.54E-10,15.79752688,0.000344804,10.61341191
10/01/2024 19:16,3.22E-10,15.81859459,0.000326661,10.65114767
10/01/2024 19:32,3.25E-10,15.81677419,0.000332049,10.63975905
10/01/2024 19:48,3.56E-10,15.79614286,0.00034666,10.60964732
10/01/2024 20:00,3.81E-10,15.7811828,0.000357526,10.58794446
10/01/2024 20:16,3.94E-10,15.774,0.000357362,10.58826783
11/01/2024 12:57,3.11E-10,15.82666667,0.000331038,10.64188398
11/01/2024 13:00,3.47E-10,15.80189189,0.000337472,10.6284539
11/01/2024 13:16,3.73E-10,15.7860274,0.000347308,10.60833699
11/01/2024 13:32,3.67E-10,15.78972973,0.000344173,10.6146957
11/01/2024 13:48,3.59E-10,15.79454545,0.000338012,10.62733664
11/01/2024 14:00,3.33E-10,15.81123288,0.000332149,10.63954917
11/01/2024 14:16,3.05E-10,15.83054054,0.000320941,10.6634141
11/01/2024 14:32,3.12E-10,15.82541667,0.000319563,10.66639696
11/01/2024 15:29,3.54E-10,15.7976,0.000348677,10.60557552
11/01/2024 15:45,3.70E-10,15.78788732,0.000349915,10.60308621
11/01/2024 16:00,3.80E-10,15.78157895,0.00035064,10.60163188
11/01/2024 16:16,3.77E-10,15.78342105,0.000349763,10.60339144
11/01/2024 16:32,3.33E-10,15.81146667,0.00032631,10.6518951
11/01/2024 16:48,3.00E-10,15.83438596,0.000317484,10.67091799
11/01/2024 17:00,3.34E-10,15.81052632,0.000327758,10.64881607
11/01/2024 17:16,3.81E-10,15.78106667,0.000348701,10.60552719
11/01/2024 17:32,3.63E-10,15.79210526,0.000342967,10.61715493
11/01/2024 17:48,3.56E-10,15.79642857,0.000337425,10.62855121
11/01/2024 18:00,3.61E-10,15.79315789,0.000335305,10.63295273
11/01/2024 18:16,3.54E-10,15.79763158,0.000334819,10.63396509
11/01/2024 18:32,3.93E-10,15.77421053,0.000350628,10.60165593
11/01/2024 18:48,3.30E-10,15.81298246,0.000327169,10.65006712
11/01/2024 19:00,3.31E-10,15.81289474,0.000329331,10.6454843
11/01/2024 19:16,3.63E-10,15.79210526,0.000349931,10.60305409
11/01/2024 19:32,3.69E-10,15.78815789,0.00034946,10.60400023
11/01/2024 19:48,3.78E-10,15.78280702,0.000350109,10.6026968
11/01/2024 20:00,3.85E-10,15.77868421,0.000352019,10.59887267
11/01/2024 20:16,3.36E-10,15.80906667,0.000334473,10.63468658
11/01/2024 20:32,3.05E-10,15.83078947,0.000316463,10.6731475
11/01/2024 20:48,3.23E-10,15.81789474,0.000325197,10.6542697
11/01/2024 21:00,3.73E-10,15.78578947,0.000344606,10.61381453
11/01/2024 21:16,3.68E-10,15.78921053,0.000345855,10.61127802
11/01/2024 21:32,3.66E-10,15.79052632,0.000342202,10.61871869
11/01/2024 21:48,3.43E-10,15.80464286,0.000336699,10.63005587
11/01/2024 22:00,3.57E-10,15.79578947,0.000338235,10.6268757
11/01/2024 22:16,3.78E-10,15.78315789,0.000344644,10.61373724
11/01/2024 22:32,3.37E-10,15.80831169,0.000330029,10.6440102
11/01/2024 22:48,3.73E-10,15.78596491,0.000346509,10.60995296
11/01/2024 23:00,3.85E-10,15.77894737,0.000350619,10.60167397
11/01/2024 23:16,3.74E-10,15.78552632,0.000344034,10.61497877
11/01/2024 23:32,3.46E-10,15.80263158,0.000341479,10.62019933
11/01/2024 23:48,3.80E-10,15.78210526,0.000347966,10.60700856
12/01/2024 00:00,3.37E-10,15.80853333,0.00033116,10.64162726
12/01/2024 00:16,3.06E-10,15.83026316,0.000315692,10.67483515
12/01/2024 00:32,3.37E-10,15.80842105,0.000329456,10.64522012
12/01/2024 00:48,3.66E-10,15.79017544,0.000348201,10.60653464
12/01/2024 01:00,3.81E-10,15.78103896,0.000349489,10.60394195
12/01/2024 01:16,3.80E-10,15.78186667,0.000343372,10.61632825
12/01/2024 01:32,3.40E-10,15.80693333,0.000333386,10.63695737
12/01/2024 01:48,3.27E-10,15.8154386,0.000324275,10.65624203
12/01/2024 02:00,3.72E-10,15.78631579,0.00033966,10.62393629
12/01/2024 02:16,3.49E-10,15.80078947,0.000337648,10.62808959
12/01/2024 02:32,3.32E-10,15.81184211,0.000328982,10.64622235
12/01/2024 02:48,3.73E-10,15.78596491,0.00034681,10.60934382
12/01/2024 03:00,3.83E-10,15.78,0.000352598,10.5977169
12/01/2024 03:16,3.61E-10,15.79315789,0.000341565,10.62002307
12/01/2024 03:32,3.37E-10,15.80894737,0.000340203,10.62281897
12/01/2024 03:48,3.54E-10,15.79789474,0.000337791,10.6277937
12/01/2024 04:00,3.20E-10,15.82,0.00032228,10.66052608
12/01/2024 04:16,3.35E-10,15.80973684,0.000324718,10.65529378
12/01/2024 04:32,3.64E-10,15.79157895,0.000349073,10.60477845
12/01/2024 04:48,3.83E-10,15.78035088,0.000355342,10.59226124
12/01/2024 05:00,3.77E-10,15.78342105,0.000346759,10.609447
12/01/2024 05:16,3.57E-10,15.79552632,0.000338006,10.62734905
12/01/2024 05:32,3.39E-10,15.80736842,0.000334718,10.63417563
12/01/2024 05:48,3.72E-10,15.78666667,0.000344404,10.61422549
12/01/2024 06:00,3.42E-10,15.80552632,0.000335288,10.63298812
12/01/2024 06:16,3.46E-10,15.80289474,0.000333769,10.63615655
12/01/2024 06:32,3.75E-10,15.785,0.000352496,10.59792039
12/01/2024 06:48,3.71E-10,15.78736842,0.000353598,10.59572453
12/01/2024 07:00,3.62E-10,15.79236842,0.000345916,10.61115434
12/01/2024 07:16,3.72E-10,15.78657895,0.00035002,10.60287542
12/01/2024 07:32,3.58E-10,15.795,0.000345771,10.61144837
12/01/2024 07:48,2.95E-10,15.83789474,0.000316655,10.67272777
12/01/2024 08:00,3.07E-10,15.82933333,0.000320842,10.66362804
12/01/2024 08:16,3.49E-10,15.80077922,0.000337232,10.62895094
12/01/2024 08:32,3.70E-10,15.788,0.000357095,10.58879457
12/01/2024 08:48,3.58E-10,15.795,0.000351181,10.60054831
12/01/2024 09:00,3.40E-10,15.80684211,0.000344066,10.6149136
12/01/2024 09:16,3.45E-10,15.80342105,0.000341647,10.61985504
12/01/2024 09:32,3.75E-10,15.78453333,0.000353325,10.59626797
12/01/2024 09:48,3.38E-10,15.80785714,0.000335412,10.63273001
12/01/2024 10:00,3.47E-10,15.8024,0.000335597,10.63234508
12/01/2024 10:16,3.63E-10,15.79210526,0.000341648,10.619853
12/01/2024 10:32,3.71E-10,15.78746667,0.000347909,10.60712355
12/01/2024 10:48,3.53E-10,15.79824561,0.000345421,10.61215852
12/01/2024 11:00,3.59E-10,15.7944,0.000347429,10.60809255
12/01/2024 11:16,3.52E-10,15.79893333,0.000348162,10.60661327
12/01/2024 11:32,3.57E-10,15.79573333,0.000344416,10.61420107
12/01/2024 11:48,2.85E-10,15.84561404,0.000313506,10.67963926
12/01/2024 12:00,3.10E-10,15.82736842,0.000324201,10.65640054
12/01/2024 12:16,3.42E-10,15.80552632,0.000341876,10.61938598
12/01/2024 12:32,3.58E-10,15.79526316,0.000353735,10.59545194
12/01/2024 12:48,3.48E-10,15.80175439,0.00035589,10.59117598
12/01/2024 13:00,3.86E-10,15.77842105,0.000356428,10.5901119
12/01/2024 13:16,3.75E-10,15.78473684,0.000348737,10.6054547
12/01/2024 13:32,3.50E-10,15.8,0.000342091,10.61894584
12/01/2024 13:48,3.34E-10,15.81087719,0.000341281,10.62060528
12/01/2024 14:00,3.21E-10,15.81948052,0.000330054,10.64395745
12/01/2024 14:16,3.63E-10,15.79210526,0.000343125,10.61683232
12/01/2024 14:32,3.69E-10,15.78868421,0.000348017,10.60690569
12/01/2024 14:48,3.29E-10,15.81428571,0.000331489,10.64093538
12/01/2024 15:00,3.87E-10,15.77763158,0.000351492,10.59992605
12/01/2024 15:16,3.95E-10,15.77289474,0.000353985,10.59495476
12/01/2024 15:32,3.67E-10,15.78986667,0.000350017,10.60288144
12/01/2024 15:48,4.02E-10,15.76947368,0.000358804,10.58542879
12/01/2024 16:00,3.99E-10,15.77078947,0.000358921,10.58519886
12/01/2024 16:16,3.38E-10,15.80773333,0.000330033,10.64400176
12/01/2024 16:32,3.12E-10,15.82578947,0.000318584,10.66852279
12/01/2024 16:48,3.22E-10,15.81894737,0.000325089,10.65450048
12/01/2024 17:00,4.01E-10,15.76986667,0.000357247,10.58849467
12/01/2024 17:16,3.95E-10,15.77289474,0.000356157,10.59064773
12/01/2024 17:32,3.57E-10,15.79605263,0.000345279,10.61244681
12/01/2024 17:48,3.50E-10,15.8,0.000339001,10.62529433
12/01/2024 18:00,3.37E-10,15.80894737,0.000335814,10.6318938
12/01/2024 18:16,3.91E-10,15.77552632,0.000354864,10.59320903
12/01/2024 18:32,3.46E-10,15.80289474,0.000338672,10.62597316
12/01/2024 18:48,3.31E-10,15.81263158,0.000333443,10.63683813
12/01/2024 19:00,3.72E-10,15.78684211,0.00035584,10.59127494
12/01/2024 19:16,3.73E-10,15.78623377,0.000350547,10.60181829
12/01/2024 19:32,3.65E-10,15.79078947,0.000345697,10.61159847
12/01/2024 19:48,3.83E-10,15.78,0.000347921,10.60709934
12/01/2024 20:00,3.29E-10,15.81386667,0.000331506,10.64089965
12/01/2024 20:16,3.07E-10,15.82921053,0.000320578,10.66419881
12/01/2024 20:32,3.44E-10,15.80421053,0.000333302,10.63713311
12/01/2024 20:48,3.86E-10,15.77859649,0.000349549,10.60382137
12/01/2024 21:00,3.77E-10,15.78342105,0.000346928,10.60910514
12/01/2024 21:16,3.75E-10,15.78473684,0.00034419,10.61466109
12/01/2024 21:32,3.72E-10,15.78657895,0.000347069,10.60882004
12/01/2024 21:48,3.68E-10,15.78877193,0.000341306,10.62055401
12/01/2024 22:00,3.23E-10,15.81789474,0.000328808,10.64659056
12/01/2024 22:16,3.93E-10,15.77413333,0.000348725,10.60547887
12/01/2024 22:32,3.86E-10,15.77815789,0.000345531,10.61193527
12/01/2024 22:48,3.74E-10,15.78526316,0.000342086,10.61895607
12/01/2024 23:00,3.74E-10,15.78545455,0.000343211,10.61665678
12/01/2024 23:16,3.82E-10,15.78078947,0.000345716,10.61155992
12/01/2024 23:32,3.66E-10,15.79013333,0.000331506,10.64089965
12/01/2024 23:48,3.43E-10,15.80491228,0.000324884,10.65493873
13/01/2024 00:00,3.46E-10,15.80289474,0.000327774,10.64878211
13/01/2024 00:16,3.85E-10,15.77896104,0.000344008,10.61503173
13/01/2024 00:32,4.03E-10,15.76868421,0.000349777,10.60336332
13/01/2024 00:48,3.94E-10,15.77368421,0.000343629,10.6158041
13/01/2024 01:00,3.83E-10,15.78026316,0.000343055,10.61697523
13/01/2024 01:16,3.99E-10,15.77105263,0.000346159,10.61066183
13/01/2024 01:32,3.47E-10,15.80184211,0.000328949,10.64629217
13/01/2024 01:48,3.90E-10,15.77614035,0.00034455,10.61392844
13/01/2024 02:00,4.35E-10,15.75131579,0.00035434,10.59424927
13/01/2024 02:16,3.72E-10,15.78631579,0.000344742,10.61353796
13/01/2024 02:32,3.76E-10,15.78447368,0.000344956,10.61310295
13/01/2024 02:48,3.84E-10,15.77929825,0.00034259,10.6179252
13/01/2024 03:00,3.35E-10,15.81026316,0.000321178,10.66290219
13/01/2024 03:16,3.38E-10,15.80815789,0.000326789,10.65087527
13/01/2024 03:32,4.11E-10,15.76441558,0.000346923,10.60911526
13/01/2024 03:48,4.27E-10,15.7554386,0.00035183,10.59925029
13/01/2024 04:00,4.09E-10,15.76526316,0.000349404,10.6041128
13/01/2024 04:16,3.68E-10,15.78894737,0.000335937,10.63163811
13/01/2024 04:32,3.45E-10,15.80315789,0.000324555,10.65564255
13/01/2024 04:48,3.86E-10,15.77824561,0.000336067,10.63136796
13/01/2024 05:00,4.10E-10,15.765,0.000349603,10.60371286
13/01/2024 05:16,4.07E-10,15.76631579,0.000345053,10.61290585
13/01/2024 05:32,3.79E-10,15.78263158,0.000343066,10.61695277
13/01/2024 05:48,4.28E-10,15.75508772,0.000345491,10.61201644
13/01/2024 06:00,3.56E-10,15.79631579,0.000325416,10.65380191
13/01/2024 06:16,3.32E-10,15.81226667,0.000321854,10.66144379
13/01/2024 06:32,3.92E-10,15.77473684,0.000345102,10.61280631
13/01/2024 06:48,4.00E-10,15.77017544,0.000350182,10.60255032
13/01/2024 07:00,3.87E-10,15.77789474,0.000346251,10.61047544
13/01/2024 07:16,3.25E-10,15.81657895,0.000325587,10.65343685
13/01/2024 07:32,3.58E-10,15.79526316,0.000332256,10.63932466
13/01/2024 07:48,3.84E-10,15.77964912,0.000348012,10.60691577
13/01/2024 08:00,3.81E-10,15.78105263,0.000348016,10.6069077
13/01/2024 08:16,3.49E-10,15.80052632,0.000344005,10.61503784
13/01/2024 08:32,3.91E-10,15.77526316,0.000353229,10.59645915
13/01/2024 08:48,3.55E-10,15.79719298,0.000333487,10.63674611
13/01/2024 09:00,3.21E-10,15.81921053,0.000318696,10.66827931
13/01/2024 09:16,3.51E-10,15.79973684,0.000338576,10.62617135
13/01/2024 09:32,3.65E-10,15.79078947,0.000347263,10.60842792
13/01/2024 09:48,3.99E-10,15.77087719,0.000353582,10.59575637
13/01/2024 10:00,3.46E-10,15.80289474,0.0003371,10.62922445
13/01/2024 10:16,3.41E-10,15.80578947,0.000326751,10.65095613
13/01/2024 10:32,3.81E-10,15.78131579,0.000343566,10.61593256
13/01/2024 10:48,3.93E-10,15.77438596,0.000353129,10.59665835
13/01/2024 11:00,4.01E-10,15.76973684,0.000350532,10.60184836
13/01/2024 11:16,3.93E-10,15.77447368,0.000353172,10.59657269
13/01/2024 11:32,3.96E-10,15.77263158,0.000352559,10.5977947
13/01/2024 11:48,3.23E-10,15.81785714,0.000323968,10.65689982
13/01/2024 12:00,3.31E-10,15.81236842,0.000323361,10.65820196
13/01/2024 12:16,3.67E-10,15.78986667,0.000338375,10.62658645
13/01/2024 12:32,3.67E-10,15.78973684,0.000348404,10.60612547
13/01/2024 12:48,3.95E-10,15.77298246,0.000354769,10.59339752
13/01/2024 13:00,3.56E-10,15.79631579,0.000341844,10.61945151
13/01/2024 13:16,3.50E-10,15.8,0.000335888,10.63173996
13/01/2024 13:32,3.39E-10,15.80736842,0.000330703,10.6425893
13/01/2024 13:48,3.81E-10,15.7815,0.000346661,10.6096453
14/01/2024 00:22,3.33E-10,15.81106383,0.000328112,10.64806508
14/01/2024 00:38,3.67E-10,15.78953642,0.00034644,10.61009266
14/01/2024 00:54,3.87E-10,15.7775,0.000352825,10.59726421
14/01/2024 01:00,3.75E-10,15.78450331,0.00034816,10.6066173
14/01/2024 01:16,3.57E-10,15.79586667,0.000344626,10.61377385
14/01/2024 01:32,3.91E-10,15.77537415,0.000350488,10.60193658
14/01/2024 01:48,3.40E-10,15.80690265,0.000330519,10.64297695
14/01/2024 02:00,3.17E-10,15.822,0.000323938,10.65696413
14/01/2024 02:16,3.85E-10,15.77906667,0.000346288,10.61040049
14/01/2024 02:32,3.83E-10,15.77986667,0.000351526,10.59985805
14/01/2024 02:48,3.76E-10,15.78421053,0.000351247,10.60041621
14/01/2024 03:00,3.67E-10,15.78946667,0.000348305,10.60632499
14/01/2024 03:16,3.32E-10,15.81223684,0.000330789,10.64240817
14/01/2024 03:32,3.37E-10,15.80881579,0.00033667,10.63011603
14/01/2024 03:48,4.04E-10,15.76789474,0.00035864,10.58575119
14/01/2024 04:00,4.22E-10,15.75855263,0.000357933,10.58714247
14/01/2024 04:16,4.22E-10,15.75842105,0.000362101,10.57897374
14/01/2024 04:32,4.13E-10,15.76311688,0.000361114,10.5809009
14/01/2024 04:48,3.45E-10,15.80315789,0.000334944,10.63370459
14/01/2024 05:00,3.46E-10,15.80302632,0.00033173,10.64042893
14/01/2024 05:16,3.68E-10,15.78907895,0.000344381,10.6142723
14/01/2024 05:32,3.86E-10,15.77828947,0.000350824,10.60126319
14/01/2024 05:48,3.98E-10,15.77142857,0.000356438,10.59009214
14/01/2024 06:00,4.02E-10,15.76894737,0.00035745,10.5880943
14/01/2024 06:16,3.32E-10,15.81223684,0.000328179,10.64792302
14/01/2024 06:32,3.58E-10,15.79526316,0.000342452,10.61820733
14/01/2024 06:48,4.05E-10,15.76730435,0.00036243,10.57833235
14/01/2024 07:00,3.99E-10,15.77071895,0.000361802,10.57955708
14/01/2024 07:16,3.75E-10,15.78460526,0.000354425,10.59408044
14/01/2024 07:32,3.85E-10,15.77894737,0.000356152,10.59065762
14/01/2024 07:48,3.75E-10,15.78491228,0.000350528,10.60185638
14/01/2024 08:00,3.27E-10,15.81513158,0.000328152,10.64798026
14/01/2024 08:16,3.43E-10,15.80496732,0.000336249,10.6309899
14/01/2024 08:32,3.80E-10,15.78210526,0.000349779,10.60335931
14/01/2024 08:48,4.02E-10,15.76920354,0.00035631,10.59034517
14/01/2024 09:00,3.84E-10,15.77921053,0.000354402,10.59412612
14/01/2024 09:16,3.52E-10,15.79868421,0.00033851,10.62630763
14/01/2024 09:32,3.43E-10,15.80473684,0.000330029,10.6440102
14/01/2024 09:48,3.77E-10,15.78333333,0.000354519,10.59389377
14/01/2024 10:00,4.05E-10,15.76763158,0.000366261,10.57089979
14/01/2024 10:16,3.83E-10,15.78026316,0.000350921,10.60106889
14/01/2024 10:32,3.92E-10,15.77496689,0.000351923,10.59906446
14/01/2024 10:48,3.96E-10,15.77234783,0.000360583,10.58193955
14/01/2024 11:00,3.55E-10,15.79706667,0.000339941,10.62335789
14/01/2024 11:16,3.29E-10,15.81368421,0.000328595,10.64704153
14/01/2024 11:32,3.54E-10,15.79746667,0.000340857,10.62147526
14/01/2024 11:48,3.89E-10,15.77666667,0.000358129,10.58675654
14/01/2024 12:00,4.02E-10,15.76906667,0.000362663,10.5778784
14/01/2024 12:16,4.04E-10,15.76828947,0.000363406,10.5764325
14/01/2024 12:32,3.68E-10,15.78907895,0.000352137,10.59863699
14/01/2024 12:48,3.79E-10,15.78232143,0.00035496,10.59301859
14/01/2024 13:00,3.68E-10,15.78901961,0.000353971,10.59498259
14/01/2024 13:16,3.65E-10,15.79067568,0.000347348,10.60825617
14/01/2024 13:32,3.48E-10,15.80143791,0.000341954,10.61922627
14/01/2024 13:48,3.50E-10,15.80017544,0.000338686,10.62594426
14/01/2024 14:00,3.18E-10,15.82171053,0.000330936,10.64209867
14/01/2024 14:16,3.27E-10,15.81509934,0.00032992,10.64424022
14/01/2024 14:32,3.27E-10,15.81513158,0.000328817,10.64657151
14/01/2024 14:48,3.38E-10,15.80778761,0.000330713,10.64256823
14/01/2024 15:00,3.44E-10,15.80421053,0.000334872,10.63385463
14/01/2024 15:16,3.40E-10,15.80644737,0.000334285,10.63507887
14/01/2024 15:32,3.31E-10,15.8122973,0.00033467,10.63427571
14/01/2024 15:48,3.41E-10,15.80596491,0.000333662,10.6363802
14/01/2024 16:00,3.42E-10,15.80513158,0.000336253,10.63098159
14/01/2024 16:16,3.46E-10,15.80289474,0.000336656,10.63014508
14/01/2024 16:32,3.55E-10,15.79684211,0.000344124,10.61479548
14/01/2024 16:48,4.00E-10,15.77035088,0.000362126,10.57892499
14/01/2024 17:00,3.41E-10,15.80569536,0.000332887,10.6380019
14/01/2024 17:16,3.76E-10,15.78410596,0.00035526,10.59242375
14/01/2024 17:32,3.73E-10,15.78605263,0.000353847,10.59522917
14/01/2024 17:48,3.75E-10,15.7845614,0.000358429,10.58616617
14/01/2024 18:00,3.89E-10,15.77653333,0.000357281,10.5884276
14/01/2024 18:16,3.97E-10,15.77223684,0.000359397,10.58426408
14/01/2024 18:32,3.95E-10,15.77324503,0.00036007,10.58294422
14/01/2024 18:48,3.18E-10,15.82123894,0.000330826,10.64233026
14/01/2024 19:00,3.31E-10,15.81232877,0.000334397,10.63484514
14/01/2024 19:16,3.46E-10,15.80289474,0.000343598,10.6158673
14/01/2024 19:32,4.20E-10,15.75960265,0.000366131,10.57115092
14/01/2024 19:48,3.84E-10,15.77964602,0.000358199,10.58661875
14/01/2024 20:00,3.63E-10,15.79186667,0.000347049,10.60886047
14/01/2024 20:16,3.71E-10,15.7872,0.000349918,10.60308019
14/01/2024 20:32,3.66E-10,15.7904,0.000346387,10.61019998
14/01/2024 20:48,3.13E-10,15.82477876,0.000328191,10.64789758
14/01/2024 21:00,3.85E-10,15.77893333,0.00035261,10.59769296
14/01/2024 21:16,4.07E-10,15.76662252,0.000364245,10.57480279
14/01/2024 21:32,3.59E-10,15.79466667,0.00034428,10.61447787
14/01/2024 21:48,3.49E-10,15.80071429,0.000338133,10.6270865
14/01/2024 22:00,3.55E-10,15.79708609,0.000342466,10.6181787
14/01/2024 22:16,3.37E-10,15.80847682,0.000331397,10.6411288
14/01/2024 22:32,3.30E-10,15.81333333,0.0003288,10.6466075
14/01/2024 22:48,3.55E-10,15.79696429,0.000339034,10.62522627
14/01/2024 23:00,3.94E-10,15.7736,0.000356195,10.59057257
14/01/2024 23:16,4.02E-10,15.7692,0.000359238,10.58457621
14/01/2024 23:32,3.94E-10,15.7736,0.000359058,10.58492971
14/01/2024 23:48,3.69E-10,15.78859649,0.000344002,10.61504395
15/01/2024 00:00,3.44E-10,15.80426667,0.000337955,10.6274545
15/01/2024 00:16,3.83E-10,15.77986667,0.000354732,10.59347095
15/01/2024 00:32,4.09E-10,15.7652,0.000358909,10.58522244
15/01/2024 00:48,3.71E-10,15.78714286,0.000346789,10.6093863
15/01/2024 01:00,3.67E-10,15.7896,0.000345198,10.61261131
15/01/2024 01:16,3.73E-10,15.78613333,0.000347764,10.60741615
15/01/2024 01:32,3.35E-10,15.80993377,0.000335503,10.63254065
15/01/2024 01:48,3.39E-10,15.80725664,0.000330149,10.64375704
15/01/2024 02:00,3.66E-10,15.79047619,0.00034564,10.6117141
15/01/2024 02:16,3.86E-10,15.77826667,0.000355337,10.59227115
15/01/2024 02:32,3.83E-10,15.78013333,0.000353363,10.5961923
15/01/2024 02:48,3.81E-10,15.78108108,0.000352063,10.59878478
15/01/2024 03:00,3.47E-10,15.80216216,0.000337146,10.62912912
15/01/2024 03:16,3.25E-10,15.81653333,0.000329846,10.64439642
15/01/2024 03:32,3.69E-10,15.78834437,0.00034699,10.60897976
15/01/2024 03:48,3.96E-10,15.77256637,0.000356942,10.58909657
15/01/2024 04:00,3.53E-10,15.79825503,0.000342882,10.61732853
15/01/2024 04:16,3.59E-10,15.7944,0.000344098,10.61484843
15/01/2024 04:32,3.86E-10,15.7781457,0.00035218,10.59855113
15/01/2024 04:48,3.27E-10,15.81535714,0.00032981,10.64447242
15/01/2024 05:00,3.18E-10,15.8216,0.000324325,10.65613495
15/01/2024 05:16,3.71E-10,15.78724832,0.000350201,10.6025122
15/01/2024 05:32,3.97E-10,15.77178808,0.00035853,10.5859675
15/01/2024 05:48,3.67E-10,15.78946429,0.000353438,10.59604298
15/01/2024 06:00,3.62E-10,15.79292517,0.000346,10.61098406
15/01/2024 06:16,3.31E-10,15.81258278,0.000331159,10.64162937
15/01/2024 06:32,3.46E-10,15.80253333,0.000339815,10.62361719
15/01/2024 06:48,3.68E-10,15.78928571,0.000351537,10.59983605
15/01/2024 07:00,3.92E-10,15.77493333,0.000359011,10.58502204
15/01/2024 07:16,4.07E-10,15.7661745,0.000358836,10.5853659
15/01/2024 07:32,3.82E-10,15.78066667,0.000358468,10.58608945
15/01/2024 07:48,3.66E-10,15.79017857,0.00034841,10.60611338
15/01/2024 08:00,3.55E-10,15.79691275,0.000342702,10.61769629
15/01/2024 08:16,3.54E-10,15.79773333,0.000347085,10.60878769
15/01/2024 08:32,3.63E-10,15.79181208,0.000349284,10.60435406
15/01/2024 08:48,3.20E-10,15.82018018,0.0003311,10.64175351
15/01/2024 09:00,3.42E-10,15.80533333,0.000336555,10.63035465
15/01/2024 09:16,3.74E-10,15.78554054,0.000352464,10.59798424
15/01/2024 09:32,3.42E-10,15.8052,0.000335374,10.6328091
15/01/2024 09:48,3.44E-10,15.80375,0.000333172,10.63740516
15/01/2024 10:00,3.58E-10,15.79533333,0.000341722,10.61970139
15/01/2024 10:16,3.72E-10,15.78666667,0.000353711,10.59549969
15/01/2024 10:32,3.88E-10,15.77691275,0.000356741,10.58949347
15/01/2024 10:48,3.83E-10,15.77982143,0.000354642,10.59364958
15/01/2024 11:00,3.83E-10,15.78,0.000355815,10.59132443
15/01/2024 11:16,3.79E-10,15.78266667,0.000352217,10.59847725
15/01/2024 11:32,3.66E-10,15.79,0.000340153,10.62292179
15/01/2024 12:30,3.54E-10,15.79766871,0.000344926,10.61316392
15/01/2024 12:46,3.52E-10,15.79881579,0.000343664,10.61573274
15/01/2024 13:00,3.61E-10,15.79325843,0.000341652,10.6198448
15/01/2024 13:16,3.55E-10,15.79687861,0.000345033,10.61294649
15/01/2024 13:32,3.23E-10,15.81776536,0.000330631,10.64274097
15/01/2024 13:48,3.57E-10,15.796,0.00034344,10.61618953
15/01/2024 14:00,3.73E-10,15.78609195,0.000353214,10.59648903
15/01/2024 14:16,3.80E-10,15.78183908,0.000354761,10.5934134
15/01/2024 14:32,3.76E-10,15.7839548,0.000355008,10.59292339
15/01/2024 14:48,3.85E-10,15.77878788,0.000359855,10.58336564
15/01/2024 15:00,3.54E-10,15.79774011,0.00034811,10.60671812
15/01/2024 15:16,3.32E-10,15.81188571,0.000334044,10.63558203
15/01/2024 15:32,3.53E-10,15.79843575,0.000342302,10.61851411
15/01/2024 15:48,3.64E-10,15.79170732,0.00034923,10.60446265
15/01/2024 16:00,3.47E-10,15.80210526,0.000347243,10.60846834
15/01/2024 16:16,3.65E-10,15.79089888,0.000351556,10.59979805
15/01/2024 16:32,3.62E-10,15.79277778,0.000348582,10.60576685
15/01/2024 16:48,3.13E-10,15.82488889,0.000326734,10.65099231
15/01/2024 17:00,3.32E-10,15.81220339,0.000335813,10.63189588
15/01/2024 17:16,3.38E-10,15.8081768,0.000342303,10.61851206
15/01/2024 17:32,3.65E-10,15.79082873,0.000352486,10.59794034
15/01/2024 17:48,3.52E-10,15.79896296,0.000352119,10.59867294
15/01/2024 18:00,3.67E-10,15.78938547,0.000350527,10.60185839
15/01/2024 18:16,3.59E-10,15.79436464,0.000345196,10.61261537
15/01/2024 18:32,3.35E-10,15.81022222,0.000336857,10.62972818
15/01/2024 18:48,3.33E-10,15.81111111,0.000335912,10.63169008
15/01/2024 19:00,3.32E-10,15.812,0.000335278,10.63300894
15/01/2024 19:16,3.26E-10,15.81606742,0.000327293,10.64980358
15/01/2024 19:32,3.22E-10,15.81899441,0.000330997,10.64197027
15/01/2024 19:48,3.59E-10,15.79451852,0.000348562,10.60580714
15/01/2024 20:00,3.59E-10,15.79436464,0.000347501,10.60794712
15/01/2024 20:16,3.42E-10,15.80505495,0.000335776,10.63197281
15/01/2024 20:32,2.97E-10,15.83633333,0.000319786,10.66591351
15/01/2024 20:48,2.99E-10,15.83518248,0.000319034,10.66754496
15/01/2024 21:00,3.18E-10,15.82121547,0.000325414,10.65380619
15/01/2024 21:16,3.44E-10,15.8040884,0.000335159,10.63325672
15/01/2024 21:32,3.47E-10,15.8021978,0.000333783,10.63612729
15/01/2024 21:48,3.69E-10,15.78814815,0.000343225,10.61662821
15/01/2024 22:00,3.97E-10,15.77188889,0.000350147,10.60262055
15/01/2024 22:16,4.11E-10,15.76418079,0.000355199,10.59254467
15/01/2024 22:32,4.30E-10,15.75402299,0.000358312,10.58639636
15/01/2024 22:48,4.13E-10,15.76308824,0.000356734,10.58950729
15/01/2024 23:00,4.13E-10,15.76322222,0.000356619,10.58973446
15/01/2024 23:16,4.27E-10,15.75558011,0.000356979,10.58902352
15/01/2024 23:32,4.20E-10,15.75955556,0.000355667,10.59161744
15/01/2024 23:48,3.98E-10,15.77134328,0.000349326,10.60426961
16/01/2024 00:00,4.01E-10,15.76967033,0.000347072,10.60881397
16/01/2024 00:16,3.99E-10,15.77107345,0.000350102,10.60271085
16/01/2024 00:32,3.93E-10,15.77444444,0.00034281,10.61747561
16/01/2024 00:48,3.92E-10,15.77496296,0.000343745,10.61556762
16/01/2024 01:00,3.81E-10,15.781,0.00034422,10.61460001
16/01/2024 01:16,3.91E-10,15.77555556,0.000343723,10.61561247
16/01/2024 01:32,3.78E-10,15.78311111,0.000344531,10.61396709
16/01/2024 01:48,3.76E-10,15.78444444,0.000346367,10.61024049
16/01/2024 02:00,3.76E-10,15.7840884,0.000346487,10.6099975
16/01/2024 02:16,3.77E-10,15.78338983,0.000347832,10.60727892
16/01/2024 02:32,3.80E-10,15.78204545,0.000348474,10.60598442
16/01/2024 02:48,3.89E-10,15.77661765,0.000350384,10.60214512
16/01/2024 03:00,3.89E-10,15.77687151,0.000349453,10.6040143
16/01/2024 03:16,3.83E-10,15.77988889,0.000347179,10.60859768
16/01/2024 03:32,3.74E-10,15.78530387,0.000345779,10.61143214
16/01/2024 03:48,3.67E-10,15.78940299,0.000349345,10.60423141
16/01/2024 04:00,3.85E-10,15.77908046,0.000347767,10.6074101
16/01/2024 04:16,3.83E-10,15.78,0.000352516,10.59788048
16/01/2024 04:32,3.90E-10,15.7758427,0.000350938,10.60103484
16/01/2024 04:48,3.71E-10,15.78696296,0.000345957,10.61107122
16/01/2024 05:00,3.67E-10,15.78983051,0.000347199,10.60855726
16/01/2024 05:16,3.81E-10,15.78123596,0.000344815,10.61338954
16/01/2024 05:32,3.92E-10,15.7747486,0.000349071,10.60478247
16/01/2024 05:48,3.80E-10,15.78212121,0.000346774,10.60941665
16/01/2024 06:00,3.72E-10,15.78666667,0.00034264,10.617823
16/01/2024 06:16,3.73E-10,15.78576271,0.000337745,10.62788887
16/01/2024 06:32,3.74E-10,15.78564972,0.000336971,10.62949182
16/01/2024 06:48,3.74E-10,15.78560606,0.000340385,10.62244481
16/01/2024 07:00,3.79E-10,15.78252874,0.000343748,10.61556151
16/01/2024 07:16,3.67E-10,15.78988636,0.000342325,10.61846706
16/01/2024 07:32,3.73E-10,15.78593023,0.000341862,10.61941465
16/01/2024 07:48,3.81E-10,15.78151515,0.000342608,10.6178884
16/01/2024 08:00,3.77E-10,15.7833526,0.000346987,10.60898583
16/01/2024 08:16,3.99E-10,15.77097143,0.000354892,10.59315348
16/01/2024 08:32,4.02E-10,15.76931034,0.000354355,10.59421948
16/01/2024 08:48,3.90E-10,15.77621212,0.000345424,10.61215243
16/01/2024 09:00,3.51E-10,15.79942197,0.0003327,10.63839369
16/01/2024 09:16,3.71E-10,15.78709302,0.000341823,10.61949452
16/01/2024 09:32,3.80E-10,15.78173913,0.00034655,10.60986996
16/01/2024 09:48,3.50E-10,15.8,0.000332764,10.63825958
16/01/2024 10:00,3.34E-10,15.81087719,0.000329249,10.64565765
16/01/2024 10:16,3.63E-10,15.79204678,0.00034309,10.61690377
16/01/2024 10:32,3.98E-10,15.77144509,0.0003543,10.59432873
16/01/2024 10:48,3.93E-10,15.7744186,0.000352767,10.59737985
16/01/2024 11:00,3.97E-10,15.77207101,0.000356077,10.59080597
16/01/2024 11:16,3.33E-10,15.81122807,0.000333117,10.63752029
16/01/2024 11:32,3.18E-10,15.82177515,0.000322998,10.65898166
16/01/2024 11:48,3.76E-10,15.78390625,0.00034787,10.60720224
16/01/2024 12:00,3.57E-10,15.79555556,0.000345739,10.61151327
16/01/2024 12:16,3.46E-10,15.8025,0.000343242,10.61659351
16/01/2024 12:32,3.48E-10,15.80116959,0.000340522,10.62216328
16/01/2024 12:48,3.52E-10,15.79906977,0.000341723,10.61969934
16/01/2024 13:00,3.34E-10,15.81035714,0.000331693,10.64050667
16/01/2024 13:16,3.46E-10,15.80304094,0.000333789,10.63611475
16/01/2024 13:32,3.68E-10,15.78923977,0.000348643,10.60564399
16/01/2024 13:48,3.60E-10,15.79417323,0.000346729,10.6095077
16/01/2024 14:00,3.69E-10,15.78811765,0.000344727,10.61356846
16/01/2024 14:16,3.55E-10,15.79722543,0.000341875,10.61938803
16/01/2024 14:32,3.12E-10,15.82569767,0.000320116,10.66519861
16/01/2024 14:48,3.24E-10,15.81707692,0.000326914,10.65060935
16/01/2024 15:00,3.79E-10,15.78232558,0.000351023,10.60086462
16/01/2024 15:16,4.10E-10,15.76453488,0.000362095,10.57898545
16/01/2024 15:32,4.17E-10,15.76115607,0.00036189,10.57938536
16/01/2024 15:48,3.47E-10,15.80230769,0.00034518,10.61264787
16/01/2024 16:00,2.73E-10,15.85494118,0.000315017,10.67631555
16/01/2024 16:16,2.84E-10,15.84627907,0.000317114,10.67172524
16/01/2024 16:32,2.85E-10,15.8454023,0.000321322,10.6625913
16/01/2024 16:48,2.95E-10,15.83829457,0.000324691,10.65535154
16/01/2024 17:00,2.95E-10,15.83811765,0.000320552,10.66425504
16/01/2024 17:16,2.76E-10,15.85280576,0.000322592,10.65985461
17/01/2024 13:43,3.04E-10,15.83126761,0.000328038,10.64822201
17/01/2024 13:59,3.70E-10,15.788,0.000333968,10.63574076
17/01/2024 14:00,3.40E-10,15.80657534,0.000341995,10.61914234
17/01/2024 14:16,3.48E-10,15.8016,0.000345982,10.61102054
17/01/2024 14:32,3.39E-10,15.80756757,0.000339417,10.62443679
17/01/2024 14:48,3.39E-10,15.8075,0.000340552,10.62210164
17/01/2024 15:00,3.33E-10,15.81135135,0.000340134,10.62296087
17/01/2024 15:16,3.04E-10,15.83150685,0.000318774,10.66810978
17/01/2024 15:32,3.29E-10,15.81424658,0.000330818,10.6423471
17/01/2024 15:48,3.63E-10,15.79185185,0.000349481,10.60395802
17/01/2024 16:00,3.56E-10,15.79648649,0.000349254,10.60441439
17/01/2024 16:16,3.43E-10,15.80453333,0.000339057,10.62517884
17/01/2024 16:32,2.80E-10,15.84986667,0.000314352,10.67777666
17/01/2024 16:48,3.26E-10,15.81607143,0.000330564,10.64288213
17/01/2024 17:00,3.44E-10,15.80421053,0.000341751,10.61964199
17/01/2024 17:16,3.28E-10,15.81466667,0.000333794,10.6361043
17/01/2024 17:32,3.10E-10,15.82684211,0.000327658,10.64902834
17/01/2024 17:48,3.03E-10,15.8325,0.000313808,10.67897387
17/01/2024 18:00,3.11E-10,15.82631579,0.000326162,10.65221047
17/01/2024 18:16,3.24E-10,15.81756757,0.000341599,10.6199534
17/01/2024 18:32,3.66E-10,15.79052632,0.000355808,10.59133828
17/01/2024 18:48,3.63E-10,15.7922807,0.000353968,10.59498856
17/01/2024 19:00,3.43E-10,15.805,0.000342154,10.61881691
17/01/2024 19:16,3.22E-10,15.81868421,0.000330731,10.64253032
17/01/2024 19:32,3.16E-10,15.8232,0.000325598,10.65341337
17/01/2024 19:48,3.38E-10,15.80793103,0.000338411,10.62651209
17/01/2024 20:00,3.49E-10,15.80054054,0.000340025,10.62318507
17/01/2024 20:16,3.31E-10,15.81236842,0.000331222,10.64149683
17/01/2024 20:32,3.54E-10,15.79766234,0.000334579,10.63446548
17/01/2024 20:48,3.74E-10,15.78561404,0.000340575,10.62205439
17/01/2024 21:00,4.09E-10,15.76552632,0.00035728,10.58842957
17/01/2024 21:16,4.41E-10,15.74831169,0.000364182,10.57492505
17/01/2024 21:32,4.66E-10,15.73578947,0.00036474,10.57384277
17/01/2024 21:48,4.38E-10,15.75017544,0.000367403,10.56869693
17/01/2024 22:00,4.52E-10,15.74263158,0.00036653,10.57038038
17/01/2024 22:16,4.42E-10,15.74789474,0.000365542,10.57228969
17/01/2024 22:32,4.44E-10,15.74710526,0.000364294,10.57470771
17/01/2024 22:48,4.19E-10,15.76,0.000354328,10.59427311
17/01/2024 23:00,3.61E-10,15.79342105,0.0003348,10.63400469
17/01/2024 23:16,3.86E-10,15.77842105,0.000346547,10.60987603
17/01/2024 23:32,3.79E-10,15.78236842,0.000343273,10.61653025
17/01/2024 23:48,3.74E-10,15.78526316,0.000337946,10.62747311
18/01/2024 00:00,3.63E-10,15.79226667,0.000335469,10.63261139
18/01/2024 00:16,3.90E-10,15.77578947,0.00034888,10.60516683
18/01/2024 00:32,3.67E-10,15.7896,0.000339674,10.62390746
18/01/2024 00:48,4.17E-10,15.76105263,0.000350271,10.60237176
18/01/2024 01:00,4.21E-10,15.75894737,0.000354798,10.59333998
18/01/2024 01:16,4.25E-10,15.75688312,0.000356285,10.5903946
18/01/2024 01:32,4.58E-10,15.74,0.000363903,10.57546672
18/01/2024 01:48,4.47E-10,15.74551724,0.000363009,10.57720476
18/01/2024 02:00,4.55E-10,15.74157895,0.000362637,10.57792905
18/01/2024 02:16,4.38E-10,15.75,0.000360675,10.5817595
18/01/2024 02:32,3.81E-10,15.78105263,0.00034249,10.61812963
18/01/2024 02:48,3.81E-10,15.78103448,0.000343766,10.61552482
18/01/2024 03:00,3.86E-10,15.77842105,0.000341205,10.62076115
18/01/2024 03:16,3.88E-10,15.77688312,0.000341963,10.61920785
18/01/2024 03:32,3.87E-10,15.77763158,0.00034217,10.61878417
18/01/2024 03:48,3.83E-10,15.78035088,0.000342331,10.61845479
18/01/2024 04:00,3.81E-10,15.7812987,0.000342779,10.61753895
18/01/2024 04:16,3.83E-10,15.78026316,0.00034267,10.61776168
18/01/2024 04:32,3.93E-10,15.77447368,0.000343672,10.61571643
18/01/2024 04:48,3.88E-10,15.77689655,0.000342989,10.61711
18/01/2024 05:00,3.98E-10,15.77157895,0.000342502,10.6181051
18/01/2024 05:16,3.91E-10,15.77526316,0.000342522,10.61806421
18/01/2024 05:32,4.00E-10,15.77052632,0.000343355,10.61636293
18/01/2024 05:48,3.77E-10,15.78350877,0.000340626,10.62194963
18/01/2024 06:00,3.95E-10,15.77342105,0.000341876,10.61938598
18/01/2024 06:16,3.84E-10,15.77947368,0.000340004,10.62322827
18/01/2024 06:32,3.74E-10,15.78526316,0.000341066,10.62104631
18/01/2024 06:48,3.77E-10,15.78385965,0.000335087,10.63340668
18/01/2024 07:00,3.70E-10,15.78783784,0.000331836,10.64020628
18/01/2024 07:16,3.52E-10,15.79891892,0.000331259,10.64141901
18/01/2024 07:32,3.51E-10,15.79973333,0.000330778,10.64243134
18/01/2024 07:48,3.57E-10,15.79571429,0.000330375,10.64328047
18/01/2024 08:00,3.60E-10,15.79413333,0.000331004,10.64195553
18/01/2024 08:16,3.61E-10,15.79324324,0.000330473,10.6430739
18/01/2024 08:32,3.50E-10,15.8,0.000330229,10.64358831
18/01/2024 08:48,3.38E-10,15.8077193,0.000329678,10.64475114
18/01/2024 09:00,3.48E-10,15.8016,0.000334061,10.63554653
18/01/2024 09:16,3.42E-10,15.80526316,0.000330879,10.64221866
18/01/2024 09:32,3.66E-10,15.79,0.000332816,10.63815063
18/01/2024 09:48,3.61E-10,15.79357143,0.000332237,10.63936452
18/01/2024 10:00,3.45E-10,15.80346667,0.000331254,10.64142952
18/01/2024 10:16,3.50E-10,15.80026667,0.000331356,10.64121501
18/01/2024 10:32,3.60E-10,15.79386667,0.000331998,10.63986611
18/01/2024 10:48,3.58E-10,15.79490909,0.000333929,10.63582223
18/01/2024 11:00,3.47E-10,15.80213333,0.000329233,10.64569148
18/01/2024 11:16,3.23E-10,15.81810811,0.000321666,10.66184912
18/01/2024 11:32,3.94E-10,15.77386667,0.000339554,10.62415458
18/01/2024 11:48,4.36E-10,15.75071429,0.000354677,10.59358011
18/01/2024 12:00,3.91E-10,15.77561644,0.000342142,10.61884146
18/01/2024 12:16,3.50E-10,15.8,0.000327543,10.64927251
18/01/2024 12:32,3.83E-10,15.78027027,0.000339764,10.62372217
18/01/2024 12:48,4.40E-10,15.74892857,0.00035629,10.59038471
18/01/2024 13:00,4.33E-10,15.75253333,0.000359258,10.58453694
18/01/2024 13:16,4.25E-10,15.75653333,0.000349893,10.60313038
18/01/2024 13:32,3.67E-10,15.78958904,0.000327249,10.64989709
18/01/2024 13:48,3.72E-10,15.78678571,0.000332829,10.6381234
18/01/2024 14:00,4.15E-10,15.76184211,0.000347533,10.6078825
18/01/2024 14:16,4.34E-10,15.75189189,0.000352882,10.59715058
18/01/2024 14:32,3.98E-10,15.77173333,0.000348882,10.6051628
18/01/2024 14:48,4.20E-10,15.75928571,0.000346044,10.61089487
18/01/2024 15:00,3.96E-10,15.77253333,0.000344992,10.6130298
18/01/2024 15:16,3.75E-10,15.78453333,0.000334553,10.6345197
18/01/2024 15:32,3.61E-10,15.79306667,0.000335346,10.63286738
18/01/2024 15:48,3.68E-10,15.78892857,0.000339198,10.62488813
18/01/2024 16:00,3.57E-10,15.796,0.000336655,10.63014715
18/01/2024 16:16,3.40E-10,15.80693333,0.000328279,10.64771104
18/01/2024 16:32,3.64E-10,15.79135135,0.000341546,10.62006201
18/01/2024 16:48,3.93E-10,15.77403509,0.000348263,10.60640965
18/01/2024 17:00,4.33E-10,15.7527027,0.00035456,10.59381237
18/01/2024 17:16,3.99E-10,15.77093333,0.000352109,10.59869291
18/01/2024 17:32,3.69E-10,15.78810811,0.000348453,10.60602673
18/01/2024 17:48,3.78E-10,15.78280702,0.000338557,10.62621058
18/01/2024 18:00,3.44E-10,15.80373333,0.000331058,10.64184189
18/01/2024 18:16,3.41E-10,15.80578947,0.000331842,10.64019368
18/01/2024 18:32,3.40E-10,15.80657895,0.000335711,10.63210797
18/01/2024 18:48,3.63E-10,15.79192982,0.000343432,10.61620585
18/01/2024 19:00,3.52E-10,15.79868421,0.000345662,10.61166947
18/01/2024 19:16,3.56E-10,15.79631579,0.000347547,10.60785423
18/01/2024 19:32,3.93E-10,15.7744,0.000360149,10.58278943
18/01/2024 19:48,4.00E-10,15.77017544,0.000362447,10.57829922
18/01/2024 20:00,3.83E-10,15.78,0.000362059,10.57905566
18/01/2024 20:16,3.89E-10,15.77653333,0.000357962,10.58708536
18/01/2024 20:32,3.90E-10,15.77573333,0.000358772,10.58549169
18/01/2024 20:48,4.03E-10,15.76877193,0.000357194,10.58859923
18/01/2024 21:00,4.02E-10,15.76909091,0.000359913,10.58325194
18/01/2024 21:16,3.76E-10,15.78394737,0.000360342,10.58241138
18/01/2024 21:32,3.74E-10,15.78552632,0.000356574,10.58982337
18/01/2024 21:48,3.93E-10,15.77438596,0.000359708,10.5836539
18/01/2024 22:00,4.06E-10,15.76701299,0.000361848,10.57946731
18/01/2024 22:16,3.91E-10,15.77526316,0.000360894,10.58133107
18/01/2024 22:32,4.03E-10,15.76857143,0.000360187,10.58271498
18/01/2024 22:48,3.85E-10,15.77894737,0.000361204,10.58072499
18/01/2024 23:00,3.95E-10,15.77315789,0.000361534,10.58008029
18/01/2024 23:16,3.88E-10,15.77710526,0.000361309,10.5805198
18/01/2024 23:32,3.88E-10,15.77736842,0.000361203,10.58072694
18/01/2024 23:48,3.95E-10,15.77298246,0.000361108,10.58091263
19/01/2024 00:00,4.07E-10,15.76623377,0.000361377,10.58038695
19/01/2024 00:16,3.75E-10,15.78473684,0.000360962,10.58119809
19/01/2024 00:32,3.76E-10,15.78394737,0.000361043,10.5810397
19/01/2024 00:48,3.95E-10,15.77333333,0.000360471,10.58215879
19/01/2024 01:00,3.88E-10,15.7774026,0.000359733,10.58360487
19/01/2024 01:16,3.90E-10,15.77605263,0.000359227,10.58459781
19/01/2024 01:32,3.76E-10,15.78441558,0.000359933,10.58321273
19/01/2024 01:48,3.76E-10,15.78413793,0.000358916,10.58520869
19/01/2024 02:00,3.84E-10,15.77947368,0.000360825,10.58146603
19/01/2024 02:16,3.92E-10,15.77480519,0.000360285,10.58252301
19/01/2024 02:32,3.99E-10,15.77093333,0.000360537,10.58202959
19/01/2024 02:48,3.97E-10,15.77192982,0.000360053,10.58297754
19/01/2024 03:00,3.91E-10,15.77532468,0.000361212,10.58070935
19/01/2024 03:16,3.98E-10,15.77157895,0.000360483,10.5821353
19/01/2024 03:32,3.87E-10,15.7776,0.000359849,10.58337741
19/01/2024 03:48,3.93E-10,15.77403509,0.000360938,10.58124502
19/01/2024 04:00,3.80E-10,15.78207792,0.000360221,10.58264837
19/01/2024 04:16,3.97E-10,15.77184211,0.000360988,10.58114724
19/01/2024 04:32,3.82E-10,15.78077922,0.000359929,10.58322057
19/01/2024 04:48,3.85E-10,15.77894737,0.000354831,10.5932745
19/01/2024 05:00,3.88E-10,15.77736842,0.00035683,10.5893177
19/01/2024 05:16,3.76E-10,15.78447368,0.000356892,10.58919528
19/01/2024 05:32,3.88E-10,15.77710526,0.000356357,10.59025225
19/01/2024 05:48,3.88E-10,15.77689655,0.000356761,10.58945396
19/01/2024 06:00,3.80E-10,15.78157895,0.000356535,10.58990044
19/01/2024 06:16,3.58E-10,15.79526316,0.000355465,10.59201752
19/01/2024 06:32,3.52E-10,15.79894737,0.000344011,10.61502562
19/01/2024 06:48,3.40E-10,15.80655172,0.000345576,10.61184395
19/01/2024 07:00,3.43E-10,15.8048,0.000344328,10.61438016
19/01/2024 07:16,3.48E-10,15.8012987,0.000343449,10.61617117
19/01/2024 07:32,3.50E-10,15.8,0.000344211,10.61461833
19/01/2024 07:48,3.44E-10,15.80421053,0.000342765,10.61756755
19/01/2024 08:00,3.60E-10,15.79368421,0.000342766,10.61756551
19/01/2024 08:16,3.58E-10,15.795,0.000342325,10.61846706
19/01/2024 08:32,3.46E-10,15.80263158,0.000341951,10.61923242
19/01/2024 08:48,3.53E-10,15.79857143,0.000342552,10.61800288
19/01/2024 09:00,3.45E-10,15.8032,0.000342541,10.61802536
19/01/2024 09:16,3.50E-10,15.80027027,0.000342945,10.61719986
19/01/2024 09:32,3.41E-10,15.80630137,0.00034447,10.6140912
19/01/2024 09:48,3.49E-10,15.80072727,0.000343419,10.61623237
19/01/2024 10:00,3.52E-10,15.79918919,0.000343338,10.61639762
19/01/2024 10:16,3.60E-10,15.79378378,0.000347239,10.60847642
19/01/2024 10:32,3.52E-10,15.79863014,0.000349029,10.60486697
19/01/2024 10:48,3.51E-10,15.79928571,0.000351512,10.59988605
19/01/2024 11:00,3.56E-10,15.79638889,0.000354666,10.59360194
19/01/2024 11:16,3.49E-10,15.80054795,0.000339816,10.62361514
19/01/2024 11:32,3.15E-10,15.82383562,0.000326303,10.65191002
19/01/2024 11:48,3.50E-10,15.80037736,0.000340011,10.62321387
19/01/2024 12:00,3.68E-10,15.7890411,0.000347856,10.60723049
19/01/2024 12:16,3.73E-10,15.78583333,0.0003515,10.59991005
19/01/2024 12:32,3.53E-10,15.79828571,0.000341521,10.62011325
19/01/2024 12:48,3.47E-10,15.80222222,0.000339743,10.6237654
19/01/2024 13:00,4.09E-10,15.76540541,0.000356279,10.59040646
19/01/2024 13:16,3.53E-10,15.79805556,0.000339634,10.62398982
19/01/2024 13:32,3.36E-10,15.8096,0.000326664,10.65114129
19/01/2024 13:48,3.28E-10,15.81490909,0.000328462,10.64732325
19/01/2024 14:00,3.81E-10,15.78135135,0.0003483,10.60633507
19/01/2024 14:16,4.03E-10,15.76864865,0.000357043,10.5888972
19/01/2024 14:32,3.81E-10,15.78108108,0.000347088,10.60878162
19/01/2024 14:48,3.26E-10,15.8162963,0.000329335,10.64547585
19/01/2024 15:00,3.27E-10,15.81540541,0.000324123,10.65656764
19/01/2024 15:16,3.33E-10,15.81151515,0.000328029,10.6482411
20/01/2024 02:06,4.36E-10,15.75084507,0.000357263,10.5884631
20/01/2024 02:22,4.27E-10,15.7557047,0.000351449,10.60001206
20/01/2024 02:38,3.74E-10,15.7852349,0.000332858,10.63806265
20/01/2024 02:54,3.54E-10,15.79785714,0.000329191,10.64578029
20/01/2024 03:00,3.89E-10,15.7766443,0.000335691,10.63214957
20/01/2024 03:16,3.88E-10,15.77733333,0.000340036,10.62316244
20/01/2024 03:32,4.09E-10,15.76510067,0.000345544,10.61190888
20/01/2024 03:48,4.50E-10,15.74378378,0.000356353,10.59026016
20/01/2024 04:00,3.75E-10,15.78469799,0.00033484,10.63392132
20/01/2024 04:16,3.95E-10,15.77302013,0.000338319,10.62670214
20/01/2024 04:32,4.30E-10,15.75386667,0.000351196,10.60051829
20/01/2024 04:48,4.42E-10,15.74803571,0.000350755,10.60140143
20/01/2024 05:00,4.44E-10,15.74697368,0.000350336,10.60224138
20/01/2024 05:16,3.87E-10,15.77764706,0.000337632,10.6281227
20/01/2024 05:32,3.80E-10,15.78156863,0.000333944,10.6357909
20/01/2024 05:48,3.92E-10,15.77513043,0.000340162,10.62290328
20/01/2024 06:00,4.47E-10,15.74522876,0.000355221,10.59250106
20/01/2024 06:16,4.06E-10,15.76710526,0.000343906,10.61523953
20/01/2024 06:32,3.87E-10,15.77763158,0.000340698,10.62180174
20/01/2024 06:48,4.40E-10,15.74886957,0.000351015,10.60088064
20/01/2024 07:00,4.29E-10,15.75460526,0.000350984,10.60094272
20/01/2024 07:16,3.98E-10,15.77124183,0.000345184,10.61263974
20/01/2024 07:32,3.61E-10,15.79302632,0.000333573,10.63656627
20/01/2024 07:48,3.73E-10,15.78596491,0.000332555,10.6386976
20/01/2024 08:00,3.79E-10,15.78223684,0.000343408,10.61625481
20/01/2024 08:16,3.87E-10,15.77776316,0.000344856,10.6133062
20/01/2024 08:32,3.68E-10,15.78881579,0.000335903,10.63170878
20/01/2024 08:48,4.08E-10,15.76608696,0.000346484,10.61000357
20/01/2024 09:00,4.04E-10,15.76823529,0.000350342,10.60222935
20/01/2024 09:16,3.88E-10,15.77710526,0.000349301,10.60431988
20/01/2024 09:32,4.03E-10,15.76881579,0.000352045,10.59882074
20/01/2024 09:48,3.45E-10,15.80368421,0.000332634,10.63853201
20/01/2024 10:00,3.56E-10,15.79657895,0.000336782,10.62988371
20/01/2024 10:16,3.80E-10,15.78210526,0.000347215,10.60852492
20/01/2024 10:32,3.67E-10,15.78934211,0.000342613,10.61787818
20/01/2024 10:48,3.32E-10,15.81192982,0.000330122,10.64381399
20/01/2024 11:00,3.61E-10,15.79302632,0.000345116,10.61277787
20/01/2024 11:16,4.13E-10,15.76313725,0.000360098,10.58288935
20/01/2024 11:32,3.92E-10,15.77509934,0.000354679,10.59357614
20/01/2024 11:48,3.63E-10,15.79192982,0.000343036,10.61701403
20/01/2024 12:00,3.94E-10,15.77346405,0.000357185,10.58861698
20/01/2024 12:16,3.83E-10,15.78,0.000351088,10.60073448
20/01/2024 12:32,3.56E-10,15.79633987,0.00034626,10.61045721
20/01/2024 12:48,3.80E-10,15.78185185,0.000358181,10.58665418
20/01/2024 13:00,3.62E-10,15.79293333,0.00034801,10.60691981
20/01/2024 13:16,3.33E-10,15.81133333,0.000332776,10.63823444
20/01/2024 13:32,3.44E-10,15.80410596,0.0003354,10.63275499
20/01/2024 13:48,3.99E-10,15.77105263,0.000356406,10.59015539
20/01/2024 14:00,3.94E-10,15.77350993,0.000359135,10.58477847
20/01/2024 14:16,3.91E-10,15.77526316,0.000362326,10.57853505
20/01/2024 14:32,3.59E-10,15.79466667,0.000349183,10.60455718
20/01/2024 14:48,3.42E-10,15.80517857,0.000343985,10.61507858
20/01/2024 15:00,3.34E-10,15.81093333,0.000340642,10.62191676
20/01/2024 15:16,3.40E-10,15.80697368,0.000340621,10.6219599
20/01/2024 15:32,3.35E-10,15.81013158,0.000344192,10.61465702
20/01/2024 15:48,3.18E-10,15.82142857,0.000325927,10.65271146
20/01/2024 16:00,3.14E-10,15.824,0.000319277,10.66701742
20/01/2024 16:16,3.28E-10,15.81434211,0.000334021,10.63563006
20/01/2024 16:32,3.24E-10,15.81710526,0.00033193,10.64000888
20/01/2024 16:48,2.86E-10,15.84526316,0.00031429,10.67791302
20/01/2024 17:00,2.91E-10,15.84105263,0.00032051,10.66434589
20/01/2024 17:16,3.30E-10,15.81355263,0.000344366,10.61430282
20/01/2024 17:32,3.40E-10,15.80697368,0.00034794,10.60706101
20/01/2024 17:48,3.40E-10,15.80684211,0.000347027,10.60890495
20/01/2024 18:00,3.43E-10,15.80486842,0.000352866,10.59718247
20/01/2024 18:16,3.28E-10,15.81430464,0.000338844,10.6256182
20/01/2024 18:32,3.22E-10,15.8189404,0.000336348,10.63078432
20/01/2024 18:48,3.44E-10,15.80389381,0.000349208,10.60450689
20/01/2024 19:00,3.31E-10,15.81231788,0.000350861,10.60118907
20/01/2024 19:16,2.95E-10,15.83826667,0.000324109,10.65659764
20/01/2024 19:32,3.06E-10,15.82980132,0.000326379,10.65174812
20/01/2024 19:48,3.28E-10,15.81486726,0.000343289,10.6164976
20/01/2024 20:00,3.34E-10,15.81052632,0.000347922,10.60709733
20/01/2024 20:16,3.28E-10,15.81493333,0.000346769,10.60942677
20/01/2024 20:32,3.47E-10,15.80238411,0.000351401,10.60010808
20/01/2024 20:48,3.21E-10,15.81929825,0.000334313,10.63502043
20/01/2024 21:00,3.03E-10,15.83218543,0.000328489,10.64726605
20/01/2024 21:16,3.31E-10,15.8125,0.000339444,10.62438117
20/01/2024 21:32,3.44E-10,15.80381579,0.000350943,10.60102483
20/01/2024 21:48,3.29E-10,15.81363636,0.000338496,10.62633654
20/01/2024 22:00,2.93E-10,15.83986667,0.000320139,10.66514881
20/01/2024 22:16,2.97E-10,15.83629139,0.00032271,10.6596008
20/01/2024 22:32,3.41E-10,15.80569536,0.000349928,10.60306011
20/01/2024 22:48,3.40E-10,15.80649123,0.000348242,10.60645198
20/01/2024 23:00,3.39E-10,15.80728477,0.000344869,10.61327978
20/01/2024 23:16,3.48E-10,15.80172185,0.000346616,10.60973637
20/01/2024 23:32,3.14E-10,15.82407895,0.000329612,10.64489054
20/01/2024 23:48,3.13E-10,15.82530973,0.000324907,10.65488955
21/01/2024 00:00,3.23E-10,15.81801325,0.000335374,10.6328091
21/01/2024 00:16,3.41E-10,15.80605263,0.000346518,10.60993474
21/01/2024 00:32,3.13E-10,15.82493333,0.000325657,10.65328745
21/01/2024 00:48,3.23E-10,15.81824561,0.000326612,10.65125197
21/01/2024 01:00,3.18E-10,15.82173333,0.000333055,10.63765009
21/01/2024 01:16,3.43E-10,15.80476821,0.00034613,10.61072059
21/01/2024 01:32,3.51E-10,15.79933775,0.000348492,10.60594816
21/01/2024 01:48,3.51E-10,15.79928571,0.000348199,10.60653867
21/01/2024 02:00,3.18E-10,15.82134228,0.000336147,10.63120176
21/01/2024 02:16,3.10E-10,15.82746667,0.000325232,10.65419492
21/01/2024 02:32,3.52E-10,15.79865772,0.000347168,10.60861991
21/01/2024 02:48,3.59E-10,15.79446429,0.00034937,10.60418115
21/01/2024 03:00,3.26E-10,15.81613333,0.000338707,10.62590092
21/01/2024 03:16,3.04E-10,15.83121622,0.000323876,10.65709704
21/01/2024 03:32,2.97E-10,15.83635135,0.000323904,10.65703701
21/01/2024 03:48,3.21E-10,15.81963964,0.000338604,10.62611354
21/01/2024 04:00,3.46E-10,15.80281879,0.000351652,10.5996061
21/01/2024 04:16,3.48E-10,15.80146667,0.000349335,10.60425151
21/01/2024 04:32,3.12E-10,15.82594595,0.000338037,10.62728495
21/01/2024 04:48,3.36E-10,15.80910714,0.000343611,10.6158408
21/01/2024 05:00,3.15E-10,15.82346667,0.00034,10.6232365
21/01/2024 05:16,2.88E-10,15.84370861,0.000315834,10.67452406
21/01/2024 05:32,2.89E-10,15.84304636,0.000323243,10.65845533
21/01/2024 05:48,3.03E-10,15.83232143,0.000332965,10.63783854
21/01/2024 06:00,3.15E-10,15.8236,0.000334384,10.63487227
21/01/2024 06:16,2.83E-10,15.84765101,0.000322575,10.65989118
21/01/2024 06:32,2.79E-10,15.85020134,0.000319088,10.6674277
21/01/2024 06:48,2.93E-10,15.83982143,0.000324146,10.65651837
21/01/2024 07:00,3.06E-10,15.83026667,0.000333803,10.63608549
21/01/2024 07:16,3.07E-10,15.82945946,0.000333554,10.636606
21/01/2024 07:32,3.17E-10,15.822,0.000333122,10.63750982
21/01/2024 07:48,2.96E-10,15.83714286,0.000327805,10.64871632
21/01/2024 08:00,2.92E-10,15.84026667,0.000324635,10.65547136
21/01/2024 08:16,2.80E-10,15.85,0.000315472,10.67531736
21/01/2024 08:32,3.03E-10,15.83186667,0.00033227,10.63929529
21/01/2024 08:48,3.09E-10,15.82767857,0.000340534,10.62213862
21/01/2024 09:00,2.75E-10,15.85378378,0.00031612,10.67389787
21/01/2024 09:16,3.11E-10,15.82666667,0.000333462,10.63679839
21/01/2024 09:32,3.16E-10,15.8227027,0.000342643,10.61781687
21/01/2024 09:48,3.18E-10,15.82162162,0.00034111,10.62095604
21/01/2024 10:00,2.77E-10,15.85202703,0.000317606,10.67065199
21/01/2024 10:16,2.77E-10,15.85208054,0.000314111,10.67830683
21/01/2024 10:32,2.87E-10,15.84405405,0.000321399,10.66242512
21/01/2024 10:48,2.99E-10,15.83545455,0.000327985,10.64833442
21/01/2024 11:00,2.92E-10,15.84040541,0.000327513,10.64933622
21/01/2024 11:16,2.96E-10,15.8372973,0.000329419,10.64529831
21/01/2024 11:32,2.99E-10,15.83527027,0.000326761,10.65093485
21/01/2024 11:48,3.00E-10,15.83459459,0.000328043,10.6482114
21/01/2024 12:00,2.92E-10,15.84040541,0.000325685,10.6532277
21/01/2024 12:16,2.93E-10,15.83932432,0.000322579,10.65988258
21/01/2024 12:32,2.73E-10,15.85496599,0.000315647,10.67493376
21/01/2024 12:48,2.84E-10,15.84648649,0.000319299,10.66696967
21/01/2024 13:00,2.89E-10,15.84256757,0.000317641,10.6705757
21/01/2024 13:16,2.92E-10,15.84040816,0.000317498,10.67088746
21/01/2024 13:32,2.83E-10,15.8472973,0.000316687,10.67265784
21/01/2024 13:48,2.81E-10,15.84854545,0.000316634,10.67277367
21/01/2024 14:00,2.90E-10,15.84205479,0.00031588,10.67442331
21/01/2024 14:16,2.93E-10,15.83943662,0.000319904,10.66565781
21/01/2024 14:32,2.78E-10,15.85108108,0.00031262,10.68159452
21/01/2024 14:48,2.85E-10,15.84581818,0.000310103,10.68717496
21/01/2024 15:00,2.79E-10,15.85081081,0.000311713,10.683601
21/01/2024 15:16,2.73E-10,15.85537415,0.000310637,10.68598781
21/01/2024 15:32,2.69E-10,15.85877551,0.000309969,10.68747313
21/01/2024 15:48,2.65E-10,15.86145455,0.000309654,10.68817448
21/01/2024 16:00,2.78E-10,15.85162162,0.000312061,10.68283056
21/01/2024 16:16,2.86E-10,15.84472222,0.000311616,10.68381588
21/01/2024 16:32,2.85E-10,15.84575342,0.000312084,10.68277967
21/01/2024 16:48,2.68E-10,15.85890909,0.000312383,10.68211834
21/01/2024 17:00,2.66E-10,15.86054422,0.000306323,10.69562844
21/01/2024 17:16,2.63E-10,15.86358621,0.000303711,10.70152188
21/01/2024 17:32,2.82E-10,15.84797297,0.000312032,10.68289474
21/01/2024 17:48,2.78E-10,15.85153153,0.000306733,10.69470725
21/01/2024 18:00,2.79E-10,15.85006803,0.000313681,10.67925362
21/01/2024 18:16,2.68E-10,15.85959184,0.000305931,10.69651018
21/01/2024 18:32,2.56E-10,15.86965986,0.000299371,10.71141031
21/01/2024 18:48,2.44E-10,15.87944444,0.000298272,10.71393368
21/01/2024 19:00,2.65E-10,15.86148649,0.000301931,10.70556286
21/01/2024 19:16,2.92E-10,15.84068493,0.00032274,10.65953628
21/01/2024 19:32,2.61E-10,15.86541667,0.000304161,10.70050348
21/01/2024 19:48,2.56E-10,15.86899083,0.000299006,10.7122475
21/01/2024 20:00,2.92E-10,15.84054422,0.000313461,10.67973846
21/01/2024 20:16,3.02E-10,15.83315068,0.000318451,10.66881201
21/01/2024 20:32,3.01E-10,15.8337415,0.00032068,10.66397824
21/01/2024 20:48,2.89E-10,15.84234234,0.000315881,10.67442112
21/01/2024 21:00,2.76E-10,15.85243243,0.000307713,10.69250962
21/01/2024 21:16,2.71E-10,15.85714286,0.000303281,10.70249622
21/01/2024 21:32,2.67E-10,15.85986486,0.000300847,10.70803372
21/01/2024 21:48,2.83E-10,15.84738739,0.000305678,10.69707976
21/01/2024 22:00,2.96E-10,15.8372973,0.000314864,10.67665149
21/01/2024 22:16,3.14E-10,15.82408163,0.000320463,10.66444756
21/01/2024 22:32,3.22E-10,15.81851351,0.000323216,10.65851332
21/01/2024 22:48,3.08E-10,15.82882883,0.000321524,10.6621554
21/01/2024 23:00,3.08E-10,15.82864865,0.000326326,10.65186102
21/01/2024 23:16,2.81E-10,15.84851351,0.000312968,10.68082598
21/01/2024 23:32,2.62E-10,15.8644898,0.000302548,10.70415985
21/01/2024 23:48,2.44E-10,15.88,0.000297726,10.71519028
22/01/2024 00:00,2.53E-10,15.87216216,0.000298823,10.71266757
22/01/2024 00:16,2.56E-10,15.86959459,0.000300273,10.70934516
22/01/2024 00:32,2.47E-10,15.87684932,0.00029985,10.71031297
22/01/2024 00:48,2.50E-10,15.87441441,0.000299832,10.71035418
22/01/2024 01:00,2.50E-10,15.87414966,0.000299994,10.70998337
22/01/2024 01:16,2.54E-10,15.87068493,0.000300709,10.70834881
22/01/2024 01:32,2.45E-10,15.87864865,0.000298696,10.71295922
22/01/2024 01:48,2.50E-10,15.87446429,0.000301401,10.70676999
22/01/2024 02:00,2.46E-10,15.87797297,0.000299026,10.7122016
22/01/2024 02:16,2.50E-10,15.87486486,0.000300712,10.70834196
22/01/2024 02:32,2.47E-10,15.87743243,0.000298664,10.71303272
22/01/2024 02:48,2.67E-10,15.85981982,0.000306985,10.69414158
22/01/2024 03:00,2.73E-10,15.85534247,0.000309835,10.68777141
22/01/2024 03:16,2.66E-10,15.86068493,0.000309681,10.68811434
22/01/2024 03:32,2.66E-10,15.86081081,0.000309404,10.68873155
22/01/2024 03:48,2.85E-10,15.84612613,0.000318431,10.66885552
22/01/2024 04:00,3.01E-10,15.83391892,0.000325644,10.65331519
22/01/2024 04:16,2.93E-10,15.83945578,0.000325497,10.65362897
22/01/2024 04:32,2.97E-10,15.83687075,0.000325454,10.65372077
22/01/2024 04:48,2.90E-10,15.84181818,0.000321747,10.66167446
22/01/2024 05:00,2.84E-10,15.84621622,0.000318993,10.667634
22/01/2024 05:16,2.74E-10,15.85414966,0.00031147,10.68413942
22/01/2024 05:32,2.97E-10,15.83646259,0.000315453,10.67535902
22/01/2024 05:48,2.92E-10,15.84018182,0.000319458,10.6666247
22/01/2024 06:00,2.64E-10,15.86256757,0.000304161,10.70050348
22/01/2024 06:16,2.69E-10,15.85824324,0.000312969,10.68082377
22/01/2024 06:32,2.95E-10,15.83810811,0.000320885,10.66353511
22/01/2024 06:48,2.92E-10,15.84018182,0.00032336,10.65820411
22/01/2024 07:00,3.02E-10,15.83283784,0.000321959,10.6612175
22/01/2024 07:16,2.96E-10,15.83768707,0.000323474,10.65795939
22/01/2024 07:32,2.78E-10,15.85115646,0.000308249,10.69131017
22/01/2024 07:48,2.50E-10,15.87441441,0.000297516,10.71567411
22/01/2024 08:00,2.58E-10,15.86783784,0.000304868,10.69890605
22/01/2024 08:16,2.78E-10,15.85109589,0.000316892,10.67220997
22/01/2024 08:32,2.79E-10,15.85034014,0.000318821,10.66800765
22/01/2024 08:48,2.90E-10,15.84163636,0.000320659,10.66402364
22/01/2024 09:00,3.06E-10,15.83,0.000324954,10.65478906
22/01/2024 09:16,2.82E-10,15.84780822,0.000318963,10.66769916
22/01/2024 09:32,2.57E-10,15.86875,0.000303261,10.70254157
22/01/2024 09:48,2.69E-10,15.85814815,0.000308628,10.69046312
22/01/2024 10:00,2.85E-10,15.84598639,0.000317257,10.67141315
22/01/2024 10:16,3.03E-10,15.83213793,0.000325925,10.65271572
22/01/2024 10:32,3.01E-10,15.83333333,0.000325778,10.65302927
22/01/2024 10:48,2.77E-10,15.85185185,0.000319518,10.66649455
22/01/2024 11:00,2.73E-10,15.85492537,0.00031171,10.68360765
22/01/2024 11:16,2.64E-10,15.86271429,0.000308853,10.68996067
22/01/2024 11:32,2.84E-10,15.84638298,0.000318817,10.66801634
22/01/2024 11:48,3.08E-10,15.82845361,0.000328092,10.64810749
22/01/2024 12:00,3.06E-10,15.83,0.000331698,10.64049616
22/01/2024 12:16,2.97E-10,15.83630137,0.000322737,10.65954274
22/01/2024 12:32,2.96E-10,15.8372028,0.000320724,10.66388311
22/01/2024 12:48,2.93E-10,15.83981481,0.00031843,10.66885769
22/01/2024 13:00,2.82E-10,15.84797101,0.000316098,10.67394602
22/01/2024 13:16,2.86E-10,15.84507042,0.00031509,10.67615532
22/01/2024 13:32,2.96E-10,15.83760563,0.000315146,10.67603242
22/01/2024 13:48,3.01E-10,15.83339806,0.000314919,10.67653071
22/01/2024 14:00,2.80E-10,15.84992481,0.000316354,10.67338588
22/01/2024 14:16,2.88E-10,15.84323529,0.000313856,10.67886816
22/01/2024 14:32,2.87E-10,15.84408759,0.000314371,10.67773488
22/01/2024 14:48,2.91E-10,15.8411215,0.000315487,10.67528447
22/01/2024 15:00,2.64E-10,15.86255319,0.000305196,10.69816602
22/01/2024 15:16,2.56E-10,15.86935252,0.000300521,10.70877828
22/01/2024 15:32,2.58E-10,15.86753425,0.000299457,10.71121319
22/01/2024 15:48,2.51E-10,15.87377358,0.000298505,10.71339804
22/01/2024 16:00,2.81E-10,15.84895105,0.000311306,10.684503
22/01/2024 16:16,2.72E-10,15.85641379,0.000311312,10.68448969
22/01/2024 16:32,2.59E-10,15.86680556,0.000303144,10.7028069
22/01/2024 16:48,2.83E-10,15.84742857,0.000317018,10.67193481
22/01/2024 17:00,2.90E-10,15.84184397,0.000317893,10.67002659
22/01/2024 17:16,2.83E-10,15.84708333,0.000317808,10.67021176
22/01/2024 17:32,2.72E-10,15.85583333,0.000305598,10.69725995
22/01/2024 17:48,2.65E-10,15.86145455,0.000301177,10.70728072
22/01/2024 18:00,2.59E-10,15.86643836,0.000304311,10.7001643
22/01/2024 18:16,2.87E-10,15.8439726,0.000314557,10.67732596
22/01/2024 18:32,2.74E-10,15.85424658,0.000317817,10.67019215
22/01/2024 18:48,2.81E-10,15.84909091,0.000312177,10.68257391
22/01/2024 19:00,2.63E-10,15.86378378,0.000308385,10.69100611
22/01/2024 19:16,2.73E-10,15.85520548,0.000314956,10.67644947
22/01/2024 19:32,2.75E-10,15.8537415,0.000318566,10.66856192
22/01/2024 19:48,2.68E-10,15.85963636,0.000308113,10.69161434
22/01/2024 20:00,2.67E-10,15.86,0.000307722,10.69248946
22/01/2024 20:16,3.00E-10,15.83469388,0.000319856,10.66576181
22/01/2024 20:32,3.06E-10,15.82979592,0.000317147,10.67165321
22/01/2024 20:48,2.59E-10,15.86666667,0.000296449,10.71813692
22/01/2024 21:00,2.61E-10,15.86486111,0.000293926,10.7239906
22/01/2024 21:16,3.02E-10,15.83297297,0.000314214,10.6780802
22/01/2024 21:32,3.10E-10,15.82716216,0.000320432,10.66451463
22/01/2024 21:48,2.82E-10,15.848,0.000308102,10.69163894
22/01/2024 22:00,2.70E-10,15.85739726,0.000301067,10.70753164
22/01/2024 22:16,2.82E-10,15.84810811,0.000308338,10.69111117
22/01/2024 22:32,2.82E-10,15.84808219,0.000308362,10.69105752
22/01/2024 22:48,2.63E-10,15.86345455,0.000297413,10.71591152
22/01/2024 23:00,2.62E-10,15.86438356,0.000297827,10.71495768
22/01/2024 23:16,2.84E-10,15.84662162,0.000311462,10.68415715
22/01/2024 23:32,2.67E-10,15.86027211,0.000299422,10.71129341
22/01/2024 23:48,2.49E-10,15.87545455,0.00029048,10.73205533
23/01/2024 00:00,2.60E-10,15.8662585,0.000293277,10.72550328
23/01/2024 00:16,2.91E-10,15.84108844,0.000312819,10.68115495
23/01/2024 00:32,2.88E-10,15.84367347,0.000309518,10.68847748
23/01/2024 00:48,2.66E-10,15.86127273,0.0002979,10.71478961
23/01/2024 01:00,2.71E-10,15.85714286,0.00030348,10.70204516
23/01/2024 01:16,3.01E-10,15.83346939,0.000314449,10.67756337
23/01/2024 01:32,2.79E-10,15.85040541,0.000302939,10.703272
23/01/2024 01:48,2.61E-10,15.865,0.00029213,10.72818369
23/01/2024 02:00,2.81E-10,15.84891892,0.000314506,10.67743807
23/01/2024 02:16,2.90E-10,15.84216216,0.00031943,10.66668544
23/01/2024 02:32,2.66E-10,15.86108108,0.000306166,10.69598147
23/01/2024 02:48,2.43E-10,15.88072072,0.000296188,10.7187405
23/01/2024 03:00,2.78E-10,15.85154362,0.000312312,10.68227533
23/01/2024 03:16,2.84E-10,15.84666667,0.000316566,10.67292231
23/01/2024 03:32,2.82E-10,15.84797297,0.000317188,10.67156372
23/01/2024 03:48,2.79E-10,15.85081081,0.000319199,10.66718671
23/01/2024 04:00,3.01E-10,15.83351351,0.000321714,10.66174561
23/01/2024 04:16,2.67E-10,15.85972973,0.000304886,10.69886542
23/01/2024 04:32,2.71E-10,15.85648649,0.0003078,10.69231481
23/01/2024 04:48,2.87E-10,15.84414414,0.00031605,10.67405109
23/01/2024 05:00,2.71E-10,15.85662162,0.000310669,10.68591673
23/01/2024 05:16,2.49E-10,15.87530201,0.000299147,10.71192399
23/01/2024 05:32,2.87E-10,15.84391892,0.000310877,10.68545483
23/01/2024 05:48,2.93E-10,15.83982143,0.000323903,10.65703916
23/01/2024 06:00,2.99E-10,15.83540541,0.000321349,10.66253303
23/01/2024 06:16,2.90E-10,15.84162162,0.000314612,10.67720509
23/01/2024 06:32,2.89E-10,15.84281879,0.000318643,10.66839451
23/01/2024 06:48,2.79E-10,15.85009009,0.00031048,10.68633666
23/01/2024 07:00,2.80E-10,15.84945946,0.000313198,10.68031843
23/01/2024 07:16,2.90E-10,15.84164384,0.000314526,10.6773941
23/01/2024 07:32,2.92E-10,15.84067114,0.000315957,10.6742547
23/01/2024 07:48,2.63E-10,15.86342342,0.000306562,10.69509133
23/01/2024 08:00,2.55E-10,15.87054054,0.000296659,10.71765161
23/01/2024 08:16,2.80E-10,15.84946667,0.000312419,10.68203875
23/01/2024 08:32,3.05E-10,15.83081081,0.000321862,10.66142655
23/01/2024 08:48,2.81E-10,15.84872727,0.000318703,10.66826409
23/01/2024 09:00,2.81E-10,15.84851351,0.000311403,10.68428793
23/01/2024 09:16,2.49E-10,15.87539683,0.00030103,10.70761606
26/01/2024 04:35,2.72E-10,15.85621302,0.000313939,10.67868541
26/01/2024 04:51,2.65E-10,15.86206186,0.000309874,10.68768458
26/01/2024 05:00,2.70E-10,15.85770115,0.000311504,10.68406406
26/01/2024 05:16,2.62E-10,15.86425287,0.000310634,10.68599448
26/01/2024 05:32,2.59E-10,15.86705202,0.000309979,10.68745087
26/01/2024 05:48,2.57E-10,15.86815385,0.000308047,10.69176199
26/01/2024 06:00,2.58E-10,15.86781609,0.000308852,10.6899629
26/01/2024 06:16,2.59E-10,15.86716763,0.000305634,10.69717886
26/01/2024 06:32,2.50E-10,15.87418605,0.000297344,10.7160706
26/01/2024 06:48,2.41E-10,15.88248062,0.000294563,10.72250865
26/01/2024 07:00,2.59E-10,15.86670455,0.000308339,10.69110894
26/01/2024 07:16,2.55E-10,15.87011111,0.000301776,10.7059157
26/01/2024 07:32,2.79E-10,15.85027624,0.000318376,10.66897516
26/01/2024 07:48,3.15E-10,15.82364964,0.000331037,10.64188608
26/01/2024 08:00,3.19E-10,15.82099448,0.000335759,10.63200816
26/01/2024 08:16,3.03E-10,15.83242938,0.000328872,10.64645511
26/01/2024 08:32,2.51E-10,15.87333333,0.000304326,10.70013039
26/01/2024 08:48,2.31E-10,15.89155556,0.000294042,10.72372053
26/01/2024 09:00,2.47E-10,15.87754386,0.00030121,10.70720545
26/01/2024 09:16,2.61E-10,15.86551724,0.000312492,10.68187738
26/01/2024 09:32,2.74E-10,15.85477273,0.000314856,10.67666905
26/01/2024 09:48,2.77E-10,15.85228346,0.000321698,10.66178011
26/01/2024 10:00,2.83E-10,15.84701987,0.000317736,10.67036865
26/01/2024 10:16,2.62E-10,15.86462428,0.000313629,10.67936819
26/01/2024 10:32,2.52E-10,15.87299435,0.000307725,10.69248275
26/01/2024 10:48,2.65E-10,15.86186047,0.000316318,10.67346463
26/01/2024 11:00,2.61E-10,15.86469697,0.000313748,10.67910602
26/01/2024 11:16,2.76E-10,15.85259259,0.000317498,10.67088746
26/01/2024 11:32,2.81E-10,15.84923077,0.000313374,10.67993026
26/01/2024 11:48,2.59E-10,15.86671875,0.000306468,10.69530254
26/01/2024 12:00,2.86E-10,15.84491803,0.000319383,10.6667874
