Date,OPR-OCH,PREBER Value,QAVG Value
26/12/2023 01:53,-17.21509434,3.85E-07,13.8845283
26/12/2023 02:00,-17.2649635,3.96E-07,13.87416058
26/12/2023 02:16,-17.23731343,4.00E-07,13.87
26/12/2023 02:32,-17.2,3.97E-07,13.8779562
26/12/2023 02:48,-17.20097087,3.90E-07,13.88
26/12/2023 03:00,-17.18686131,3.90E-07,13.88
26/12/2023 03:16,-17.18686131,3.87E-07,13.88284672
26/12/2023 03:32,-17.15036496,3.80E-07,13.89
26/12/2023 03:48,-17.10294118,3.80E-07,13.89
26/12/2023 04:00,-17.21386861,3.73E-07,13.89729927
26/12/2023 04:16,-17.29264706,3.48E-07,13.92147059
26/12/2023 04:32,-17.29411765,3.57E-07,13.91022059
26/12/2023 04:48,-17.244,3.60E-07,13.91
26/12/2023 05:00,-17.26814815,3.52E-07,13.91562963
26/12/2023 05:16,-17.27321429,3.50E-07,13.92
26/12/2023 05:24,-17.25,3.39E-07,13.92625
26/12/2023 05:40,-17.26950355,3.41E-07,13.92
26/12/2023 05:56,-17.28055556,3.40E-07,13.92
26/12/2023 06:00,-17.24652778,3.40E-07,13.92388889
26/12/2023 06:16,-17.20945946,3.40E-07,13.93
26/12/2023 06:32,-17.21041667,3.32E-07,13.935
26/12/2023 06:48,-17.20275229,3.30E-07,13.94
26/12/2023 07:00,-17.20137931,3.27E-07,13.94
26/12/2023 07:16,-17.20205479,3.20E-07,13.94
26/12/2023 07:32,-17.20068493,3.20E-07,13.94732877
26/12/2023 07:48,-17.20366972,3.20E-07,13.95
26/12/2023 08:00,-17.20068493,3.20E-07,13.95
26/12/2023 08:16,-17.20689655,3.20E-07,13.95
26/12/2023 08:32,-17.2,3.20E-07,13.95
26/12/2023 08:48,-17.20733945,3.20E-07,13.95
26/12/2023 09:00,-17.20272109,3.20E-07,13.95
26/12/2023 09:16,-17.20408163,3.20E-07,13.95
26/12/2023 09:32,-17.2,3.20E-07,13.95
26/12/2023 09:48,-17.20183486,3.20E-07,13.95
26/12/2023 10:00,-17.2,3.20E-07,13.95
26/12/2023 10:16,-17.2,3.20E-07,13.95
26/12/2023 10:32,-17.2,3.20E-07,13.95
26/12/2023 10:48,-17.2,3.20E-07,13.95
26/12/2023 11:00,-17.2,3.20E-07,13.95
26/12/2023 11:16,-17.2,3.20E-07,13.95
26/12/2023 11:32,-17.2,3.20E-07,13.95
26/12/2023 11:48,-17.2,3.20E-07,13.95
26/12/2023 12:00,-17.2,3.20E-07,13.95
26/12/2023 12:16,-17.2,3.20E-07,13.95
26/12/2023 12:32,-17.20072464,3.20E-07,13.95
26/12/2023 12:48,-17.2,3.20E-07,13.95
26/12/2023 13:00,-17.2,3.20E-07,13.95
26/12/2023 13:16,-17.2,3.20E-07,13.95
26/12/2023 13:32,-17.20069444,3.20E-07,13.95
26/12/2023 13:48,-17.2,3.20E-07,13.95
26/12/2023 14:00,-17.20142857,3.20E-07,13.95
26/12/2023 14:16,-17.2,3.12E-07,13.95633094
26/12/2023 14:32,-17.2,3.10E-07,13.95848276
26/12/2023 14:48,-17.2,3.10E-07,13.96
26/12/2023 15:00,-17.20068493,3.10E-07,13.96
26/12/2023 15:16,-17.20072993,3.06E-07,13.96
26/12/2023 15:32,-17.2,3.00E-07,13.96366906
26/12/2023 15:48,-17.2,3.00E-07,13.97
26/12/2023 16:00,-17.2,3.00E-07,13.97
26/12/2023 16:16,-17.20070423,3.00E-07,13.97
26/12/2023 16:32,-17.2260274,3.00E-07,13.97
26/12/2023 16:48,-17.22844037,3.00E-07,13.97
26/12/2023 17:00,-17.20205479,3.00E-07,13.97
26/12/2023 17:16,-17.20137931,3.00E-07,13.97
26/12/2023 17:32,-17.20069444,3.00E-07,13.97
26/12/2023 17:48,-17.2,3.00E-07,13.97
26/12/2023 18:00,-17.20068966,3.00E-07,13.97
26/12/2023 18:16,-17.20205479,3.00E-07,13.97
26/12/2023 18:32,-17.12465753,3.00E-07,13.97
26/12/2023 18:48,-17.1,3.00E-07,13.97
26/12/2023 19:00,-17.1,3.00E-07,13.97
27/12/2023 01:30,-17.17352941,2.90E-07,13.98279412
27/12/2023 01:46,-17.17288136,2.99E-07,13.97169492
27/12/2023 02:00,-17.2,2.95E-07,13.97661765
27/12/2023 02:16,-17.2,3.00E-07,13.97
27/12/2023 02:32,-17.2,3.00E-07,13.97164179
27/12/2023 02:48,-17.2,2.94E-07,13.9798
27/12/2023 03:00,-17.2,2.94E-07,13.98
27/12/2023 03:16,-17.12941176,3.00E-07,13.97073529
27/12/2023 03:32,-17.01176471,3.09E-07,13.96220588
27/12/2023 03:48,-17.03529412,3.10E-07,13.96
27/12/2023 04:00,-17.05735294,3.11E-07,13.95558824
27/12/2023 04:16,-17.08529412,3.10E-07,13.95279412
27/12/2023 04:32,-17.08823529,3.12E-07,13.95
27/12/2023 04:48,-17.07647059,3.10E-07,13.95862745
27/12/2023 05:00,-17.07058824,3.10E-07,13.96
27/12/2023 05:16,-17.07352941,3.10E-07,13.96
27/12/2023 05:32,-17.05362319,3.10E-07,13.96
27/12/2023 05:48,-17.08431373,3.10E-07,13.96
27/12/2023 06:00,-17.10441176,3.10E-07,13.96
27/12/2023 06:16,-17.11176471,3.10E-07,13.96
27/12/2023 06:32,-17.1,3.10E-07,13.96
27/12/2023 06:48,-17.1,3.10E-07,13.96
27/12/2023 07:00,-17.1,3.10E-07,13.96
27/12/2023 07:16,-17.11470588,3.10E-07,13.96
27/12/2023 07:32,-17.16470588,3.10E-07,13.96
27/12/2023 07:48,-17.19215686,3.10E-07,13.96
27/12/2023 08:00,-17.19558824,3.10E-07,13.96
27/12/2023 08:16,-17.19558824,3.10E-07,13.96
27/12/2023 08:32,-17.19705882,3.10E-07,13.96
27/12/2023 08:48,-17.2,3.10E-07,13.96
27/12/2023 09:00,-17.2,3.10E-07,13.96
27/12/2023 09:16,-17.13676471,3.10E-07,13.96
27/12/2023 09:32,-17.1,3.10E-07,13.96
27/12/2023 09:48,-17.1,3.10E-07,13.96
27/12/2023 10:00,-17.1,3.10E-07,13.96
27/12/2023 10:16,-17.1,3.10E-07,13.96
27/12/2023 10:32,-17.1,3.10E-07,13.96
27/12/2023 10:48,-17.1,3.10E-07,13.96
27/12/2023 11:00,-17.1,3.10E-07,13.96
27/12/2023 11:16,-17.1,3.11E-07,13.95866667
30/12/2023 18:19,-17.20704225,2.86E-07,13.98549296
30/12/2023 18:35,-17.20675676,2.91E-07,13.98459459
30/12/2023 18:51,-17.21666667,3.12E-07,13.96047619
30/12/2023 19:00,-17.2260274,3.16E-07,13.95479452
30/12/2023 19:16,-17.21891892,3.06E-07,13.96810811
30/12/2023 19:32,-17.25810811,3.00E-07,13.97
30/12/2023 19:48,-17.20892857,3.00E-07,13.97017857
30/12/2023 20:00,-17.24594595,3.00E-07,13.98
30/12/2023 20:16,-17.2106383,3.00E-07,13.98
31/12/2023 01:11,-17.20258621,2.79E-07,13.99586207
31/12/2023 01:27,-17.2,2.80E-07,13.99
31/12/2023 01:43,-17.20409836,2.81E-07,13.99
31/12/2023 01:59,-17.2,2.90E-07,13.99
31/12/2023 02:00,-17.20967742,2.90E-07,13.98306452
31/12/2023 02:16,-17.2057377,2.90E-07,13.98
31/12/2023 02:32,-17.17142857,2.90E-07,13.98
31/12/2023 02:48,-17.1,2.90E-07,13.98
31/12/2023 03:00,-17.1,2.90E-07,13.98
31/12/2023 03:16,-17.1,2.90E-07,13.98
31/12/2023 03:32,-17.1,2.90E-07,13.98
31/12/2023 03:48,-17.1,2.90E-07,13.98
31/12/2023 04:00,-17.1,2.98E-07,13.97398438
31/12/2023 04:16,-17.1,3.00E-07,13.97
31/12/2023 04:32,-17.1078125,3.00E-07,13.97
31/12/2023 04:48,-17.1,3.00E-07,13.97
31/12/2023 05:00,-17.1,3.00E-07,13.97359375
31/12/2023 05:16,-17.1,2.92E-07,13.98
31/12/2023 05:32,-17.1,2.90E-07,13.98
31/12/2023 05:48,-17.1,2.90E-07,13.98
31/12/2023 06:00,-17.1,2.90E-07,13.98375
31/12/2023 06:16,-17.1,2.85E-07,13.99
31/12/2023 06:32,-17.1,2.80E-07,13.99
31/12/2023 06:48,-17.1,2.80E-07,13.99
31/12/2023 07:00,-17.121875,2.80E-07,13.99
31/12/2023 07:16,-17.2,2.80E-07,13.99
31/12/2023 07:32,-17.19921875,2.80E-07,13.99
31/12/2023 07:48,-17.2,2.80E-07,13.99
31/12/2023 08:00,-17.19076923,2.92E-07,13.97769231
31/12/2023 08:16,-17.1,3.00E-07,13.97
31/12/2023 08:32,-17.09765625,3.00E-07,13.97
31/12/2023 08:48,-17.1,3.00E-07,13.97
31/12/2023 09:00,-17.090625,3.00E-07,13.97
31/12/2023 09:16,-17.04615385,3.00E-07,13.97
31/12/2023 09:32,-17.00846154,2.96E-07,13.97384615
31/12/2023 09:48,-17.018,2.90E-07,13.98
31/12/2023 10:00,-17.00230769,2.90E-07,13.99
31/12/2023 10:16,-17.00310078,2.80E-07,13.99
31/12/2023 10:32,-17,2.80E-07,13.99165414
31/12/2023 10:48,-17,2.80E-07,14
31/12/2023 11:00,-17.09435484,2.76E-07,14
31/12/2023 11:16,-17.00967742,2.70E-07,14
31/12/2023 11:32,-17,2.70E-07,14
31/12/2023 11:48,-17.07282609,2.70E-07,14.00358696
31/12/2023 12:00,-17.06269841,2.70E-07,14
31/12/2023 12:16,-17.01484375,2.70E-07,14
31/12/2023 12:32,-17.07538462,2.70E-07,14
31/12/2023 12:48,-17.07525773,2.70E-07,14
31/12/2023 13:00,-17.02384615,2.70E-07,14
31/12/2023 13:16,-17.07209302,2.71E-07,14
31/12/2023 13:32,-17.0171875,2.80E-07,14
31/12/2023 13:48,-17.00729167,2.80E-07,14
31/12/2023 14:00,-17.0984375,2.80E-07,13.99007813
31/12/2023 14:16,-17.06769231,2.80E-07,13.99
31/12/2023 14:32,-17.00076923,2.80E-07,13.99
31/12/2023 14:48,-17.03265306,2.80E-07,13.99
31/12/2023 15:00,-17.01640625,2.86E-07,13.99
31/12/2023 15:16,-17,2.90E-07,13.99
31/12/2023 15:32,-17,2.90E-07,13.99
31/12/2023 15:48,-17,2.90E-07,13.99
31/12/2023 16:00,-17,2.90E-07,13.99
31/12/2023 16:16,-17.0203125,2.90E-07,13.99
31/12/2023 16:32,-17,2.90E-07,13.99
31/12/2023 16:48,-17.00612245,2.90E-07,13.99
31/12/2023 17:00,-17,2.90E-07,13.99
31/12/2023 17:16,-17,2.90E-07,13.98945736
31/12/2023 17:32,-17,2.90E-07,13.98
31/12/2023 17:48,-17.00520833,2.90E-07,13.98
31/12/2023 18:00,-17,2.90E-07,13.98
31/12/2023 18:16,-17,2.90E-07,13.98
31/12/2023 18:32,-17.05348837,2.90E-07,13.98
31/12/2023 18:48,-17.02526316,2.90E-07,13.98
31/12/2023 19:00,-17,2.90E-07,13.98
31/12/2023 19:16,-17,2.96E-07,13.98
31/12/2023 19:32,-17.0875,3.00E-07,13.97546875
31/12/2023 19:48,-17.03979592,3.00E-07,13.97
31/12/2023 20:00,-17,3.00E-07,13.97
31/12/2023 20:16,-17.00677966,3.00E-07,13.97
31/12/2023 20:32,-17.03813559,3.00E-07,13.97
31/12/2023 20:48,-17,3.00E-07,13.97
31/12/2023 21:00,-17,3.00E-07,13.97
31/12/2023 21:16,-16.9984,3.00E-07,13.97
31/12/2023 21:32,-17,3.00E-07,13.97
31/12/2023 21:48,-17,3.00E-07,13.97
31/12/2023 22:00,-17,3.00E-07,13.97
31/12/2023 22:16,-16.99912281,3.00E-07,13.97
31/12/2023 22:32,-17,3.00E-07,13.97
31/12/2023 22:48,-17,3.00E-07,13.97
31/12/2023 23:00,-16.99916667,3.00E-07,13.97
31/12/2023 23:16,-17,3.00E-07,13.97
31/12/2023 23:32,-16.99824561,3.00E-07,13.97
31/12/2023 23:48,-16.98555556,3.06E-07,13.97
01/01/2024 00:00,-16.99758065,3.10E-07,13.96258065
01/01/2024 00:16,-16.97086614,3.10E-07,13.96
01/01/2024 00:32,-17.02016129,3.10E-07,13.96
01/01/2024 00:48,-17.0483871,3.10E-07,13.96
01/01/2024 01:00,-17.01854839,3.10E-07,13.96
01/01/2024 01:16,-17.0109375,3.10E-07,13.96
01/01/2024 01:32,-17,3.10E-07,13.96
01/01/2024 01:48,-17,3.10E-07,13.96
01/01/2024 02:00,-17,3.10E-07,13.96
01/01/2024 02:16,-17,3.10E-07,13.96
01/01/2024 02:32,-17.00078125,3.10E-07,13.96
01/01/2024 02:48,-17,3.10E-07,13.96
01/01/2024 03:00,-17,3.10E-07,13.96
01/01/2024 03:16,-17,3.10E-07,13.96
01/01/2024 03:32,-17,3.10E-07,13.96
01/01/2024 03:48,-17,3.10E-07,13.96
01/01/2024 04:00,-16.99538462,3.10E-07,13.96
01/01/2024 04:16,-16.9578125,3.10E-07,13.96
01/01/2024 04:32,-16.97177419,3.10E-07,13.96
01/01/2024 04:48,-16.98829787,3.10E-07,13.96
01/01/2024 05:00,-16.96384615,3.10E-07,13.96
01/01/2024 05:16,-16.99166667,3.10E-07,13.96
01/01/2024 05:32,-17.03174603,3.10E-07,13.96
01/01/2024 05:48,-17.01630435,3.10E-07,13.96
01/01/2024 06:00,-17.00634921,3.10E-07,13.96
01/01/2024 06:16,-17.00080645,3.10E-07,13.96
01/01/2024 06:32,-17,3.10E-07,13.96
01/01/2024 06:48,-17,3.10E-07,13.96
01/01/2024 07:00,-17,3.10E-07,13.96
01/01/2024 07:16,-17,3.10E-07,13.96
01/01/2024 07:32,-17,3.10E-07,13.96
01/01/2024 07:48,-17,3.10E-07,13.96
01/01/2024 08:00,-17.00075758,3.10E-07,13.96
01/01/2024 08:16,-17,3.10E-07,13.96
01/01/2024 08:32,-17.00079365,3.10E-07,13.96
01/01/2024 08:48,-17,3.10E-07,13.96
01/01/2024 09:00,-17.00151515,3.10E-07,13.96
01/01/2024 09:16,-17.00833333,3.17E-07,13.95015152
01/01/2024 09:32,-17.00230769,3.20E-07,13.95
01/01/2024 09:48,-17.00714286,3.20E-07,13.95
01/01/2024 10:00,-17.01461538,3.20E-07,13.95
01/01/2024 10:16,-17.00923077,3.20E-07,13.95
01/01/2024 10:32,-17.00542636,3.20E-07,13.95
01/01/2024 10:48,-17.00103093,3.20E-07,13.95
01/01/2024 11:00,-17.00555556,3.20E-07,13.95
01/01/2024 11:16,-17.0096,3.20E-07,13.95
01/01/2024 11:32,-17.008,3.20E-07,13.95
01/01/2024 11:48,-17.009375,3.20E-07,13.95
01/01/2024 12:00,-17.04296875,3.20E-07,13.95
01/01/2024 12:16,-17.08863636,3.20E-07,13.95
01/01/2024 12:32,-17.08538462,3.20E-07,13.95
01/01/2024 12:48,-17.08541667,3.20E-07,13.95
01/01/2024 13:00,-17.07,3.20E-07,13.95
01/01/2024 13:16,-17.00153846,3.20E-07,13.95
01/01/2024 13:32,-17,3.20E-07,13.95
01/01/2024 13:48,-17.00833333,3.20E-07,13.95
01/01/2024 14:00,-17.06461538,3.20E-07,13.95
01/01/2024 14:16,-17,3.20E-07,13.95
01/01/2024 14:32,-16.92272727,3.20E-07,13.95
01/01/2024 14:48,-16.90707071,3.20E-07,13.95
01/01/2024 15:00,-16.92442748,3.20E-07,13.95
01/01/2024 15:16,-16.95692308,3.20E-07,13.95
01/01/2024 15:32,-16.98923077,3.20E-07,13.95
01/01/2024 15:48,-16.99897959,3.20E-07,13.95
01/01/2024 16:00,-17,3.20E-07,13.95
01/01/2024 16:16,-17,3.20E-07,13.95
01/01/2024 16:32,-17,3.20E-07,13.95
01/01/2024 16:48,-17,3.20E-07,13.95
01/01/2024 17:00,-17,3.20E-07,13.95
01/01/2024 17:16,-17,3.20E-07,13.95
01/01/2024 17:32,-17,3.20E-07,13.95
01/01/2024 17:48,-17,3.20E-07,13.95
01/01/2024 18:00,-17,3.20E-07,13.95
01/01/2024 18:16,-17,3.20E-07,13.95
01/01/2024 18:32,-17,3.20E-07,13.95
01/01/2024 18:48,-17,3.20E-07,13.95
01/01/2024 19:00,-17,3.20E-07,13.95
01/01/2024 19:16,-17,3.20E-07,13.95
01/01/2024 19:32,-16.996875,3.20E-07,13.95
01/01/2024 19:48,-16.97395833,3.20E-07,13.95
01/01/2024 20:00,-16.97786885,3.20E-07,13.95
01/01/2024 20:16,-16.99307692,3.20E-07,13.95
01/01/2024 20:32,-16.98095238,3.20E-07,13.95
01/01/2024 20:48,-16.99473684,3.20E-07,13.95
01/01/2024 21:00,-16.9981982,3.20E-07,13.95
01/01/2024 21:16,-16.99920635,3.20E-07,13.95
01/01/2024 21:32,-17,3.20E-07,13.95
01/01/2024 21:48,-17,3.20E-07,13.95
01/01/2024 22:00,-16.99833333,3.20E-07,13.95
01/01/2024 22:16,-17,3.20E-07,13.95
01/01/2024 22:32,-17,3.20E-07,13.95
01/01/2024 22:48,-17,3.20E-07,13.95
01/01/2024 23:00,-17,3.20E-07,13.95
01/01/2024 23:16,-17.00725806,3.20E-07,13.95
01/01/2024 23:32,-17.02166667,3.20E-07,13.95
01/01/2024 23:48,-17.03913043,3.20E-07,13.95
02/01/2024 00:00,-17.05901639,3.20E-07,13.95
02/01/2024 00:16,-17.06935484,3.20E-07,13.95
02/01/2024 00:32,-17.03984375,3.20E-07,13.95
02/01/2024 00:48,-17.04148936,3.20E-07,13.95
02/01/2024 01:00,-17.05645161,3.20E-07,13.95
02/01/2024 01:16,-17.0452381,3.20E-07,13.95
02/01/2024 01:32,-17.05968992,3.20E-07,13.95
02/01/2024 01:48,-17.05806452,3.20E-07,13.95
02/01/2024 02:00,-17.07192982,3.20E-07,13.95
02/01/2024 02:16,-17.06764706,3.20E-07,13.95
04/01/2024 02:10,-17.2,2.71E-07,14.0004065
04/01/2024 02:26,-17.2,2.70E-07,14.00711111
04/01/2024 02:42,-17.2,2.61E-07,14.01
04/01/2024 02:58,-17.2,2.60E-07,14.01
04/01/2024 03:00,-17.2,2.60E-07,14.01036496
04/01/2024 03:16,-17.2,2.60E-07,14.01
04/01/2024 03:32,-17.2,2.68E-07,14.01
04/01/2024 03:48,-17.2,2.70E-07,14.01
04/01/2024 04:00,-17.2,2.70E-07,14.01
04/01/2024 04:16,-17.2,2.70E-07,14.01
04/01/2024 04:32,-17.2,2.61E-07,14.01
04/01/2024 04:48,-17.2,2.60E-07,14.01
04/01/2024 05:00,-17.2,2.60E-07,14.01
04/01/2024 05:16,-17.2,2.60E-07,14.01
04/01/2024 05:32,-17.19927536,2.60E-07,14.0165942
04/01/2024 05:48,-17.19901961,2.60E-07,14.02
04/01/2024 06:00,-17.2,2.60E-07,14.02
04/01/2024 06:16,-17.2,2.60E-07,14.01496296
04/01/2024 06:32,-17.19927536,2.60E-07,14.01021739
04/01/2024 06:48,-17.2,2.60E-07,14.02
04/01/2024 07:00,-17.2,2.60E-07,14.02
04/01/2024 07:16,-17.19928058,2.60E-07,14.02
04/01/2024 07:32,-17.19928058,2.60E-07,14.02
04/01/2024 07:48,-17.2,2.60E-07,14.02
04/01/2024 08:00,-17.2,2.60E-07,14.02
04/01/2024 08:16,-17.2,2.60E-07,14.02
04/01/2024 08:32,-17.2,2.60E-07,14.02
04/01/2024 08:48,-17.19809524,2.60E-07,14.02
04/01/2024 09:00,-17.19858156,2.60E-07,14.02
04/01/2024 09:16,-17.2,2.60E-07,14.02
04/01/2024 09:32,-17.19927536,2.60E-07,14.02
04/01/2024 09:48,-17.1950495,2.60E-07,14.02
04/01/2024 10:00,-17.1942446,2.60E-07,14.02
04/01/2024 10:16,-17.09416058,2.60E-07,14.02
04/01/2024 10:32,-16.82826087,2.60E-07,14.02
04/01/2024 10:48,-16.697,2.60E-07,14.02
04/01/2024 11:00,-16.65746269,2.60E-07,14.02
04/01/2024 11:16,-16.90984848,2.60E-07,14.02
04/01/2024 11:32,-16.9,2.60E-07,14.01891473
04/01/2024 11:48,-16.9,2.60E-07,14.01
04/01/2024 12:00,-16.80218978,2.65E-07,14.01
04/01/2024 12:16,-16.8,2.70E-07,14.01
04/01/2024 13:03,-16.8,3.44E-07,13.92438356
04/01/2024 13:19,-16.71917808,3.47E-07,13.92
04/01/2024 13:35,-16.71216216,3.46E-07,13.92
04/01/2024 13:51,-16.7,3.50E-07,13.92
10/01/2024 17:06,-16.64935897,2.67E-07,14.00705128
10/01/2024 17:22,-16.59202128,2.60E-07,14.01207447
10/01/2024 17:38,-16.59680851,2.60E-07,14.02
10/01/2024 17:54,-16.56142857,2.60E-07,14.02
10/01/2024 18:00,-16.5,2.60E-07,14.02
10/01/2024 18:16,-16.48901099,2.60E-07,14.01098901
10/01/2024 18:32,-16.40108696,2.65E-07,14.01
10/01/2024 18:48,-16.4,2.70E-07,14.01
10/01/2024 19:00,-16.4,2.70E-07,14.01
10/01/2024 19:16,-16.4,2.70E-07,14.01
10/01/2024 19:32,-16.4,2.70E-07,14.01
10/01/2024 19:48,-16.4,2.70E-07,14.01
10/01/2024 20:00,-16.4,2.70E-07,14.01
11/01/2024 12:53,-16.4,2.85E-07,13.9859375
11/01/2024 13:00,-16.4,2.90E-07,13.98
11/01/2024 13:16,-16.4,2.90E-07,13.98
11/01/2024 13:32,-16.4,2.90E-07,13.97540541
11/01/2024 13:48,-16.4,2.90E-07,13.98
11/01/2024 14:00,-16.4,2.90E-07,13.98
11/01/2024 14:16,-16.4,2.88E-07,13.98342466
11/01/2024 14:32,-16.4,2.80E-07,13.99
11/01/2024 15:25,-16.4,2.86E-07,13.98407895
11/01/2024 15:41,-16.4,2.90E-07,13.98
11/01/2024 15:57,-16.4,2.90E-07,13.98
11/01/2024 16:00,-16.4012987,2.90E-07,13.98
11/01/2024 16:16,-16.4,2.90E-07,13.98
11/01/2024 16:32,-16.40526316,2.90E-07,13.98
11/01/2024 16:48,-16.46964286,2.87E-07,13.98410714
11/01/2024 17:00,-16.49078947,2.80E-07,13.99
11/01/2024 17:16,-16.46842105,2.80E-07,13.99
11/01/2024 17:32,-16.428,2.80E-07,13.99
11/01/2024 17:48,-16.41929825,2.80E-07,13.99
11/01/2024 18:00,-16.47105263,2.80E-07,13.99
11/01/2024 18:16,-16.45921053,2.80E-07,13.99
11/01/2024 18:32,-16.46052632,2.80E-07,13.99
11/01/2024 18:48,-16.41403509,2.80E-07,13.99
11/01/2024 19:00,-16.40394737,2.80E-07,13.99
11/01/2024 19:16,-16.40263158,2.80E-07,13.99
11/01/2024 19:32,-16.4,2.80E-07,13.99
11/01/2024 19:48,-16.4,2.80E-07,13.99
11/01/2024 20:00,-16.4,2.80E-07,13.99
11/01/2024 20:16,-16.40266667,2.80E-07,13.99
11/01/2024 20:32,-16.42368421,2.80E-07,13.99
11/01/2024 20:48,-16.44736842,2.80E-07,13.99
11/01/2024 21:00,-16.47236842,2.80E-07,13.99
11/01/2024 21:16,-16.40657895,2.80E-07,13.99
11/01/2024 21:32,-16.425,2.80E-07,13.99
11/01/2024 21:48,-16.41754386,2.80E-07,13.99
11/01/2024 22:00,-16.42105263,2.80E-07,13.99
11/01/2024 22:16,-16.46710526,2.89E-07,13.99
11/01/2024 22:32,-16.45,2.80E-07,13.99
11/01/2024 22:48,-16.41578947,2.88E-07,13.99
11/01/2024 23:00,-16.4,2.90E-07,13.98407895
11/01/2024 23:16,-16.4,2.90E-07,13.98
11/01/2024 23:32,-16.4,2.90E-07,13.98
11/01/2024 23:48,-16.41607143,2.90E-07,13.98
12/01/2024 00:00,-16.40394737,2.90E-07,13.98
12/01/2024 00:16,-16.40131579,2.90E-07,13.98
12/01/2024 00:32,-16.4,2.90E-07,13.98
12/01/2024 00:48,-16.4,2.90E-07,13.98
12/01/2024 01:00,-16.4,2.90E-07,13.98
12/01/2024 01:16,-16.4,2.90E-07,13.98
12/01/2024 01:32,-16.4,2.90E-07,13.98
12/01/2024 01:48,-16.4,2.90E-07,13.98
12/01/2024 02:00,-16.4,2.90E-07,13.98
12/01/2024 02:16,-16.4,2.90E-07,13.98
12/01/2024 02:32,-16.4,2.90E-07,13.98
12/01/2024 02:48,-16.4,2.90E-07,13.98
12/01/2024 03:00,-16.4,2.90E-07,13.98
12/01/2024 03:16,-16.40131579,2.90E-07,13.98
12/01/2024 03:32,-16.4,2.90E-07,13.98
12/01/2024 03:48,-16.40350877,2.90E-07,13.98
12/01/2024 04:00,-16.4,2.90E-07,13.98
12/01/2024 04:16,-16.4,2.90E-07,13.98
12/01/2024 04:32,-16.4,2.90E-07,13.98
12/01/2024 04:48,-16.4,2.90E-07,13.98
12/01/2024 05:00,-16.3974026,2.90E-07,13.98
12/01/2024 05:16,-16.4,2.90E-07,13.98
12/01/2024 05:32,-16.4,2.90E-07,13.98
12/01/2024 05:48,-16.4,2.90E-07,13.98
12/01/2024 06:00,-16.40263158,2.90E-07,13.98
12/01/2024 06:16,-16.40526316,2.90E-07,13.98
12/01/2024 06:32,-16.40394737,2.90E-07,13.98
12/01/2024 06:48,-16.40701754,2.90E-07,13.98
12/01/2024 07:00,-16.4,2.90E-07,13.98
12/01/2024 07:16,-16.4012987,2.90E-07,13.98
12/01/2024 07:32,-16.4,2.90E-07,13.98
12/01/2024 07:48,-16.48392857,2.90E-07,13.98
12/01/2024 08:00,-16.5,2.90E-07,13.98
12/01/2024 08:16,-16.49736842,2.90E-07,13.98
12/01/2024 08:32,-16.48133333,2.90E-07,13.98
12/01/2024 08:48,-16.4877193,2.90E-07,13.98
12/01/2024 09:00,-16.46447368,2.90E-07,13.98
12/01/2024 09:16,-16.44533333,2.90E-07,13.98
12/01/2024 09:32,-16.49078947,2.90E-07,13.98
12/01/2024 09:48,-16.49090909,2.90E-07,13.98
12/01/2024 10:00,-16.48947368,2.90E-07,13.98
12/01/2024 10:16,-16.45263158,2.90E-07,13.98
12/01/2024 10:32,-16.464,2.90E-07,13.98
12/01/2024 10:48,-16.47857143,2.90E-07,13.98
12/01/2024 11:00,-16.5,2.90E-07,13.98
12/01/2024 11:16,-16.49868421,2.90E-07,13.98
12/01/2024 11:32,-16.5,2.90E-07,13.98
12/01/2024 11:48,-16.5,2.90E-07,13.98
12/01/2024 12:00,-16.50263158,2.90E-07,13.98
12/01/2024 12:16,-16.50657895,2.90E-07,13.98
12/01/2024 12:32,-16.48026316,2.90E-07,13.98
12/01/2024 12:48,-16.43684211,2.90E-07,13.98
12/01/2024 13:00,-16.49220779,2.90E-07,13.98
12/01/2024 13:16,-16.44868421,2.90E-07,13.98
12/01/2024 13:32,-16.45131579,2.90E-07,13.98
12/01/2024 13:48,-16.48421053,2.90E-07,13.98
12/01/2024 14:00,-16.5,2.90E-07,13.98
12/01/2024 14:16,-16.5,2.90E-07,13.98
12/01/2024 14:32,-16.5,2.90E-07,13.98
12/01/2024 14:48,-16.5,2.90E-07,13.98
12/01/2024 15:00,-16.475,2.90E-07,13.98
12/01/2024 15:16,-16.412,2.90E-07,13.98
12/01/2024 15:32,-16.40133333,2.90E-07,13.98
12/01/2024 15:48,-16.45263158,2.90E-07,13.98
12/01/2024 16:00,-16.44868421,2.90E-07,13.98
12/01/2024 16:16,-16.456,2.90E-07,13.98
12/01/2024 16:32,-16.5,2.90E-07,13.98
12/01/2024 16:48,-16.5,2.90E-07,13.98
12/01/2024 17:00,-16.5,2.90E-07,13.98
12/01/2024 17:16,-16.49868421,2.90E-07,13.98
12/01/2024 17:32,-16.49736842,2.90E-07,13.98
12/01/2024 17:48,-16.48947368,2.90E-07,13.98105263
12/01/2024 18:00,-16.48815789,2.90E-07,13.99
12/01/2024 18:16,-16.43947368,2.90E-07,13.99
12/01/2024 18:32,-16.43552632,2.90E-07,13.99
12/01/2024 18:48,-16.49473684,2.88E-07,13.99
12/01/2024 19:00,-16.47368421,2.80E-07,13.99
12/01/2024 19:16,-16.4,2.80E-07,13.99
12/01/2024 19:32,-16.4,2.80E-07,13.99
12/01/2024 19:48,-16.4,2.80E-07,13.99
12/01/2024 20:00,-16.47763158,2.80E-07,13.99
12/01/2024 20:16,-16.5,2.80E-07,13.99
12/01/2024 20:32,-16.5,2.80E-07,13.99
12/01/2024 20:48,-16.5,2.80E-07,13.99
12/01/2024 21:00,-16.5,2.80E-07,13.99
12/01/2024 21:16,-16.5,2.80E-07,13.99
12/01/2024 21:32,-16.5,2.80E-07,13.99
12/01/2024 21:48,-16.5,2.80E-07,13.99
12/01/2024 22:00,-16.5,2.80E-07,13.99
12/01/2024 22:16,-16.45657895,2.80E-07,13.99
12/01/2024 22:32,-16.4,2.80E-07,13.99
12/01/2024 22:48,-16.4,2.80E-07,13.99
12/01/2024 23:00,-16.4,2.80E-07,13.99
12/01/2024 23:16,-16.4,2.80E-07,13.99
12/01/2024 23:32,-16.47368421,2.80E-07,13.99
12/01/2024 23:48,-16.5,2.80E-07,13.99
13/01/2024 00:00,-16.5,2.80E-07,13.99
13/01/2024 00:16,-16.5,2.80E-07,13.99
13/01/2024 00:32,-16.5,2.80E-07,13.99
13/01/2024 00:48,-16.5,2.80E-07,13.99
13/01/2024 01:00,-16.5,2.80E-07,13.99
13/01/2024 01:16,-16.5,2.80E-07,13.99
13/01/2024 01:32,-16.5,2.80E-07,13.99
13/01/2024 01:48,-16.5,2.80E-07,13.99
13/01/2024 02:00,-16.5,2.80E-07,13.99
13/01/2024 02:16,-16.5,2.80E-07,13.99
13/01/2024 02:32,-16.5,2.80E-07,13.99
13/01/2024 02:48,-16.5,2.80E-07,13.99
13/01/2024 03:00,-16.5,2.80E-07,13.99078947
13/01/2024 03:16,-16.5,2.80E-07,14
13/01/2024 03:32,-16.5,2.80E-07,14
13/01/2024 03:48,-16.5,2.80E-07,14
13/01/2024 04:00,-16.49868421,2.80E-07,14
13/01/2024 04:16,-16.48947368,2.80E-07,14
13/01/2024 04:32,-16.48552632,2.80E-07,14
13/01/2024 04:48,-16.46315789,2.80E-07,14
13/01/2024 05:00,-16.49210526,2.80E-07,14
13/01/2024 05:16,-16.49736842,2.80E-07,14
13/01/2024 05:32,-16.49480519,2.80E-07,14
13/01/2024 05:48,-16.4,2.80E-07,14
13/01/2024 06:00,-16.39605263,2.79E-07,14
13/01/2024 06:16,-16.39736842,2.70E-07,14
13/01/2024 06:32,-16.40263158,2.70E-07,14
13/01/2024 06:48,-16.4,2.70E-07,14
13/01/2024 07:00,-16.41168831,2.70E-07,14
13/01/2024 07:16,-16.40131579,2.70E-07,14
13/01/2024 07:32,-16.4,2.70E-07,14
13/01/2024 07:48,-16.4,2.70E-07,14
13/01/2024 08:00,-16.48815789,2.70E-07,14
13/01/2024 08:16,-16.49736842,2.70E-07,14
13/01/2024 08:32,-16.5,2.70E-07,14
13/01/2024 08:48,-16.5,2.70E-07,14
13/01/2024 09:00,-16.5,2.70E-07,14
13/01/2024 09:16,-16.4987013,2.70E-07,14
13/01/2024 09:32,-16.5,2.70E-07,14
13/01/2024 09:48,-16.44035088,2.70E-07,14
13/01/2024 10:00,-16.41710526,2.70E-07,14
13/01/2024 10:16,-16.5,2.70E-07,14
13/01/2024 10:32,-16.5,2.70E-07,14
13/01/2024 10:48,-16.5,2.70E-07,14
13/01/2024 11:00,-16.49868421,2.70E-07,14
13/01/2024 11:16,-16.5,2.70E-07,14
13/01/2024 11:32,-16.5,2.70E-07,14
13/01/2024 11:48,-16.5,2.70E-07,14
13/01/2024 12:00,-16.5,2.70E-07,14
13/01/2024 12:16,-16.5,2.70E-07,14
13/01/2024 12:32,-16.5,2.70E-07,14
13/01/2024 12:48,-16.5,2.70E-07,14
13/01/2024 13:00,-16.5,2.70E-07,14
13/01/2024 13:16,-16.5,2.70E-07,14
13/01/2024 13:32,-16.49868421,2.70E-07,14
13/01/2024 13:48,-16.5,2.70E-07,14
14/01/2024 00:18,-16.42361111,2.49E-07,14.03215278
14/01/2024 00:34,-16.416,2.53E-07,14.0244
14/01/2024 00:50,-16.40851064,2.60E-07,14.0143617
14/01/2024 01:00,-16.4,2.70E-07,14.01
14/01/2024 01:16,-16.4,2.70E-07,14.01
14/01/2024 01:32,-16.4,2.70E-07,14.01
14/01/2024 01:48,-16.42920354,2.62E-07,14.01
14/01/2024 02:00,-16.46,2.60E-07,14.01746667
14/01/2024 02:16,-16.484,2.60E-07,14.02
14/01/2024 02:32,-16.49735099,2.60E-07,14.01794702
14/01/2024 02:48,-16.5,2.60E-07,14.01
14/01/2024 03:00,-16.48866667,2.60E-07,14.01013333
14/01/2024 03:16,-16.47124183,2.60E-07,14.02
14/01/2024 03:32,-16.49735099,2.60E-07,14.02
14/01/2024 03:48,-16.46842105,2.60E-07,14.02
14/01/2024 04:00,-16.44934211,2.60E-07,14.02
14/01/2024 04:16,-16.47662338,2.60E-07,14.02
14/01/2024 04:32,-16.42763158,2.60E-07,14.01427632
14/01/2024 04:48,-16.46666667,2.60E-07,14.01947368
14/01/2024 05:00,-16.49078947,2.60E-07,14.02
14/01/2024 05:16,-16.49736842,2.60E-07,14.02
14/01/2024 05:32,-16.49868421,2.60E-07,14.02
14/01/2024 05:48,-16.5,2.60E-07,14.02
14/01/2024 06:00,-16.5,2.60E-07,14.02
14/01/2024 06:16,-16.5,2.60E-07,14.02
14/01/2024 06:32,-16.57434211,2.60E-07,14.02
14/01/2024 06:48,-16.6,2.60E-07,14.01617391
14/01/2024 07:00,-16.6,2.60E-07,14.01
14/01/2024 07:16,-16.6,2.60E-07,14.01
14/01/2024 07:32,-16.55751634,2.60E-07,14.01
14/01/2024 07:48,-16.4245614,2.60E-07,14.01
14/01/2024 08:00,-16.40784314,2.60E-07,14.01882353
14/01/2024 08:16,-16.4,2.60E-07,14.02
14/01/2024 08:32,-16.40723684,2.60E-07,14.02
14/01/2024 08:48,-16.41946903,2.60E-07,14.02
14/01/2024 09:00,-16.41986755,2.60E-07,14.02
14/01/2024 09:16,-16.43486842,2.60E-07,14.02
14/01/2024 09:32,-16.56776316,2.60E-07,14.02
14/01/2024 09:48,-16.59824561,2.60E-07,14.02
14/01/2024 10:00,-16.57763158,2.60E-07,14.02
14/01/2024 10:16,-16.49342105,2.60E-07,14.01493421
14/01/2024 10:32,-16.49671053,2.60E-07,14.01
14/01/2024 10:48,-16.5,2.60E-07,14.01
14/01/2024 11:00,-16.49933775,2.60E-07,14.01
14/01/2024 11:16,-16.58120805,2.60E-07,14.01
14/01/2024 11:32,-16.6,2.60E-07,14.01
14/01/2024 11:48,-16.59912281,2.60E-07,14.01
14/01/2024 12:00,-16.59933333,2.60E-07,14.01
14/01/2024 12:16,-16.59934211,2.60E-07,14.01
14/01/2024 12:32,-16.6,2.60E-07,14.01
14/01/2024 12:48,-16.6,2.60E-07,14.01
14/01/2024 13:00,-16.6,2.68E-07,14.01
14/01/2024 13:16,-16.59605263,2.70E-07,14.01
14/01/2024 13:32,-16.59934211,2.70E-07,14.01
14/01/2024 13:48,-16.6,2.70E-07,14.01
14/01/2024 14:00,-16.59276316,2.67E-07,14.01
14/01/2024 14:16,-16.57763158,2.60E-07,14.01
14/01/2024 14:32,-16.59602649,2.60E-07,14.01
14/01/2024 14:48,-16.6,2.60E-07,14.01
14/01/2024 15:00,-16.6,2.60E-07,14.01
14/01/2024 15:16,-16.6,2.60E-07,14.01
14/01/2024 15:32,-16.6,2.60E-07,14.01
14/01/2024 15:48,-16.6,2.60E-07,14.01
14/01/2024 16:00,-16.6,2.60E-07,14.01
14/01/2024 16:16,-16.6,2.60E-07,14.01
14/01/2024 16:32,-16.6,2.60E-07,14.01
14/01/2024 16:48,-16.6,2.60E-07,14.01
14/01/2024 17:00,-16.6,2.60E-07,14.01
14/01/2024 17:16,-16.6,2.60E-07,14.01
14/01/2024 17:32,-16.6,2.60E-07,14.01
14/01/2024 17:48,-16.6,2.60E-07,14.01
14/01/2024 18:00,-16.6,2.60E-07,14.01
14/01/2024 18:16,-16.6,2.60E-07,14.01
14/01/2024 18:32,-16.6,2.65E-07,14.01
14/01/2024 18:48,-16.59911504,2.62E-07,14.01
14/01/2024 19:00,-16.6,2.60E-07,14.01
14/01/2024 19:16,-16.5986755,2.60E-07,14.01
14/01/2024 19:32,-16.45065789,2.67E-07,14.01
14/01/2024 19:48,-16.46339286,2.70E-07,14.01
14/01/2024 20:00,-16.45466667,2.70E-07,14.01
14/01/2024 20:16,-16.48333333,2.70E-07,14.01
14/01/2024 20:32,-16.49271523,2.70E-07,14.01
14/01/2024 20:48,-16.57053571,2.70E-07,14.01
14/01/2024 21:00,-16.6,2.70E-07,14.01
14/01/2024 21:16,-16.59866667,2.70E-07,14.01
14/01/2024 21:32,-16.59733333,2.70E-07,14.01
14/01/2024 21:48,-16.6,2.70E-07,14.01
14/01/2024 22:00,-16.59934211,2.70E-07,14.01
14/01/2024 22:16,-16.59933333,2.70E-07,14.01
14/01/2024 22:32,-16.6,2.70E-07,14.01
14/01/2024 22:48,-16.6,2.70E-07,14.01
14/01/2024 23:00,-16.52933333,2.70E-07,14.01
14/01/2024 23:16,-16.50133333,2.70E-07,14.01
14/01/2024 23:32,-16.5,2.70E-07,14.01
14/01/2024 23:48,-16.55087719,2.70E-07,14.01
15/01/2024 00:00,-16.536,2.70E-07,14.01
15/01/2024 00:16,-16.6,2.70E-07,14.01
15/01/2024 00:32,-16.50733333,2.70E-07,14.01
15/01/2024 00:48,-16.5,2.70E-07,14.01
15/01/2024 01:00,-16.5,2.70E-07,14.01
15/01/2024 01:16,-16.5,2.70E-07,14.01
15/01/2024 01:32,-16.50066225,2.70E-07,14.01
15/01/2024 01:48,-16.58545455,2.70E-07,14.01
15/01/2024 02:00,-16.598,2.70E-07,14.01
15/01/2024 02:16,-16.58666667,2.70E-07,14.01
15/01/2024 02:32,-16.592,2.70E-07,14.01
15/01/2024 02:48,-16.58899083,2.70E-07,14.01
15/01/2024 03:00,-16.53666667,2.70E-07,14.01
15/01/2024 03:16,-16.53642384,2.70E-07,14.01
15/01/2024 03:32,-16.54733333,2.70E-07,14.01
15/01/2024 03:48,-16.5,2.70E-07,14.01
15/01/2024 04:00,-16.5,2.70E-07,14.01
15/01/2024 04:16,-16.5,2.70E-07,14.01
15/01/2024 04:32,-16.5,2.70E-07,14.01
15/01/2024 04:48,-16.55178571,2.70E-07,14.01
15/01/2024 05:00,-16.6,2.70E-07,14.01
15/01/2024 05:16,-16.6,2.70E-07,14.01
15/01/2024 05:32,-16.53422819,2.70E-07,14.01
15/01/2024 05:48,-16.49823009,2.70E-07,14.01
15/01/2024 06:00,-16.50068027,2.70E-07,14.01
15/01/2024 06:16,-16.59933775,2.70E-07,14.01
15/01/2024 06:32,-16.6,2.70E-07,14.01
15/01/2024 06:48,-16.59821429,2.70E-07,14.01
15/01/2024 07:00,-16.512,2.70E-07,14.01
15/01/2024 07:16,-16.42885906,2.70E-07,14.01
15/01/2024 07:32,-16.422,2.70E-07,14.01
15/01/2024 07:48,-16.4,2.65E-07,14.01
15/01/2024 08:00,-16.4,2.60E-07,14.01
15/01/2024 08:16,-16.4,2.60E-07,14.01
15/01/2024 08:32,-16.4,2.60E-07,14.01
15/01/2024 08:48,-16.4,2.60E-07,14.01
15/01/2024 09:00,-16.4,2.60E-07,14.01
15/01/2024 09:16,-16.4,2.60E-07,14.01
15/01/2024 09:32,-16.4,2.60E-07,14.01
15/01/2024 09:48,-16.4,2.60E-07,14.01
15/01/2024 10:00,-16.4,2.60E-07,14.01
15/01/2024 10:16,-16.4,2.60E-07,14.01
15/01/2024 10:32,-16.4,2.60E-07,14.01
15/01/2024 10:48,-16.4,2.60E-07,14.01
15/01/2024 11:00,-16.4,2.60E-07,14.01
15/01/2024 11:16,-16.4,2.60E-07,14.01
15/01/2024 12:26,-16.4,2.66E-07,14.01
15/01/2024 12:42,-16.4,2.70E-07,14.01
15/01/2024 12:58,-16.4,2.70E-07,14.01
15/01/2024 13:00,-16.4,2.70E-07,14.01
15/01/2024 13:16,-16.4,2.70E-07,14.01
15/01/2024 13:32,-16.47611111,2.70E-07,14.01
15/01/2024 13:48,-16.5,2.70E-07,14.01
15/01/2024 14:00,-16.5,2.70E-07,14.01
15/01/2024 14:16,-16.5017341,2.70E-07,14.01
15/01/2024 14:32,-16.5,2.70E-07,14.01
15/01/2024 14:48,-16.52272727,2.70E-07,14.01
15/01/2024 15:00,-16.50338983,2.70E-07,14.00474576
15/01/2024 15:16,-16.50625,2.70E-07,14
15/01/2024 15:32,-16.51460674,2.70E-07,14
15/01/2024 15:48,-16.50247934,2.70E-07,14
15/01/2024 16:00,-16.5,2.70E-07,14
15/01/2024 16:16,-16.5,2.70E-07,14
15/01/2024 16:32,-16.5,2.78E-07,14
15/01/2024 16:48,-16.5,2.80E-07,14
15/01/2024 17:00,-16.495,2.80E-07,14
15/01/2024 17:16,-16.48626374,2.80E-07,14
15/01/2024 17:32,-16.50388889,2.80E-07,14
15/01/2024 17:48,-16.49925926,2.80E-07,14
15/01/2024 18:00,-16.36777778,2.80E-07,14
15/01/2024 18:16,-16.30055249,2.80E-07,14
15/01/2024 18:32,-16.3,2.80E-07,14
15/01/2024 18:48,-16.3,2.80E-07,14
15/01/2024 19:00,-16.29777778,2.80E-07,13.99816667
15/01/2024 19:16,-16.34388889,2.80E-07,13.99
15/01/2024 19:32,-16.39378531,2.80E-07,13.99
15/01/2024 19:48,-16.32189781,2.80E-07,13.99
15/01/2024 20:00,-16.3,2.80E-07,13.99
15/01/2024 20:16,-16.29833333,2.80E-07,13.99
15/01/2024 20:32,-16.29065934,2.80E-07,13.99
15/01/2024 20:48,-16.29705882,2.80E-07,13.99
15/01/2024 21:00,-16.28888889,2.80E-07,13.99
15/01/2024 21:16,-16.20273224,2.80E-07,13.99
15/01/2024 21:32,-16.2,2.80E-07,13.99
15/01/2024 21:48,-16.20072993,2.80E-07,13.99
15/01/2024 22:00,-16.23828571,2.82E-07,13.99
15/01/2024 22:16,-16.29444444,2.90E-07,13.99
15/01/2024 22:32,-16.29204545,2.90E-07,13.99
15/01/2024 22:48,-16.28823529,2.90E-07,13.99
15/01/2024 23:00,-16.28659218,2.90E-07,13.99
15/01/2024 23:16,-16.29447514,2.90E-07,13.99
15/01/2024 23:32,-16.29888268,2.90E-07,13.99
15/01/2024 23:48,-16.29852941,2.90E-07,13.99
16/01/2024 00:00,-16.3,2.90E-07,13.99
16/01/2024 00:16,-16.29887006,2.90E-07,13.99
16/01/2024 00:32,-16.3,2.90E-07,13.99
16/01/2024 00:48,-16.3,2.90E-07,13.99
16/01/2024 01:00,-16.3,2.90E-07,13.98044444
16/01/2024 01:16,-16.29944444,2.90E-07,13.98
16/01/2024 01:32,-16.25333333,2.90E-07,13.98
16/01/2024 01:48,-16.30072993,2.90E-07,13.98
16/01/2024 02:00,-16.30055249,2.90E-07,13.98
16/01/2024 02:16,-16.33908046,2.90E-07,13.98
16/01/2024 02:32,-16.38988764,2.90E-07,13.98
16/01/2024 02:48,-16.37058824,2.90E-07,13.98
16/01/2024 03:00,-16.3,2.90E-07,13.98
16/01/2024 03:16,-16.3,2.90E-07,13.98
16/01/2024 03:32,-16.29441341,2.90E-07,13.98
16/01/2024 03:48,-16.29259259,2.90E-07,13.98
16/01/2024 04:00,-16.31724138,2.90E-07,13.98
16/01/2024 04:16,-16.35363128,2.90E-07,13.98
16/01/2024 04:32,-16.3575419,2.90E-07,13.98
16/01/2024 04:48,-16.34179104,2.90E-07,13.98
16/01/2024 05:00,-16.32259887,2.94E-07,13.98
16/01/2024 05:16,-16.38994413,3.00E-07,13.98
16/01/2024 05:32,-16.39943182,3.00E-07,13.98
16/01/2024 05:48,-16.39477612,3.00E-07,13.98
16/01/2024 06:00,-16.38813559,3.00E-07,13.98
16/01/2024 06:16,-16.37627119,3.00E-07,13.98
16/01/2024 06:32,-16.31079545,3.00E-07,13.98
16/01/2024 06:48,-16.3037594,3.00E-07,13.98
16/01/2024 07:00,-16.3091954,3.00E-07,13.98
16/01/2024 07:16,-16.3125,3.00E-07,13.98
16/01/2024 07:32,-16.30232558,3.00E-07,13.98
16/01/2024 07:48,-16.3,3.00E-07,13.98
16/01/2024 08:00,-16.3,3.00E-07,13.97226744
16/01/2024 08:16,-16.3,3.00E-07,13.97
16/01/2024 08:32,-16.3,3.00E-07,13.97
16/01/2024 08:48,-16.3,3.00E-07,13.97
16/01/2024 09:00,-16.3,3.00E-07,13.97
16/01/2024 09:16,-16.3,3.00E-07,13.97
16/01/2024 09:32,-16.3,3.00E-07,13.97
16/01/2024 09:48,-16.3,3.00E-07,13.97
16/01/2024 10:00,-16.3,3.00E-07,13.97
16/01/2024 10:16,-16.3,3.00E-07,13.97
16/01/2024 10:32,-16.3,3.00E-07,13.97
16/01/2024 10:48,-16.3,3.00E-07,13.97
16/01/2024 11:00,-16.3,3.00E-07,13.97
16/01/2024 11:16,-16.33058824,3.00E-07,13.97
16/01/2024 11:32,-16.38011696,3.00E-07,13.97
16/01/2024 11:48,-16.3,3.00E-07,13.97
16/01/2024 12:00,-16.3,3.00E-07,13.97
16/01/2024 12:16,-16.3,3.00E-07,13.97
16/01/2024 12:32,-16.3,3.00E-07,13.97
16/01/2024 12:48,-16.3,3.00E-07,13.97
16/01/2024 13:00,-16.3,3.08E-07,13.97
16/01/2024 13:16,-16.3,3.10E-07,13.97
16/01/2024 13:32,-16.3,3.10E-07,13.97
16/01/2024 13:48,-16.3,3.10E-07,13.97
16/01/2024 14:00,-16.3,3.10E-07,13.97
16/01/2024 14:16,-16.3,3.10E-07,13.97
16/01/2024 14:32,-16.35287356,3.10E-07,13.97
16/01/2024 14:48,-16.4,3.10E-07,13.97
16/01/2024 15:00,-16.31988304,3.10E-07,13.97
16/01/2024 15:16,-16.31976744,3.10E-07,13.97
16/01/2024 15:32,-16.30867052,3.10E-07,13.97
16/01/2024 15:48,-16.74765625,3.10E-07,13.97
16/01/2024 16:00,-16.74593023,3.10E-07,13.97
16/01/2024 16:16,-16.7183908,3.10E-07,13.97
16/01/2024 16:32,-16.69075145,3.10E-07,13.96069364
16/01/2024 16:48,-16.6,3.10E-07,13.96
16/01/2024 17:00,-16.60058824,3.10E-07,13.96
16/01/2024 17:16,-16.6,3.10E-07,13.96
17/01/2024 13:39,-16.4,3.03E-07,13.96671233
17/01/2024 13:55,-16.4,3.10E-07,13.95826087
17/01/2024 14:00,-16.4027027,3.20E-07,13.95
17/01/2024 14:16,-16.32837838,3.20E-07,13.95
17/01/2024 14:32,-16.28933333,3.20E-07,13.95
17/01/2024 14:48,-16.3,3.20E-07,13.94727273
17/01/2024 15:00,-16.3,3.20E-07,13.94
17/01/2024 15:16,-16.29864865,3.20E-07,13.94135135
17/01/2024 15:32,-16.28356164,3.20E-07,13.94876712
17/01/2024 15:48,-16.2,3.22E-07,13.94
17/01/2024 16:00,-16.2,3.29E-07,13.94
17/01/2024 16:16,-16.2,3.30E-07,13.94
17/01/2024 16:32,-16.276,3.21E-07,13.94
17/01/2024 16:48,-16.24385965,3.20E-07,13.94
17/01/2024 17:00,-16.1,3.20E-07,13.94
17/01/2024 17:16,-16.1,3.27E-07,13.94
17/01/2024 17:32,-16.10133333,3.30E-07,13.94
17/01/2024 17:48,-16.14385965,3.28E-07,13.94
17/01/2024 18:00,-16.2,3.20E-07,13.94
17/01/2024 18:16,-16.16756757,3.20E-07,13.94
17/01/2024 18:32,-16.18157895,3.28E-07,13.94
17/01/2024 18:48,-16.11964286,3.30E-07,13.94
17/01/2024 19:00,-16.1,3.30E-07,13.94
17/01/2024 19:16,-16.104,3.30E-07,13.94
17/01/2024 19:32,-16.13421053,3.25E-07,13.94
17/01/2024 19:48,-16.18596491,3.20E-07,13.94
17/01/2024 20:00,-16.196,3.20E-07,13.94
17/01/2024 20:16,-16.2,3.20E-07,13.94421053
17/01/2024 20:32,-16.2,3.20E-07,13.95
17/01/2024 20:48,-16.2,3.20E-07,13.95
17/01/2024 21:00,-16.10657895,3.20E-07,13.95
17/01/2024 21:16,-16.11710526,3.20E-07,13.95
17/01/2024 21:32,-16.15064935,3.20E-07,13.95
17/01/2024 21:48,-16.10178571,3.20E-07,13.945
17/01/2024 22:00,-16.1038961,3.20E-07,13.94
17/01/2024 22:16,-16.1,3.20E-07,13.94
17/01/2024 22:32,-16.1,3.20E-07,13.94
17/01/2024 22:48,-16.1,3.20E-07,13.94
17/01/2024 23:00,-16.16493506,3.20E-07,13.94207792
17/01/2024 23:16,-16.19342105,3.20E-07,13.95
17/01/2024 23:32,-16.2,3.20E-07,13.95
17/01/2024 23:48,-16.2,3.20E-07,13.95
18/01/2024 00:00,-16.2,3.20E-07,13.95
18/01/2024 00:16,-16.2,3.20E-07,13.95
18/01/2024 00:32,-16.2,3.20E-07,13.95
18/01/2024 00:48,-16.2,3.20E-07,13.95
18/01/2024 01:00,-16.2,3.20E-07,13.95
18/01/2024 01:16,-16.2,3.20E-07,13.95
18/01/2024 01:32,-16.2,3.20E-07,13.95
18/01/2024 01:48,-16.12982456,3.20E-07,13.95
18/01/2024 02:00,-16.1,3.20E-07,13.95
18/01/2024 02:16,-16.10131579,3.20E-07,13.95
18/01/2024 02:32,-16.1,3.20E-07,13.95
18/01/2024 02:48,-16.10172414,3.20E-07,13.95
18/01/2024 03:00,-16.10131579,3.20E-07,13.95
18/01/2024 03:16,-16.11842105,3.20E-07,13.95
18/01/2024 03:32,-16.12337662,3.20E-07,13.95
18/01/2024 03:48,-16.1754386,3.20E-07,13.95
18/01/2024 04:00,-16.17894737,3.20E-07,13.95
18/01/2024 04:16,-16.1974026,3.20E-07,13.95
18/01/2024 04:32,-16.19210526,3.20E-07,13.95
18/01/2024 04:48,-16.19122807,3.20E-07,13.95
18/01/2024 05:00,-16.1987013,3.10E-07,13.95
18/01/2024 05:16,-16.2,3.10E-07,13.95
18/01/2024 05:32,-16.2,3.10E-07,13.95
18/01/2024 05:48,-16.2,3.10E-07,13.95
18/01/2024 06:00,-16.2,3.10E-07,13.95
18/01/2024 06:16,-16.2,3.10E-07,13.95
18/01/2024 06:32,-16.2,3.10E-07,13.95947368
18/01/2024 06:48,-16.2,3.10E-07,13.96
18/01/2024 07:00,-16.2,3.10E-07,13.96
18/01/2024 07:16,-16.2,3.10E-07,13.96
18/01/2024 07:32,-16.2,3.10E-07,13.96
18/01/2024 07:48,-16.2,3.10E-07,13.96
18/01/2024 08:00,-16.2,3.10E-07,13.96
18/01/2024 08:16,-16.2,3.10E-07,13.96
18/01/2024 08:32,-16.2,3.10E-07,13.96
18/01/2024 08:48,-16.2,3.10E-07,13.96
18/01/2024 09:00,-16.236,3.10E-07,13.96
18/01/2024 09:16,-16.3,3.10E-07,13.96
18/01/2024 09:32,-16.29333333,3.10E-07,13.96
18/01/2024 09:48,-16.2877193,3.10E-07,13.96
18/01/2024 10:00,-16.29459459,3.10E-07,13.96
18/01/2024 10:16,-16.28,3.10E-07,13.96
18/01/2024 10:32,-16.27466667,3.10E-07,13.96
18/01/2024 10:48,-16.24107143,3.10E-07,13.96
18/01/2024 11:00,-16.22837838,3.10E-07,13.96
18/01/2024 11:16,-16.244,3.10E-07,13.96
18/01/2024 11:32,-16.29594595,3.10E-07,13.96
18/01/2024 11:48,-16.28928571,3.10E-07,13.96
18/01/2024 12:00,-16.2,3.10E-07,13.96
18/01/2024 12:16,-16.2,3.10E-07,13.96
18/01/2024 12:32,-16.2,3.10E-07,13.96
18/01/2024 12:48,-16.2,3.10E-07,13.96
18/01/2024 13:00,-16.19864865,3.10E-07,13.96
18/01/2024 13:16,-16.17066667,3.10E-07,13.96
18/01/2024 13:32,-16.10547945,3.10E-07,13.96
18/01/2024 13:48,-16.10175439,3.10E-07,13.96
18/01/2024 14:00,-16.10133333,3.10E-07,13.96
18/01/2024 14:16,-16.1,3.10E-07,13.96
18/01/2024 14:32,-16.1,3.10E-07,13.96
18/01/2024 14:48,-16.1,3.10E-07,13.96
18/01/2024 15:00,-16.1,3.10E-07,13.96
18/01/2024 15:16,-16.1,3.10E-07,13.96
18/01/2024 15:32,-16.1,3.10E-07,13.96
18/01/2024 15:48,-16.1,3.10E-07,13.96
18/01/2024 16:00,-16.1,3.10E-07,13.96
18/01/2024 16:16,-16.1,3.10E-07,13.96
18/01/2024 16:32,-16.1,3.10E-07,13.96
18/01/2024 16:48,-16.1,3.10E-07,13.96
18/01/2024 17:00,-16.1,3.10E-07,13.96
18/01/2024 17:16,-16.1,3.10E-07,13.96
18/01/2024 17:32,-16.1,3.10E-07,13.96
18/01/2024 17:48,-16.1,3.10E-07,13.96
18/01/2024 18:00,-16.1,3.10E-07,13.96
18/01/2024 18:16,-16.1,3.10E-07,13.96
18/01/2024 18:32,-16.116,3.10E-07,13.96
18/01/2024 18:48,-16.12280702,3.06E-07,13.96368421
18/01/2024 19:00,-16.12236842,3.00E-07,13.97
18/01/2024 19:16,-16.16753247,3.00E-07,13.97
18/01/2024 19:32,-16.2,3.00E-07,13.97
18/01/2024 19:48,-16.2,3.00E-07,13.97
18/01/2024 20:00,-16.2,3.00E-07,13.97
18/01/2024 20:16,-16.2,3.00E-07,13.97
18/01/2024 20:32,-16.2,3.00E-07,13.97
18/01/2024 20:48,-16.2,3.00E-07,13.97
18/01/2024 21:00,-16.2,3.00E-07,13.97
18/01/2024 21:16,-16.2,3.00E-07,13.97
18/01/2024 21:32,-16.2,3.00E-07,13.97
18/01/2024 21:48,-16.2,3.00E-07,13.97
18/01/2024 22:00,-16.2,3.00E-07,13.97
18/01/2024 22:16,-16.2,3.00E-07,13.97
18/01/2024 22:32,-16.2,3.00E-07,13.97
18/01/2024 22:48,-16.2,3.00E-07,13.97
18/01/2024 23:00,-16.20131579,3.00E-07,13.97
18/01/2024 23:16,-16.2,3.00E-07,13.97
18/01/2024 23:32,-16.21447368,3.00E-07,13.97
18/01/2024 23:48,-16.22631579,3.00E-07,13.97
19/01/2024 00:00,-16.23766234,3.00E-07,13.97
19/01/2024 00:16,-16.24736842,3.00E-07,13.97
19/01/2024 00:32,-16.26315789,3.00E-07,13.97
19/01/2024 00:48,-16.26666667,3.00E-07,13.97
19/01/2024 01:00,-16.28157895,3.00E-07,13.97
19/01/2024 01:16,-16.27922078,3.00E-07,13.97
19/01/2024 01:32,-16.28571429,3.00E-07,13.97
19/01/2024 01:48,-16.29827586,3.00E-07,13.97
19/01/2024 02:00,-16.29736842,3.00E-07,13.97
19/01/2024 02:16,-16.29605263,3.00E-07,13.97
19/01/2024 02:32,-16.29736842,3.00E-07,13.97
19/01/2024 02:48,-16.29649123,3.00E-07,13.97
19/01/2024 03:00,-16.3,3.00E-07,13.97
19/01/2024 03:16,-16.2987013,3.00E-07,13.97
19/01/2024 03:32,-16.3,3.00E-07,13.97
19/01/2024 03:48,-16.3,3.00E-07,13.97
19/01/2024 04:00,-16.3,3.00E-07,13.97
19/01/2024 04:16,-16.3,3.00E-07,13.97
19/01/2024 04:32,-16.3,3.00E-07,13.97
19/01/2024 04:48,-16.3,3.00E-07,13.97
19/01/2024 05:00,-16.3,3.00E-07,13.97
19/01/2024 05:16,-16.3,3.00E-07,13.97
19/01/2024 05:32,-16.3,3.00E-07,13.97
19/01/2024 05:48,-16.3,3.00E-07,13.97
19/01/2024 06:00,-16.3,3.00E-07,13.97
19/01/2024 06:16,-16.3,3.00E-07,13.97
19/01/2024 06:32,-16.3,3.00E-07,13.97
19/01/2024 06:48,-16.3,3.00E-07,13.97
19/01/2024 07:00,-16.3,3.00E-07,13.97
19/01/2024 07:16,-16.2974026,3.00E-07,13.97
19/01/2024 07:32,-16.29868421,3.00E-07,13.97
19/01/2024 07:48,-16.29824561,3.00E-07,13.97
19/01/2024 08:00,-16.3,3.00E-07,13.97
19/01/2024 08:16,-16.29868421,3.00E-07,13.97
19/01/2024 08:32,-16.29868421,3.00E-07,13.97
19/01/2024 08:48,-16.3,3.00E-07,13.97
19/01/2024 09:00,-16.29864865,3.00E-07,13.97
19/01/2024 09:16,-16.3,3.00E-07,13.97
19/01/2024 09:32,-16.3,3.00E-07,13.97
19/01/2024 09:48,-16.3,3.00E-07,13.97
19/01/2024 10:00,-16.3,3.00E-07,13.97
19/01/2024 10:16,-16.3,3.00E-07,13.97
19/01/2024 10:32,-16.3,3.00E-07,13.97
19/01/2024 10:48,-16.3,3.00E-07,13.97
19/01/2024 11:00,-16.3,3.00E-07,13.97
19/01/2024 11:16,-16.29864865,3.00E-07,13.97
19/01/2024 11:32,-16.3,3.00E-07,13.97
19/01/2024 11:48,-16.3,3.00E-07,13.97
19/01/2024 12:00,-16.3,3.00E-07,13.97
19/01/2024 12:16,-16.29861111,3.00E-07,13.97
19/01/2024 12:32,-16.27,3.00E-07,13.97
19/01/2024 12:48,-16.29454545,3.00E-07,13.97
19/01/2024 13:00,-16.29863014,3.00E-07,13.97
19/01/2024 13:16,-16.2369863,3.00E-07,13.97
19/01/2024 13:32,-16.21891892,3.00E-07,13.97
19/01/2024 13:48,-16.19107143,3.00E-07,13.97
19/01/2024 14:00,-16.18243243,3.00E-07,13.97
19/01/2024 14:16,-16.15135135,3.00E-07,13.97
19/01/2024 14:32,-16.15205479,3.00E-07,13.97
19/01/2024 14:48,-16.10925926,3.00E-07,13.97
19/01/2024 15:00,-16.10266667,3.00E-07,13.97
19/01/2024 15:16,-16.11086957,3.00E-07,13.97
20/01/2024 02:02,-16.30138889,3.00E-07,13.97
20/01/2024 02:18,-16.3,3.00E-07,13.97
20/01/2024 02:34,-16.3,3.00E-07,13.97
20/01/2024 02:50,-16.30319149,3.00E-07,13.97
20/01/2024 03:00,-16.3,3.00E-07,13.97
20/01/2024 03:16,-16.3,3.00E-07,13.97
20/01/2024 03:32,-16.30067568,3.00E-07,13.97
20/01/2024 03:48,-16.30625,3.00E-07,13.97
20/01/2024 04:00,-16.30133333,3.00E-07,13.97
20/01/2024 04:16,-16.30268456,3.00E-07,13.97
20/01/2024 04:32,-16.31208054,3.00E-07,13.97
20/01/2024 04:48,-16.32807018,3.00E-07,13.97
20/01/2024 05:00,-16.34342105,3.00E-07,13.97
20/01/2024 05:16,-16.30197368,3.00E-07,13.97
20/01/2024 05:32,-16.30194805,3.00E-07,13.97
20/01/2024 05:48,-16.30263158,3.00E-07,13.97
20/01/2024 06:00,-16.30588235,3.00E-07,13.97
20/01/2024 06:16,-16.30065359,3.00E-07,13.97
20/01/2024 06:32,-16.3,3.00E-07,13.97
20/01/2024 06:48,-16.3,3.00E-07,13.97
20/01/2024 07:00,-16.3,3.00E-07,13.97
20/01/2024 07:16,-16.3,3.00E-07,13.97
20/01/2024 07:32,-16.3,3.00E-07,13.97
20/01/2024 07:48,-16.3,3.00E-07,13.97
20/01/2024 08:00,-16.3,3.00E-07,13.97
20/01/2024 08:16,-16.3,3.00E-07,13.97
20/01/2024 08:32,-16.3,3.00E-07,13.97
20/01/2024 08:48,-16.3,3.00E-07,13.97
20/01/2024 09:00,-16.29934211,3.00E-07,13.97
20/01/2024 09:16,-16.29868421,3.00E-07,13.97
20/01/2024 09:32,-16.29084967,3.00E-07,13.97
20/01/2024 09:48,-16.25350877,3.00E-07,13.97
20/01/2024 10:00,-16.24868421,3.00E-07,13.97
20/01/2024 10:16,-16.25526316,3.00E-07,13.97
20/01/2024 10:32,-16.2379085,3.00E-07,13.97
20/01/2024 10:48,-16.25350877,3.00E-07,13.97
20/01/2024 11:00,-16.3,3.00E-07,13.97
20/01/2024 11:16,-16.3,3.00E-07,13.97
20/01/2024 11:32,-16.3,3.00E-07,13.97
20/01/2024 11:48,-16.3,3.00E-07,13.97
20/01/2024 12:00,-16.3,3.00E-07,13.97
20/01/2024 12:16,-16.3,3.00E-07,13.97
20/01/2024 12:32,-16.3,3.00E-07,13.97
20/01/2024 12:48,-16.3,3.00E-07,13.97
20/01/2024 13:00,-16.17364865,3.00E-07,13.97
20/01/2024 13:16,-16.10855263,3.00E-07,13.97
20/01/2024 13:32,-16.1,3.00E-07,13.97
20/01/2024 13:48,-16.1,3.00E-07,13.97
20/01/2024 14:00,-16.10065789,3.00E-07,13.97
20/01/2024 14:16,-16.1,3.00E-07,13.97
20/01/2024 14:32,-16.1,3.00E-07,13.97
20/01/2024 14:48,-16.1,3.00E-07,13.97
20/01/2024 15:00,-16.1,3.00E-07,13.97
20/01/2024 15:16,-16.1,3.00E-07,13.97
20/01/2024 15:32,-16.1,3.00E-07,13.97
20/01/2024 15:48,-16.1,3.00E-07,13.97
20/01/2024 16:00,-16.16118421,3.00E-07,13.97
20/01/2024 16:16,-16.10986842,3.00E-07,13.97
20/01/2024 16:32,-16.10198675,3.00E-07,13.97
20/01/2024 16:48,-16.19824561,3.00E-07,13.97
20/01/2024 17:00,-16.20526316,3.00E-07,13.97
20/01/2024 17:16,-16.22763158,3.00E-07,13.97
20/01/2024 17:32,-16.27843137,3.00E-07,13.97
20/01/2024 17:48,-16.30442478,3.00E-07,13.97
20/01/2024 18:00,-16.44473684,3.00E-07,13.97
20/01/2024 18:16,-16.47218543,3.00E-07,13.97
20/01/2024 18:32,-16.442,3.00E-07,13.97
20/01/2024 18:48,-16.4,3.00E-07,13.97
20/01/2024 19:00,-16.4,3.00E-07,13.97
20/01/2024 19:16,-16.4,3.00E-07,13.97
20/01/2024 19:32,-16.34238411,3.00E-07,13.97
20/01/2024 19:48,-16.30175439,3.00E-07,13.97
20/01/2024 20:00,-16.30263158,3.00E-07,13.97
20/01/2024 20:16,-16.3,3.00E-07,13.97
20/01/2024 20:32,-16.3,3.00E-07,13.97
20/01/2024 20:48,-16.3,3.00E-07,13.97
20/01/2024 21:00,-16.3,3.00E-07,13.97
20/01/2024 21:16,-16.3,3.00E-07,13.97
20/01/2024 21:32,-16.3,3.00E-07,13.97
20/01/2024 21:48,-16.3009009,3.00E-07,13.97
20/01/2024 22:00,-16.3,3.00E-07,13.97
20/01/2024 22:16,-16.30065789,3.00E-07,13.97
20/01/2024 22:32,-16.30263158,3.00E-07,13.97
20/01/2024 22:48,-16.30178571,3.00E-07,13.97
20/01/2024 23:00,-16.30394737,3.00E-07,13.97
20/01/2024 23:16,-16.31184211,3.00E-07,13.97
20/01/2024 23:32,-16.30466667,3.00E-07,13.97
20/01/2024 23:48,-16.30263158,3.00E-07,13.97
21/01/2024 00:00,-16.325,3.00E-07,13.97
21/01/2024 00:16,-16.358,3.00E-07,13.97
21/01/2024 00:32,-16.3,3.00E-07,13.97
21/01/2024 00:48,-16.3,3.00E-07,13.97
21/01/2024 01:00,-16.3,3.00E-07,13.97
21/01/2024 01:16,-16.30133333,3.00E-07,13.97
21/01/2024 01:32,-16.3,3.00E-07,13.97
21/01/2024 01:48,-16.3,3.00E-07,13.97
21/01/2024 02:00,-16.3,3.00E-07,13.97
21/01/2024 02:16,-16.3,3.00E-07,13.97
21/01/2024 02:32,-16.3,3.00E-07,13.97
21/01/2024 02:48,-16.3,3.00E-07,13.97
21/01/2024 03:00,-16.3,3.00E-07,13.97
21/01/2024 03:16,-16.3,3.00E-07,13.97
21/01/2024 03:32,-16.3,3.00E-07,13.97
21/01/2024 03:48,-16.30714286,3.00E-07,13.97
21/01/2024 04:00,-16.37785235,3.00E-07,13.97
21/01/2024 04:16,-16.4,3.00E-07,13.97
21/01/2024 04:32,-16.4,3.00E-07,13.97
21/01/2024 04:48,-16.37433628,3.00E-07,13.97
21/01/2024 05:00,-16.3,3.00E-07,13.97
21/01/2024 05:16,-16.3,3.00E-07,13.97
21/01/2024 05:32,-16.334,3.00E-07,13.97
21/01/2024 05:48,-16.4,3.00E-07,13.97
21/01/2024 06:00,-16.4,3.00E-07,13.97
21/01/2024 06:16,-16.4,3.00E-07,13.97
21/01/2024 06:32,-16.4,3.00E-07,13.97
21/01/2024 06:48,-16.4,3.00E-07,13.97
21/01/2024 07:00,-16.34459459,3.00E-07,13.97
21/01/2024 07:16,-16.34161074,3.00E-07,13.97
21/01/2024 07:32,-16.38791946,3.00E-07,13.97
21/01/2024 07:48,-16.4,3.00E-07,13.97
21/01/2024 08:00,-16.4,3.00E-07,13.97
21/01/2024 08:16,-16.4,3.00E-07,13.97
21/01/2024 08:32,-16.40536913,3.00E-07,13.97
21/01/2024 08:48,-16.41428571,3.00E-07,13.97
21/01/2024 09:00,-16.46442953,3.00E-07,13.97
21/01/2024 09:16,-16.4,3.00E-07,13.97
21/01/2024 09:32,-16.4,3.00E-07,13.97
21/01/2024 09:48,-16.4,3.00E-07,13.97
21/01/2024 10:00,-16.4,3.00E-07,13.97
21/01/2024 10:16,-16.4,3.00E-07,13.97
21/01/2024 10:32,-16.4,3.00E-07,13.97
21/01/2024 10:48,-16.4,3.00E-07,13.97
21/01/2024 11:00,-16.4,3.00E-07,13.97
21/01/2024 11:16,-16.4,3.00E-07,13.97
21/01/2024 11:32,-16.39047619,3.00E-07,13.97
21/01/2024 11:48,-16.37053571,3.00E-07,13.97
21/01/2024 12:00,-16.35540541,3.00E-07,13.97
21/01/2024 12:16,-16.38843537,3.00E-07,13.97
21/01/2024 12:32,-16.38231293,3.00E-07,13.97
21/01/2024 12:48,-16.4,3.00E-07,13.97
21/01/2024 13:00,-16.39727891,3.00E-07,13.97
21/01/2024 13:16,-16.39594595,3.00E-07,13.97
21/01/2024 13:32,-16.39455782,3.00E-07,13.97
21/01/2024 13:48,-16.3706422,3.00E-07,13.97
21/01/2024 14:00,-16.36394558,3.00E-07,13.97
21/01/2024 14:16,-16.36197183,3.00E-07,13.97
21/01/2024 14:32,-16.3472973,3.00E-07,13.97
21/01/2024 14:48,-16.37818182,3.00E-07,13.97
21/01/2024 15:00,-16.37027027,3.00E-07,13.97
21/01/2024 15:16,-16.38571429,3.00E-07,13.97
21/01/2024 15:32,-16.38843537,3.00E-07,13.97
21/01/2024 15:48,-16.39909091,3.00E-07,13.97
21/01/2024 16:00,-16.4,3.00E-07,13.97
21/01/2024 16:16,-16.4,3.00E-07,13.97
21/01/2024 16:32,-16.4,3.00E-07,13.97
21/01/2024 16:48,-16.4,3.00E-07,13.97
21/01/2024 17:00,-16.4,3.00E-07,13.97
21/01/2024 17:16,-16.42808219,3.00E-07,13.97
21/01/2024 17:32,-16.5,3.00E-07,13.97
21/01/2024 17:48,-16.5,3.00E-07,13.97
21/01/2024 18:00,-16.5,3.00E-07,13.97
21/01/2024 18:16,-16.5,3.00E-07,13.97
21/01/2024 18:32,-16.5,3.00E-07,13.97
21/01/2024 18:48,-16.5,3.00E-07,13.97
21/01/2024 19:00,-16.5,3.00E-07,13.97
21/01/2024 19:16,-16.5,3.00E-07,13.97
21/01/2024 19:32,-16.5,3.00E-07,13.97
21/01/2024 19:48,-16.5,3.00E-07,13.97
21/01/2024 20:00,-16.5,3.00E-07,13.97
21/01/2024 20:16,-16.5,3.00E-07,13.97
21/01/2024 20:32,-16.5,3.00E-07,13.97
21/01/2024 20:48,-16.5,3.00E-07,13.97
21/01/2024 21:00,-16.5,3.00E-07,13.97
21/01/2024 21:16,-16.5,3.00E-07,13.97
21/01/2024 21:32,-16.5,3.00E-07,13.97
21/01/2024 21:48,-16.5,3.00E-07,13.97
21/01/2024 22:00,-16.5,3.00E-07,13.97
21/01/2024 22:16,-16.5,3.00E-07,13.97
21/01/2024 22:32,-16.5,3.00E-07,13.97
21/01/2024 22:48,-16.55818182,3.00E-07,13.97
21/01/2024 23:00,-16.61418919,3.00E-07,13.97
21/01/2024 23:16,-16.60204082,3.00E-07,13.97
21/01/2024 23:32,-16.60469799,3.00E-07,13.97
21/01/2024 23:48,-16.60181818,3.00E-07,13.97
22/01/2024 00:00,-16.6,3.00E-07,13.97
22/01/2024 00:16,-16.6,3.00E-07,13.97
22/01/2024 00:32,-16.6,3.00E-07,13.97
22/01/2024 00:48,-16.6,3.00E-07,13.97
22/01/2024 01:00,-16.6,3.00E-07,13.97
22/01/2024 01:16,-16.6,3.00E-07,13.97
22/01/2024 01:32,-16.6,3.00E-07,13.97
22/01/2024 01:48,-16.6,3.00E-07,13.97
22/01/2024 02:00,-16.6,3.00E-07,13.97
22/01/2024 02:16,-16.6,3.00E-07,13.97
22/01/2024 02:32,-16.6,3.00E-07,13.97
22/01/2024 02:48,-16.6,3.00E-07,13.97
22/01/2024 03:00,-16.6,3.00E-07,13.97
22/01/2024 03:16,-16.6,3.00E-07,13.97
22/01/2024 03:32,-16.60067568,3.00E-07,13.97
22/01/2024 03:48,-16.6,3.00E-07,13.97
22/01/2024 04:00,-16.6,3.00E-07,13.97
22/01/2024 04:16,-16.6,3.00E-07,13.97
22/01/2024 04:32,-16.6,3.00E-07,13.97
22/01/2024 04:48,-16.58909091,3.00E-07,13.97
22/01/2024 05:00,-16.50472973,3.00E-07,13.97
22/01/2024 05:16,-16.5,3.00E-07,13.97
22/01/2024 05:32,-16.57006803,3.00E-07,13.97
22/01/2024 05:48,-16.59909091,3.00E-07,13.97
22/01/2024 06:00,-16.6,3.00E-07,13.97
22/01/2024 06:16,-16.6,3.00E-07,13.97
22/01/2024 06:32,-16.6027027,3.00E-07,13.97
22/01/2024 06:48,-16.60363636,3.00E-07,13.97
22/01/2024 07:00,-16.6,3.00E-07,13.97
22/01/2024 07:16,-16.6,3.00E-07,13.97
22/01/2024 07:32,-16.6,3.00E-07,13.97
22/01/2024 07:48,-16.6,3.00E-07,13.96723214
22/01/2024 08:00,-16.6,3.00E-07,13.96
22/01/2024 08:16,-16.6,3.02E-07,13.96
22/01/2024 08:32,-16.6,3.10E-07,13.96
22/01/2024 08:48,-16.60090909,3.10E-07,13.96
22/01/2024 09:00,-16.6,3.10E-07,13.96
22/01/2024 09:16,-16.60069444,3.10E-07,13.96
22/01/2024 09:32,-16.6,3.10E-07,13.96
22/01/2024 09:48,-16.6,3.10E-07,13.96
22/01/2024 10:00,-16.6,3.10E-07,13.96
22/01/2024 10:16,-16.6,3.10E-07,13.96
22/01/2024 10:32,-16.6,3.10E-07,13.96
22/01/2024 10:48,-16.6,3.10E-07,13.96
22/01/2024 11:00,-16.6,3.10E-07,13.96
22/01/2024 11:16,-16.6,3.10E-07,13.96
22/01/2024 11:32,-16.6,3.10E-07,13.96
22/01/2024 11:48,-16.6,3.10E-07,13.96
22/01/2024 12:00,-16.56293706,3.10E-07,13.96
22/01/2024 12:16,-16.5739726,3.10E-07,13.96
22/01/2024 12:32,-16.6,3.10E-07,13.96
22/01/2024 12:48,-16.5990566,3.10E-07,13.96
22/01/2024 13:00,-16.59714286,3.10E-07,13.96
22/01/2024 13:16,-16.59014085,3.10E-07,13.96
22/01/2024 13:32,-16.5979021,3.10E-07,13.96
22/01/2024 13:48,-16.6,3.10E-07,13.96
22/01/2024 14:00,-16.59236641,3.10E-07,13.96
22/01/2024 14:16,-16.54014599,3.10E-07,13.96
22/01/2024 14:32,-16.59857143,3.10E-07,13.96
22/01/2024 14:48,-16.59814815,3.10E-07,13.96
22/01/2024 15:00,-16.55357143,3.10E-07,13.96
22/01/2024 15:16,-16.60357143,3.10E-07,13.96
22/01/2024 15:32,-16.64305556,3.10E-07,13.96
22/01/2024 15:48,-16.63796296,3.10E-07,13.96
22/01/2024 16:00,-16.60979021,3.10E-07,13.96
22/01/2024 16:16,-16.61103448,3.10E-07,13.96
22/01/2024 16:32,-16.65352113,3.10E-07,13.96
22/01/2024 16:48,-16.63428571,3.10E-07,13.96
22/01/2024 17:00,-16.60769231,3.10E-07,13.96
22/01/2024 17:16,-16.6,3.10E-07,13.96
22/01/2024 17:32,-16.61292517,3.10E-07,13.96
22/01/2024 17:48,-16.60181818,3.10E-07,13.96
22/01/2024 18:00,-16.60068493,3.10E-07,13.96
22/01/2024 18:16,-16.59863014,3.10E-07,13.96
22/01/2024 18:32,-16.6,3.10E-07,13.96
22/01/2024 18:48,-16.6,3.10E-07,13.96
22/01/2024 19:00,-16.59932432,3.10E-07,13.96
22/01/2024 19:16,-16.6,3.10E-07,13.96
22/01/2024 19:32,-16.6,3.10E-07,13.96
22/01/2024 19:48,-16.6,3.10E-07,13.96
22/01/2024 20:00,-16.6,3.10E-07,13.96
22/01/2024 20:16,-16.6,3.10E-07,13.96
22/01/2024 20:32,-16.56148649,3.10E-07,13.96
22/01/2024 20:48,-16.50363636,3.10E-07,13.96
22/01/2024 21:00,-16.50137931,3.10E-07,13.96
22/01/2024 21:16,-16.53333333,3.07E-07,13.96
22/01/2024 21:32,-16.56689189,3.00E-07,13.96
22/01/2024 21:48,-16.5,3.00E-07,13.96
22/01/2024 22:00,-16.5,3.00E-07,13.96
22/01/2024 22:16,-16.5,3.00E-07,13.96905405
22/01/2024 22:32,-16.5,3.00E-07,13.97
22/01/2024 22:48,-16.5,3.00E-07,13.97
22/01/2024 23:00,-16.5,3.00E-07,13.97
22/01/2024 23:16,-16.5,3.00E-07,13.97
22/01/2024 23:32,-16.5,3.00E-07,13.97
22/01/2024 23:48,-16.5,3.00E-07,13.97
23/01/2024 00:00,-16.5,3.00E-07,13.97
23/01/2024 00:16,-16.5,3.00E-07,13.97
23/01/2024 00:32,-16.53150685,3.00E-07,13.97
23/01/2024 00:48,-16.52181818,3.00E-07,13.97
23/01/2024 01:00,-16.50810811,3.00E-07,13.97
23/01/2024 01:16,-16.54489796,3.00E-07,13.97
23/01/2024 01:32,-16.55167785,3.00E-07,13.97
23/01/2024 01:48,-16.6,3.00E-07,13.97
23/01/2024 02:00,-16.60675676,3.00E-07,13.97
23/01/2024 02:16,-16.6,3.00E-07,13.97
23/01/2024 02:32,-16.6,3.00E-07,13.97
23/01/2024 02:48,-16.6,3.00E-07,13.97
23/01/2024 03:00,-16.6,3.00E-07,13.97
23/01/2024 03:16,-16.6,3.00E-07,13.97
23/01/2024 03:32,-16.6,3.00E-07,13.97
23/01/2024 03:48,-16.6,3.00E-07,13.97
23/01/2024 04:00,-16.6,3.00E-07,13.97
23/01/2024 04:16,-16.6,3.00E-07,13.97
23/01/2024 04:32,-16.6,3.00E-07,13.97
23/01/2024 04:48,-16.6,3.00E-07,13.97
23/01/2024 05:00,-16.6,3.00E-07,13.97
23/01/2024 05:16,-16.6,3.00E-07,13.97
23/01/2024 05:32,-16.6,3.00E-07,13.97
23/01/2024 05:48,-16.6,3.00E-07,13.97
23/01/2024 06:00,-16.6,3.00E-07,13.97
23/01/2024 06:16,-16.6,3.00E-07,13.97
23/01/2024 06:32,-16.6,3.00E-07,13.97
23/01/2024 06:48,-16.6,3.00E-07,13.97
23/01/2024 07:00,-16.60201342,3.00E-07,13.97
23/01/2024 07:16,-16.6,3.00E-07,13.97
23/01/2024 07:32,-16.6,3.00E-07,13.97
23/01/2024 07:48,-16.6,3.00E-07,13.97
23/01/2024 08:00,-16.59194631,3.00E-07,13.97
23/01/2024 08:16,-16.6,3.00E-07,13.97
23/01/2024 08:32,-16.5722973,3.00E-07,13.97
23/01/2024 08:48,-16.58558559,3.00E-07,13.97
23/01/2024 09:00,-16.53087248,3.00E-07,13.97
23/01/2024 09:16,-16.5,3.00E-07,13.97
26/01/2024 04:31,-16.95438596,2.90E-07,13.99
26/01/2024 04:47,-16.93191489,2.90E-07,13.99
26/01/2024 05:00,-17,2.90E-07,13.99
26/01/2024 05:16,-17,2.90E-07,13.99
26/01/2024 05:32,-16.96609195,2.90E-07,13.99
26/01/2024 05:48,-16.90930233,2.90E-07,13.99
26/01/2024 06:00,-16.91724138,2.90E-07,13.99
26/01/2024 06:16,-16.9005814,2.90E-07,13.99
26/01/2024 06:32,-16.9,2.90E-07,13.99
26/01/2024 06:48,-16.90697674,2.90E-07,13.99
26/01/2024 07:00,-16.93672316,2.90E-07,13.99
26/01/2024 07:16,-16.90497238,2.90E-07,13.99
26/01/2024 07:32,-16.93076923,2.90E-07,13.99
26/01/2024 07:48,-16.9,2.90E-07,13.99
26/01/2024 08:00,-16.89944444,2.90E-07,13.99
26/01/2024 08:16,-16.89166667,2.90E-07,13.99
26/01/2024 08:32,-16.92666667,2.90E-07,13.99
26/01/2024 08:48,-17,2.90E-07,13.99
26/01/2024 09:00,-17,2.90E-07,13.99
26/01/2024 09:16,-17,2.90E-07,13.99
26/01/2024 09:32,-17,2.90E-07,13.99
26/01/2024 09:48,-17.00390625,2.90E-07,13.99
26/01/2024 10:00,-17.01059603,2.90E-07,13.99
26/01/2024 10:16,-17.01149425,2.90E-07,13.99
26/01/2024 10:32,-17.00169492,2.90E-07,13.99
26/01/2024 10:48,-17,2.90E-07,13.99
26/01/2024 11:00,-17.00238095,2.90E-07,13.99
26/01/2024 11:16,-17.03393939,2.90E-07,13.99
26/01/2024 11:32,-17.00700637,2.90E-07,13.99
26/01/2024 11:48,-17.00465116,2.90E-07,13.99
26/01/2024 12:00,-17.00779221,2.90E-07,13.99
